"","PLOT_ID","Hoja Ã¡rboles","INVENTORY_ID_IFN2","T_IFN2","N_IFN2","N_muerto_IFN2","N_incorporado_IFN2","G_IFN2","G_muerta_IFN2","G_incorporada_IFN2","dg_IFN2","Do_IFN2","Seccion_domi.nte_IFN2","Ho_IFN2","d_copa_IFN2","Do_copa_IFN2","FCC_IFN2","Esbeltez (hq/dq).x","Esbeltez (h100/d100).x","SDI_IFN2","Hart_IFN2","Hart_tresbolillo_IFN2","SI_IFN2","VOB_IFN2","VUB_IFN2","VBARK_IFN2","V_muerto_IFN2","V_incorporado_IFN2","V_sierra_gruesa_IFN2","V_sierra_IFN2","V_sierra_canter_IFN2","V_trituracion_IFN2","WSW_IFN2","WB2_t_IFN2","WTBL_IFN2","WR_IFN2","WT_IFN2","WT_muerta_IFN2","WT_incorporada_IFN2","INVENTORY_ID_IFN3","Nombre_modelo","T_IFN3","N_IFN3","G_IFN3","dg_IFN3","Do_IFN3","Seccion_domi.nte_IFN3","Ho_IFN3","d_copa_IFN3","Do_copa_IFN3","FCC_IFN3","Esbeltez (hq/dq).y","Esbeltez (h100/d100).y","SDI_IFN3","Hart_IFN3","SI_IFN3","VOB_IFN3","VUB_IFN3","VBARK_IFN3","V_sierra_gruesa_IFN3","V_sierra_IFN3","V_sierra_canter_IFN3","V_trituracion_IFN3","WSW_IFN3","WB2_t_IFN3","WTBL_IFN3","WR_IFN3","WT_IFN3","G_incorporada_IFN3","N_incorporado_IFN3","V_incorporado_IFN3","WT_incorporada_IFN3","G_cortada_IFN3","N_cortado_IFN3","V_cortado_IFN3","WT_cortada_IFN3","G_muerta_IFN3","N_muerto_IFN3","V_muerto_IFN3","WT_muerta_IFN3"
"1","16_2992","Nodo 3 - Pies inventariados","IFN2",20,50.84,0.23,0,3.81,0.02,0,30.88,15.44,380.62,5.12,4.63,4.66,0.08,33.15,33.15,71.7,274.02,294.45,27.76,13.71,9.31,4.4,0.03,0,0,2.62,7.51,12.74,6.53,0.7,1.46,2.59,11.28,0.02,0,"IFN3","Ppi.ster_me__sim__v01",20,178.4,3.09,14.86,15.72,260.05,6.29,3.17,3.22,0.04,39.75,40.04,76.44,118.98,16.85,6.1,4.04,2.06,0,0,2.48,5.58,2.8,0.22,0.61,0.92,4.55,0.80097012,127.32,0,0,.,.,.,.,.,.,.,.
"2","19_1047","Nodo 7 - Pies inventariados","IFN2",35,1166.12,5.66,156.73,36.66,0.12,5.67,20.01,28.24,632.52,8.11,2.96,3.02,0.83,37.45,28.71,811.18,36.11,38.8,16.89,127.65,83.99,43.66,0.28,19.62,0,0,38.36,114.47,63.37,5.81,15.92,24.04,109.14,0.22,12.88,"IFN3","Ppi.ster_me__sim__v01",35,657.84,18.72,19.03,25.68,525.83,8.54,2.91,2.96,0.45,39.03,33.25,421.94,45.66,16.08,66.59,43.73,22.86,0,0,14.2,59.84,32.58,2.81,8.01,11.82,55.22,4.42772865,187.45,15.2922489,12.4180695,0,0,0,0,.,.,.,.
"3","19_1051","Nodo 11 - Pies inventariados","IFN2",30,656.14,2.32,120.87,26.1,0.06,4.87,22.51,27.92,614.17,8.08,3.42,3.46,0.62,32.53,28.96,552.91,48.29,51.89,19.14,89.87,59.57,30.29,0.15,16.66,0,0,42.22,80.87,45.55,4.58,11.7,18.45,80.29,0.13,10.7,"IFN3","Ppi.ster_me__sim__v01",30,481,15.98,20.57,25.56,516.25,8.65,3.18,3.22,0.39,34.34,33.86,349.95,52.7,17.26,55.06,36.35,18.71,0,0,23.78,49.21,27.52,2.58,6.98,10.62,47.7,3.3719369,106.11,13.1554819,10.829103,0,0,0,0,.,.,.,.
"4","19_1052","Nodo 15 - Pies inventariados","IFN2",35,2031.25,17.49,237.9,52.29,0.3,6.85,18.1,27.32,588.59,8.72,2.59,2.67,1.14,37.6,31.9,1200.72,25.46,27.36,18.16,176.14,115.44,60.7,0.48,24.17,0,0,53.27,156.6,87.49,7.65,22.16,32.35,149.66,0.41,15.23,"IFN3","Ppi.ster_me__sim__v01",35,1145.92,25.86,16.95,25.95,536.95,7.71,2.48,2.62,0.62,37.51,29.7,608.51,38.34,15.17,81.08,52.98,28.11,0,2.51,27.15,71.32,41.24,3.77,10.91,15.89,71.8,4.64611932,201.6,13.758169,12.4377362,0,0,0,0,.,.,.,.
"5","19_1062","Nodo 19 - Pies inventariados","IFN2",30,1209.06,6.16,196.63,28.93,0.08,4.82,17.45,23.56,436.49,8.87,2.62,2.68,0.68,39.35,37.63,673.33,32.44,34.86,19.44,97.17,63.37,33.79,0.15,17.01,0,0,25.3,86.31,47.88,3.93,12.04,17.03,80.89,0.12,9.35,"IFN3","Ppi.ster_me__sim__v01",30,622.47,17.83,19.09,25.05,493.12,8.4,2.92,2.97,0.43,39.34,33.53,401.32,47.73,17.47,64.04,42.06,21.98,0,0,18.46,57.37,31.22,2.66,7.62,11.23,52.74,10.1691498,392.58,36.0172099,29.3477763,0,0,0,0,.,.,.,.
"6","19_1064","Nodo 23 - Pies inventariados","IFN2",35,1170.43,8.05,163.42,41.12,0.2,5.37,21.15,26.98,573.34,8.82,3.08,3.14,0.91,39.31,32.7,891.38,33.13,35.6,18.33,161.81,107.26,54.55,0.39,20.71,0,0,72.11,147.49,77.52,6.87,18.16,28.04,130.58,0.3,12.39,"IFN3","Ppi.ster_me__sim__v01",35,495.15,16.2,20.41,26.88,571.22,10.5,3.52,3.57,0.37,45.85,39.07,355.76,42.8,18.31,72.77,48.73,24.04,0,2.27,43.14,67.53,33.25,2.89,7.1,11.44,54.68,8.2724509,318.33,35.5788436,26.6098205,0,0,0,0,.,.,.,.
"7","19_1065","Nodo 27 - Pies inventariados","IFN2",30,672.92,1.74,197.2,17.35,0.03,4.87,18.12,22.89,412.31,9.25,2.77,2.81,0.42,46.6,40.43,398.37,41.65,44.76,19.44,69.93,45.83,24.1,0.07,19.44,0,0,18.59,63.01,32.35,2.4,7.27,10.36,52.38,0.05,9.35,"IFN3","Ppi.ster_me__sim__v01",30,1641.06,27.32,14.56,25.31,505.31,11.28,2.38,2.53,0.52,53.24,44.56,680.16,21.89,20.87,104.11,68.63,35.48,0,0,44.37,94.45,46.22,3.31,9.65,14.03,73.22,17.88565586,1135.29,71.4777127,49.9619549,0,0,0,0,.,.,.,.
"8","19_1067","Nodo 31 - Pies inventariados","IFN2",35,1631.33,9.17,208.11,43.24,0.16,6.58,18.37,27.02,573.75,7.98,2.7,2.76,0.98,35.81,29.52,987.65,31.04,33.35,16.8,137.26,89.71,47.55,0.31,21.86,0,0,34.56,121.77,69.63,6.26,18.31,26.61,120.81,0.26,14.4,"IFN3","Ppi.ster_me__sim__v01",35,541.13,18.48,20.85,24.84,485.5,8,3.21,3.25,0.45,35.41,32.23,402.64,53.7,15.54,64.5,42.55,21.96,0,0,29.84,58.29,32.15,2.98,8.09,12.31,55.53,4.82697839,134.41,17.3430484,15.0213942,0,0,0,0,.,.,.,.
"9","19_1074","Nodo 35 - Pies inventariados","IFN2",30,630.74,2.66,155.93,18.44,0.05,4.3,19.29,24.35,466.57,6.61,2.99,3.05,0.46,29.02,27.13,413.56,60.26,64.76,16.32,49.88,32.58,17.3,0.06,11.71,0,0,8.09,43.56,26.98,2.79,7.91,11.72,49.4,0.06,7.87,"IFN3","Ppi.ster_me__sim__v01",30,717.97,21.46,19.51,24.81,485.86,7.51,3,3.04,0.52,32.82,30.27,479.36,49.7,16.28,66.21,43.38,22.83,0,0,18.15,58.21,34.17,3.24,9.22,13.64,60.27,10.78106303,389.05,33.4389841,29.9619161,.,.,.,.,.,.,.,.
"10","19_2185","Nodo 39 - Pies inventariados","IFN2",21,612.26,1.3,104.26,11.34,0.01,1.7,15.36,15.59,190.98,6.19,2.46,2.46,0.29,39.06,39.69,276.76,65.29,70.16,21.05,32.89,21.07,11.81,0.03,4.77,0,0,0,27.64,16.64,1.24,4.46,5.77,28.11,0.03,2.13,"IFN3","Ppi.ster_me__sim__v01",20,222.82,2.83,12.72,13.26,138.18,6.78,2.1,2.1,0.08,53.56,51.13,74.16,98.8,19.52,9.41,5.97,3.44,0,0,0,8.18,4.4,0.25,1.05,1.24,6.94,.,.,.,.,.,.,.,.,.,.,.,.
"11","19_2197","Nodo 43 - Pies inventariados","IFN2",31,271.19,1.21,46.04,16.36,0.05,1.6,27.72,32.04,807.85,8.8,4.24,4.3,0.39,30.24,27.48,320.81,68.97,74.12,19.99,64.05,43.3,20.76,0.11,5.47,0,8.3,30.63,59,32.03,3.69,7.87,13.8,57.39,0.1,3.33,"IFN3","Ppi.ster_me__sim__v01",30,173.3,10.53,27.82,31.25,769.41,9.63,4.28,4.36,0.26,31.93,30.83,206.21,78.86,18.91,44.24,29.99,14.25,0,10.04,20.73,40.88,21.63,2.41,5.08,8.97,38.09,.,.,.,.,.,.,.,.,.,.,.,.
"12","19_2200","Nodo 47 - Pies inventariados","IFN2",21,924.85,3.97,196.71,22.71,0.05,5,17.68,23.64,440.35,8.19,2.71,2.75,0.55,35.1,34.65,526.17,40.14,43.13,24.44,70.62,46.05,24.58,0.08,16.43,0,0,21.02,62.11,35.81,3.11,9.48,13.46,61.86,0.07,8.75,"IFN3","Ppi.ster_me__sim__v01",20,523.44,9.77,15.42,19.95,313.84,9.92,2.36,2.42,0.24,58.07,49.74,238.12,44.05,23.6,43.33,28.23,15.1,0,0,12.12,38.71,18.95,1.18,3.92,5.27,29.32,.,.,.,.,.,.,.,.,.,.,.,.
"13","19_241","Nodo 51 - Pies inventariados","IFN2",30,823.98,3.09,158.62,18.71,0.04,2.91,17,21.79,372.93,9.92,2.6,2.64,0.45,46.22,45.52,439.72,35.13,37.75,20.49,72.01,46.97,25.03,0.09,10.59,0,0,14.58,64.31,33.53,2.41,7.68,10.62,54.25,0.07,4.62,"IFN3","Ppi.ster_me__sim__v01",30,891.27,18.32,16.18,21.63,367.79,10.5,2.44,2.49,0.43,55.36,48.53,438.7,31.9,20.08,80.61,52.63,27.98,0,0,19.34,73.3,35.56,2.29,7.45,10.16,55.46,10.37883993,604.77,43.7748441,29.8094316,.,.,.,.,.,.,.,.
"14","19_242","Nodo 55 - Pies inventariados","IFN2",30,147.87,0.25,84.45,6.22,0,3.16,23.14,24.34,470.18,9.3,3.66,3.69,0.16,39.05,38.22,130.33,88.39,94.99,18.71,26.31,17.56,8.75,0.01,12.89,0,0,17.82,24.25,12.41,1.12,2.81,4.47,20.8,0.01,6.47,"IFN3","Ppi.ster_me__sim__v01",30,120.25,4.85,22.65,23.04,421.43,8.87,3.62,3.64,0.13,38.73,38.49,102.42,102.85,17.93,19.94,13.27,6.66,0,0,10.99,18.24,9.46,0.85,2.17,3.42,15.9,2.99118522,74.28,12.5948814,9.9002974,.,.,.,.,.,.,.,.
"15","19_248","Nodo 59 - Pies inventariados","IFN2",35,209.87,0.44,100.67,9.96,0.01,4.4,24.58,26.83,577.47,11.23,3.77,3.81,0.24,43.88,41.84,204.14,61.48,66.07,18.52,50.59,34.11,16.48,0.05,21.99,0,8.27,24.73,47.06,22.56,1.95,4.6,7.59,36.69,0.04,10.69,"IFN3","Ppi.ster_me__sim__v01",35,113.18,6.71,27.47,27.67,613.45,10.15,4.28,4.32,0.17,37.7,36.69,131.97,92.6,18.21,32.76,22.26,10.49,0,5.62,18.59,30.43,14.99,1.49,3.21,5.58,25.27,3.1663738,56.6,13.925864,11.1998665,.,.,.,.,.,.,.,.
"16","19_259","Nodo 63 - Pies inventariados","IFN2",35,645.19,5.29,134.11,27.53,0.15,4.61,23.31,31.17,770.14,11.53,3.38,3.49,0.62,43.27,36.99,575.64,34.14,36.68,21.26,129.27,86.93,42.34,0.27,20.62,0,12.5,68.69,119.47,59.15,5.39,12.67,20.93,98.14,0.19,10.97,"IFN3","Ppi.ster_me__sim__v01",35,456.24,22.97,25.32,32,814.84,12.5,3.7,3.79,0.51,44.78,39.05,465.72,37.47,20.69,120.73,81.77,38.95,0,18.86,65.11,112.83,53.59,4.82,10.79,18.35,87.55,7.83991981,173.33,41.3390234,29.1442349,0,0,0,0,.,.,.,.
"17","19_262","Nodo 67 - Pies inventariados","IFN2",40,1579.1,16.96,167.2,57.65,0.46,5.19,21.56,28.83,653.14,10.76,3,3.08,1.18,45.46,37.34,1240.82,23.38,25.12,19.04,266.74,177.95,88.79,1.02,23.27,0,2.53,142.2,245.64,121,10.03,25.72,40.41,197.15,0.72,13.14,"IFN3","Ppi.ster_me__sim__v01",40,633.08,27.85,23.67,28.61,644.21,13.35,3.44,3.48,0.6,52.88,46.66,578.98,29.77,20.2,160.32,107.98,52.34,0,4.65,98.15,150.32,67.82,5.18,12.68,20.5,106.17,6.60110235,141.5,38.7731225,25.438021,0,0,0,0,.,.,.,.
"18","19_270","Nodo 71 - Pies inventariados","IFN2",35,91.68,0.28,0,6.75,0.02,0,30.61,27.87,674.81,10.77,4.74,4.77,0.16,38.64,38.64,127.52,96.99,104.22,20.71,36.24,24.82,11.42,0.05,0,0,10.47,17.88,33.92,16.38,1.67,3.33,6.07,27.44,0.05,0,"IFN3","Ppi.ster_me__sim__v01",35,99.03,8.28,32.62,31.68,827.5,11.53,4.95,5.05,0.2,36.39,36.39,152.74,87.15,19.81,44.45,30.64,13.8,0,18.66,16.4,41.75,20.38,2.29,4.2,8.04,34.91,2.2740465,42.45,11.2290155,8.402553,.,.,.,.,.,.,.,.
"19","19_271","Nodo 75 - Pies inventariados","IFN2",35,1539.59,21.55,146.43,59.21,0.61,4.87,22.13,30.32,722.67,12.91,3.01,3.09,1.15,56.95,42.57,1262.12,19.74,21.22,23.37,344.99,231.81,113.18,1.73,27.71,0,20.43,195.32,323.13,144.47,10.64,26.65,42.45,224.21,1.06,13.55,"IFN3","Ppi.ster_me__sim__v01",35,445.63,24.72,26.58,32.14,814.07,15.77,3.77,3.84,0.52,57.78,49.06,492.28,30.04,23.98,171.48,117.12,54.36,0,36.12,105.83,162.25,69.19,5.36,11.75,20.26,106.56,7.28562275,141.5,49.4968415,30.3946245,0,0,0,0,.,.,.,.
"20","19_274","Nodo 79 - Pies inventariados","IFN2",35,580.92,2.47,98.84,27.2,0.08,4.01,24.42,29.02,662.06,10.67,3.64,3.68,0.62,38.03,36.78,559.02,38.87,41.77,20.59,119.03,79.89,39.14,0.23,16.98,0,2.73,68.85,109.69,55.97,5.25,12.52,20.55,94.29,0.18,9.56,"IFN3","Ppi.ster_me__sim__v01",35,311.24,22.24,30.16,33.77,897.8,12.56,4.47,4.5,0.5,39.42,37.18,422.58,45.14,20.62,120.08,82.13,37.95,0,32.81,63.37,112.62,53.97,5.37,10.91,19.72,89.98,11.45047715,169.8,61.1383295,45.566679,0,0,0,0,.,.,.,.
"21","19_561","Nodo 83 - Pies inventariados","IFN2",45,233.04,1.52,0,25.27,0.13,0,37.16,43.83,1528.07,13.72,5.36,5.47,0.55,32.86,31.29,444.39,47.76,51.32,20.85,144.01,100.62,43.39,0.38,0,9.43,86.89,36.15,135.7,65.8,8.21,13.42,27.47,114.89,0.31,0,"IFN3","Ppi.ster_me__sim__v01",45,151.23,13.28,33.44,37.03,1116.65,13.73,4.87,5.04,0.3,40.57,37.06,242.91,59.25,19.43,80.38,55.83,24.55,6.3,44.39,24.2,75.81,35.61,4,6.89,13.66,60.16,1.78758764,10.18,10.5210809,8.8725317,0,0,0,0,1.19897244,31.83,6.222765,4.2286155
"22","19_564","Nodo 87 - Pies inventariados","IFN2",25,57.9,0.1,26.17,2.89,0,0.94,25.21,14.59,288.88,4.65,4.13,4.13,0.08,31.86,31.86,58.67,282.69,303.77,20.5,10.74,7.17,3.56,0.01,3.04,0,0,5.74,9.87,5.37,0.56,1.33,2.19,9.45,0.01,1.54,"IFN3","Ppi.ster_me__sim__v01",25,42.44,2.22,25.8,10.93,221.88,3.32,4.25,4.26,0.06,30.42,30.42,44.68,461.71,18.65,8.05,5.39,2.66,0,0,4.32,7.35,4.08,0.44,1.03,1.72,7.27,1.34791485,28.3,4.849205,4.3170235,.,.,.,.,.,.,.,.
"23","19_568","Nodo 91 - Pies inventariados","IFN2",30,1195.42,4.97,213.63,33.12,0.09,6.61,18.78,26.27,541.92,6.44,2.82,2.87,0.77,35.19,24.51,750.24,44.92,48.27,17.75,103.19,67.39,35.8,0.18,19.4,0,0,28.28,91.47,52.79,4.85,14.08,20.55,92.27,0.16,13.17,"IFN3","Ppi.ster_me__sim__v01",30,1036.28,27.51,18.39,24.91,488.73,8.21,2.76,2.81,0.64,42.09,32.97,628.13,37.83,17.25,100.59,65.85,34.74,0,0,24.79,89.92,48.34,3.91,11.6,16.74,80.59,11.85104317,484.54,44.4864502,34.7831396,.,.,.,.,.,.,.,.
"24","19_578","Nodo 95 - Pies inventariados","IFN2",35,872.19,6.12,209.86,26.07,0.11,6.47,19.51,27.34,587.74,11.73,2.84,2.94,0.59,48.43,42.89,582.28,28.88,31.03,20.61,121.92,81.06,40.86,0.18,30.56,0,0,52.62,112.23,54.45,4.21,11.36,17.29,87.32,0.13,14.93,"IFN3","Ppi.ster_me__sim__v01",35,498.69,12.82,18.09,24.5,475.21,10.57,2.69,2.8,0.31,54.92,43.12,294.4,42.38,18.48,60.26,39.81,20.44,0,0,25.19,55.13,26.59,1.93,5.47,8.08,42.07,7.08583074,311.24,32.6820265,22.8617979,0,0,0,0,.,.,.,.
"25","19_582","Nodo 99 - Pies inventariados","IFN2",30,1124.86,14.6,163.31,43.23,0.39,5.21,22.12,29.19,669.75,11.28,3.12,3.23,0.92,44.99,38.63,921.57,26.44,28.41,23.57,204.53,137,67.53,0.62,23.8,0,0,120.46,189.38,92.67,7.93,19.56,31.43,151.6,0.44,12.58,"IFN3","Ppi.ster_me__sim__v01",30,364.29,17.9,25.02,29.55,688.04,11.92,3.72,3.78,0.41,46.71,40.36,364.67,43.94,21.65,95.22,64.28,30.94,0,7.06,57.76,88.84,41.89,3.58,8.32,13.87,67.65,7.0838862,127.35,37.5378275,27.1406905,0,0,0,0,.,.,.,.
"26","19_591","Nodo 103 - Pies inventariados","IFN2",40,349.12,6.98,41.33,21.1,0.31,1.7,27.74,38.82,1196.73,12.47,3.87,4.17,0.48,37.12,32.11,413.61,42.94,46.14,20.37,106.72,73.4,33.32,0.22,7.73,0,51.28,32.85,99.78,49.64,5.66,10.56,19.96,85.82,0.17,4.57,"IFN3","Ppi.ster_me__sim__v01",40,422.43,21.34,25.36,37.83,1133.02,12.99,3.42,3.8,0.48,41.46,34.34,432.44,37.45,19.86,112.65,77.29,35.36,0,46.55,43.51,104.98,51.17,5.43,10.52,19.44,86.57,5.0238033,125.35,23.1956505,17.8576634,.,.,.,.,.,.,.,.
"27","19_593","Nodo 107 - Pies inventariados","IFN2",35,2141.26,24.95,210.38,65.42,0.55,6.05,19.72,26.71,560.24,11.39,2.73,2.8,1.32,47.07,42.63,1455.33,18.98,20.4,21.52,292.42,193.69,98.72,1.32,27.36,0,0,125,267.83,132.27,10.2,28.31,42.46,213.24,0.94,14.86,"IFN3","Ppi.ster_me__sim__v01",35,866.51,30.11,21.03,28.31,630.65,11.27,3.07,3.14,0.67,47.14,39.82,654.03,30.13,19.22,140.5,93.6,46.89,0,2.24,63.4,129.23,63.32,5.12,13.34,20.76,102.54,10.59196436,336.01,50.0541771,35.9386846,0,0,0,0,0.68058906,31.83,2.9535057,2.0256612
"28","19_596","Nodo 111 - Pies inventariados","IFN2",30,1636.93,13.01,217.54,48.04,0.26,6.39,19.33,25.53,512.05,8.11,2.8,2.87,1.06,36.82,31.77,1076.71,30.48,32.75,20.14,165.55,108.82,56.73,0.45,22.07,0,0,62.14,148.23,82.21,7.34,20.67,30.75,140.97,0.38,13.64,"IFN3","Ppi.ster_me__sim__v01",30,1488.98,30.23,16.08,23.32,429.16,7.62,2.36,2.47,0.71,40.52,32.65,725.45,34.03,16.7,98.21,63.86,34.35,0,0,23.1,85.86,48.76,4,12.45,17.44,82.66,4.00755308,265.26,11.8972218,10.5681915,.,.,.,.,3.06876213,190.98,10.1053884,7.9839189
"29","19_601","Nodo 115 - Pies inventariados","IFN2",30,1001.87,4.44,210.54,23.03,0.06,4.99,17.11,24.52,472.69,8.99,2.6,2.66,0.56,35.28,36.65,540.04,35.15,37.77,19.26,71.72,46.79,24.93,0.08,16.62,0,0,23.2,62.97,36.21,3.12,9.56,13.51,62.4,0.07,9.24,"IFN3","Ppi.ster_me__sim__v01",30,1202.5,26.13,16.63,27.08,576.73,8.99,2.53,2.67,0.6,39.11,33.2,619.22,32.08,18.12,90.17,59.24,30.93,0,0,28.42,80.16,44.1,3.82,10.87,16.01,74.8,18.00282582,877.12,62.8653376,51.563688,.,.,.,.,.,.,.,.
"30","19_602","Nodo 119 - Pies inventariados","IFN2",30,491.82,1.33,143.01,11.2,0.02,2.94,17.03,20.52,330.7,8.44,2.66,2.69,0.28,47.05,41.14,263.14,53.43,57.42,17.21,42.96,27.98,14.98,0.04,10.71,0,0,11.56,38.55,20.01,1.43,4.59,6.33,32.37,0.03,4.78,"IFN3","Ppi.ster_me__sim__v01",30,951.39,18.53,15.75,22.05,382.1,8.25,2.37,2.46,0.45,44.08,37.43,448.07,39.29,17.39,64.01,41.6,22.42,0,0,17.48,56.28,30.89,2.36,7.55,10.39,51.18,14.01722159,792.22,47.2642394,37.7983058,.,.,.,.,.,.,.,.
"31","19_603","Nodo 123 - Pies inventariados","IFN2",35,356.35,0.91,134.43,14.15,0.03,5.07,22.48,26.53,552.81,8.17,3.49,3.53,0.35,35.19,30.8,299.82,64.84,69.67,16.98,52.73,35.03,17.7,0.06,18.09,0,0,26.52,48.2,25.94,2.48,6.34,10,44.77,0.05,10.67,"IFN3","Ppi.ster_me__sim__v01",35,555.27,18.2,20.43,27.37,595.21,9.71,3.07,3.15,0.43,43.33,35.48,399.64,43.69,17.54,76.67,50.89,25.77,0,4.56,31.59,70.14,35.72,3.03,8,12.34,59.09,11.6112372,403.2,47.6434408,36.4973952,.,.,.,.,.,.,.,.
"32","19_604","Nodo 127 - Pies inventariados","IFN2",25,1194.27,6.64,214.14,34.61,0.12,6.57,19.21,25.81,523.36,8.94,2.84,2.9,0.79,39.64,34.63,777.44,32.37,34.78,22.92,126.72,83.36,43.35,0.25,24.44,0,0,40.31,114.62,61.29,5.22,14.84,21.95,103.3,0.19,13.52,"IFN3","Ppi.ster_me__sim__v01",25,940.78,26.52,18.94,26.48,552.04,9.65,2.78,2.88,0.61,41.62,36.42,598.73,33.8,20.99,105.8,69.96,35.83,0,0,46.76,95.76,49.82,4.15,11.45,17.2,82.62,11.32956806,459.8,42.6474822,34.3814633,.,.,.,.,.,.,.,.
"33","19_606","Nodo 131 - Pies inventariados","IFN2",30,951.31,3.98,191.33,22.29,0.05,4.96,17.27,23.98,452.14,8.68,2.62,2.67,0.53,41.33,36.18,520.87,37.37,40.16,18.89,77.85,50.79,27.06,0.1,17.89,0,0,19.27,68.78,37.81,3.02,9.26,13.08,63.16,0.07,9.61,"IFN3","Ppi.ster_me__sim__v01",30,756.87,19.47,18.1,23.06,419.6,9.77,2.75,2.78,0.46,48.83,42.36,447.17,37.2,19.26,81.7,53.59,28.11,0,0,21.31,74.26,37.23,2.69,8.15,11.62,59.69,9.27521276,410.26,38.1121114,27.5711797,.,.,.,.,.,.,.,.
"34","19_609","Nodo 135 - Pies inventariados","IFN2",30,1609.59,13.42,208.3,45.04,0.24,6.49,18.88,27.65,600.55,9.82,2.72,2.79,0.99,41.09,35.51,1018.44,25.39,27.28,21.97,172.74,113.9,58.84,0.44,26.23,0,0,67.63,155.62,82.32,6.87,19.32,28.7,137.21,0.35,14.79,"IFN3","Ppi.ster_me__sim__v01",30,1542.03,29.99,15.74,26.41,550.12,10.06,2.26,2.39,0.69,47.42,38.08,725.5,25.32,19.34,113.71,74.36,39.34,0,0,33.49,101.13,53.4,4.06,12.38,17.47,87.31,4.93178805,346.6,17.3461514,13.1821315,.,.,.,.,.,.,.,.
"35","19_611","Nodo 139 - Pies inventariados","IFN2",30,258.79,0.45,100.09,9.8,0.01,3.43,21.96,23.11,419.57,9.39,3.46,3.47,0.24,38.76,40.64,209.51,66.18,71.12,18.89,39.19,25.99,13.2,0.03,13.47,0,0,20.24,35.78,18.65,1.62,4.33,6.66,31.26,0.03,6.84,"IFN3","Ppi.ster_me__sim__v01",30,399.66,17.58,23.67,28.95,666.18,11.35,3.52,3.61,0.41,43.5,39.2,365.54,44.08,20.94,84.75,57,27.75,0,7.56,44.84,78.51,38.45,3.42,8.09,13.31,63.26,14.12312952,328.95,69.0320897,51.1109189,.,.,.,.,.,.,.,.
"36","19_613","Nodo 143 - Pies inventariados","IFN2",30,149.25,0.29,57.59,8.41,0.01,2.66,26.79,27.77,611.9,10.48,4.16,4.18,0.2,39.86,37.75,167.01,78.09,83.91,19.79,41.42,28.03,13.39,0.05,12.2,0,4.78,24.8,38.63,18.89,1.77,3.97,6.77,31.41,0.04,6.17,"IFN3","Ppi.ster_me__sim__v01",30,190.99,8.69,24.07,28.43,646.78,12.15,4.19,4.24,0.18,41.24,42.72,179.52,59.57,21.99,42.66,29.06,13.6,0,10.19,24.01,39.99,18.64,1.68,3.62,6.32,30.26,3.85354025,70.75,20.195729,14.6088845,.,.,.,.,.,.,.,.
"37","19_616","Nodo 147 - Pies inventariados","IFN2",35,810.64,3.77,103.53,35.85,0.12,4.18,23.73,27.99,615.49,10.2,3.49,3.52,0.79,40.25,36.44,744.59,34.44,37.01,20.04,159.37,106.68,52.7,0.38,18.13,0,0,96.86,146.94,74.11,6.64,16.32,26.33,123.4,0.29,10.27,"IFN3","Ppi.ster_me__sim__v01",35,679.06,31.44,24.28,30.55,733.71,11.92,3.51,3.58,0.68,46.05,39.03,647.43,32.18,20.06,162.48,109.52,52.96,0,13.84,93.9,151.26,72.04,6.18,14.53,24.04,116.79,10.56231249,215.78,53.9648472,39.5121434,.,.,.,.,.,.,.,.
"38","19_617","Nodo 151 - Pies inventariados","IFN2",35,688.84,4.22,169.62,24.68,0.1,5.47,21.36,27.21,582.22,8.9,3.2,3.29,0.58,33.98,32.71,533.1,42.81,46,18.02,87.1,57.75,29.35,0.13,19.01,0,0,40.34,78.39,43.6,4.26,10.99,17.21,76.06,0.12,11.56,"IFN3","Ppi.ster_me__sim__v01",35,417.34,18.75,23.92,29.47,684.98,9.35,3.63,3.69,0.45,35.62,31.73,388.34,52.36,17.02,74.54,49.87,24.67,0,4.73,40.48,68.15,36.28,3.61,8.61,14.12,62.62,6.22529338,148.56,24.5837875,20.4443098,.,.,.,.,.,.,.,.
"39","42_1858","Nodo 155 - Pies inventariados","IFN2",25,789.83,2.53,187.56,16.12,0.03,3.08,16.12,19.66,303.8,7.14,2.53,2.56,0.41,36.86,36.31,386.47,49.84,53.55,18.93,46,29.62,16.37,0.05,8.19,0,0,5.26,39.96,23.67,1.93,6.5,8.72,40.82,0.04,4.17,"IFN3","Ppi.ster_me__sim__v01",27,700.28,10.15,13.59,20.57,333.68,8.99,2.53,2.6,0.17,56.41,43.67,259.38,42.05,18.78,25.91,16.89,9.01,0,0,6.81,23.5,12.05,0.87,2.75,3.82,19.5,.,.,.,.,.,.,.,.,.,.,.,.
"40","42_1890","Nodo 159 - Pies inventariados","IFN2",30,684.14,3.04,138.98,27.62,0.08,5.19,22.67,30.44,729.77,9.29,3.36,3.44,0.64,38.53,30.5,583.52,41.17,44.24,20.83,111.28,74.22,37.06,0.21,20.22,0,6.45,49.47,101.23,53.54,5.11,12.52,20.19,91.36,0.15,11.88,"IFN3","Ppi.ster_me__sim__v01",32,399.66,.,18.87,30.37,733.01,11.96,4.27,4.33,0.21,51.68,39.36,252.74,41.84,20.8,48.56,33.12,15.44,0,12.86,24.41,45.41,21.72,2.08,4.37,7.73,35.91,.,.,.,.,0,0,0,0,.,.,.,.
"41","42_1902","Nodo 163 - Pies inventariados","IFN2",25,865.93,2.98,200.46,20.86,0.04,4.95,17.51,24.39,468.08,6.74,2.69,2.74,0.51,36.45,27.62,484.99,50.43,54.19,19.88,63.23,41.07,22.15,0.07,14.74,0,0,13.28,56.26,32.38,2.84,8.69,12.3,56.21,0.07,8.72,"IFN3","Ppi.ster_me__sim__v01",27,251.11,5.92,17.33,20.66,339.49,7.94,2.73,2.79,0.15,44.72,38.42,138.2,79.51,18.2,21.79,14.22,7.57,0,0,4.8,19.49,10.38,0.8,2.46,3.48,17.13,.,.,.,.,.,.,.,.,.,.,.,.
"42","42_1927","Nodo 167 - Pies inventariados","IFN2",30,234.7,0.51,107.88,11.34,0.01,4.59,24.8,28.12,624.86,10.63,3.83,3.86,0.28,38.78,37.8,231.65,61.4,65.98,21.48,51.37,34.55,16.81,0.05,20.16,0,0,29.65,47.64,23.87,2.22,5.24,8.67,40,0.04,10.29,"IFN3","Ppi.ster_me__sim__v01",32,155.62,4.77,19.76,21.03,356.74,10.7,3.39,3.43,0.08,53.99,50.9,106.1,74.9,19.66,17.22,11.5,5.71,0,0,10.25,16.06,7.51,0.58,1.5,2.33,11.92,.,.,.,.,.,.,.,.,.,.,.,.
"43","42_1928","Nodo 171 - Pies inventariados","IFN2",30,616.61,2.65,191.31,19.4,0.05,6.52,20.02,28.73,657.32,10.05,3.03,3.11,0.47,34.03,34.99,429.29,40.07,43.06,21.7,68.34,45.32,23.02,0.08,25.26,0,10.8,24.25,61.43,33.92,3.23,8.51,13.12,58.78,0.07,14.27,"IFN3","Ppi.ster_me__sim__v01",32,268.8,.,18.42,20.9,345.03,9.27,3.15,3.18,0.09,47.4,44.34,163.37,65.81,17.92,14.68,9.7,4.98,0,0,6.85,13.51,6.75,0.53,1.49,2.21,10.98,.,.,.,.,0,0,0,0,.,.,.,.
"44","42_1980","Nodo 175 - Pies inventariados","IFN2",27,469.08,1.4,106.19,22.49,0.04,5.14,24.71,31.2,823.35,9.68,3.67,3.77,0.52,36.09,31.04,460.25,47.69,51.25,22.65,95.73,64.61,31.11,0.13,22.1,0,19.67,42.59,87.91,46,4.83,10.57,18.14,79.54,0.11,13.64,"IFN3","Ppi.ster_me__sim__v01",29,807.94,.,14.79,25.77,543.64,11.8,3.63,3.7,0.18,71.09,45.8,343.49,29.81,21.93,42.85,28.92,13.93,0,4.11,22.92,40.09,18.69,1.6,3.66,6.13,30.09,.,.,.,.,0,0,0,0,.,.,.,.
"45","44_1589","Nodo 179 - Pies inventariados","IFN2",35,56.55,0.1,24.82,3.5,0,1.19,28.08,15.88,350.15,4.92,4.56,4.56,0.09,31,31,68.33,270.2,290.35,16.8,13.97,9.42,4.55,0.01,4.24,0,0,10.48,12.71,6.93,0.76,1.67,2.89,12.25,0.01,2.46,"IFN3","Ppi.ster_me__sim__v01",36,14.15,0.8,26.82,3.79,79.93,1.13,4.54,4.54,0.02,29.66,29.66,15.86,2362.56,15.12,2.93,1.97,0.96,0,0,1.53,2.69,1.49,0.17,0.38,0.64,2.67,.,.,.,.,.,.,.,.,.,.,.,.
"46","44_1615","Nodo 183 - Pies inventariados","IFN2",35,444.68,2.22,153.35,18.21,0.07,5.63,22.84,34.76,957.51,8.65,3.34,3.55,0.44,34.93,24.89,383.74,54.81,58.89,17.59,67.2,45.08,22.12,0.09,20.02,0,14.86,16.2,61.14,33.94,3.91,8.53,14.66,61.04,0.08,13.45,"IFN3","Ppi.ster_me__sim__v01",35,908.95,.,17.02,29.41,697.95,8.46,3.9,4.01,0.22,47.19,28.77,486.05,39.19,15.92,35.79,24.11,11.69,0,8.07,14.82,32.77,17.95,2.05,4.43,7.69,32.13,10.95983905,597.71,9.458143,8.214641,0,0,0,0,.,.,.,.
"47","44_164","Nodo 187 - Pies inventariados","IFN2",42,747.31,5.04,80.37,37.61,0.19,3.41,25.31,33.65,891.75,11.5,3.65,3.73,0.82,39.24,34.17,762.69,31.82,34.19,19.05,173.37,117.02,56.35,0.5,15.24,0,30.42,85.08,160.75,80.7,7.85,17.65,29.97,136.17,0.37,9.01,"IFN3","Ppi.ster_me__sim__v01",43,601.25,25.28,23.14,31.64,788.97,10.8,3.38,3.5,0.58,39.95,34.13,529.96,37.76,16.51,110.08,73.9,36.18,0,12.39,53.44,101.4,51.84,4.96,11.63,19.24,87.68,.,.,.,.,.,.,.,.,0.87643905,63.66,3.3701604,2.3095848
"48","44_168","Nodo 191 - Pies inventariados","IFN2",40,1131.05,3.06,179.17,22.66,0.03,2.9,15.97,18.32,263.53,5.64,2.49,2.5,0.56,35.28,30.78,545.03,52.75,56.68,12.37,61.56,39.52,22.04,0.09,7.44,0,0,0,52.84,32.14,2.63,9.06,11.98,55.81,0.08,4.33,"IFN3","Ppi.ster_me__sim__v01",41,477.46,9.23,15.69,18.71,275.04,7.09,2.49,2.52,0.24,40.55,37.88,223.52,64.58,12.82,28.67,18.48,10.19,0,0,0,24.91,14.26,1.08,3.69,4.91,23.95,.,.,.,.,.,.,.,.,.,.,.,.
"49","44_317","Nodo 195 - Pies inventariados","IFN2",40,475.73,1.31,126.9,20.39,0.04,4.81,23.36,26.43,548.51,10.64,3.53,3.56,0.47,41.97,40.26,426,43.09,46.31,18.7,93.35,62.46,30.89,0.12,21.27,0,0,54.08,86.47,42.79,3.7,9.23,14.76,70.48,0.09,11.4,"IFN3","Ppi.ster_me__sim__v01",41,512.83,.,19.36,25.72,523.27,11.48,3.23,3.27,0.17,56.87,44.65,338.14,38.46,17.54,32.59,21.68,10.9,0,0,18.44,30.04,14.63,1.15,3.07,4.71,23.55,.,.,.,.,0,0,0,0,.,.,.,.
