"","PLOT_ID","Hoja_arboles.x","INVENTORY_ID_IFN2","Anho.x","T_IFN2","N_IFN2","N_muerto_IFN2","N_incorporado_IFN2","G_IFN2","G_muerta_IFN2","G_incorporada_IFN2","dg_IFN2","Do_IFN2","Seccion_dominante_IFN2","Ho_IFN2","d_copa_IFN2","Do_copa_IFN2","FCC_IFN2","Esbeltez.x","Esbeltez_dominante.x","SDI_IFN2","Hart_IFN2","Hart_tresbolillo_IFN2","SI_IFN2","VOB_IFN2","VUB_IFN2","VBARK_IFN2","V_muerto_IFN2","V_incorporado_IFN2","V_desenrollo.x","V_chapa.x","V_sierra_gruesa_IFN2","V_sierra_IFN2","V_sierra_canter_IFN2","V_postes.x","V_estacas.x","V_trituracion_IFN2","WSW_IFN2","WTHICKB_IFN2","WB2_7_IFN2","WTBL_IFN2","WR_IFN2","WT_IFN2","WT_muerta_IFN2","WT_incorporada_IFN2","Hoja_arboles.y","INVENTORY_ID_IFN3","Anho.y","T_IFN3","N_IFN3","N_muerto_IFN3.x","N_incorporado_IFN3.x","G_IFN3","G_muerta_IFN3.x","G_incorporada_IFN3.x","dg_IFN3","Do_IFN3","Seccion_dominante_IFN3","Ho_IFN3","d_copa_IFN3","Do_copa_IFN3","FCC_IFN3","Esbeltez.y","Esbeltez_dominante.y","SDI_IFN3","Hart_IFN3","Hart_tresbolillo_IFN3","SI_IFN3","VOB_IFN3","VUB_IFN3","VBARK_IFN3","V_muerto_IFN3.x","V_incorporado_IFN3.x","V_desenrollo.y","V_chapa.y","V_sierra_gruesa_IFN3","V_sierra_IFN3","V_sierra_canter_IFN3","V_postes.y","V_estacas.y","V_trituracion_IFN3","WSW_IFN3","WTHICKB_IFN3","WB2_7_IFN3","WTBL_IFN3","WR_IFN3","WT_IFN3","WT_muerta_IFN3.x","WT_incorporada_IFN3.x","G_incorporada_IFN3.y","N_incorporado_IFN3.y","V_incorporado_IFN3.y","WT_incorporada_IFN3.y","G_cortada_IFN3","N_cortado_IFN3","V_cortado_IFN3","WT_cortada_IFN3","G_muerta_IFN3.y","N_muerto_IFN3.y","V_muerto_IFN3.y","WT_muerta_IFN3.y"
"1","40_1022","Nodo 3 - Pies inventariados","IFN2",10,35,944.32,0,0,41.97,NA,0,23.79,33.15,868.61,15.44,3.58,3.69,1.01,60.36,46.57,865.77,21.08,22.65,11.87,267.54,248.31,19.22,0,0,0,0,0,21.09,149.05,121.85,61.5,251.78,117.98,0,15.94,25.13,69.48,228.53,NA,0,"Nodo 1 - Pies inventariados","IFN3",2004,37,802.85,0,0,32.94,NA,NA,22.85,34.35,935.28,14.53,3.5,3.7,0.86,58.33,42.29,686.19,24.29,26.1,14.44,196.56,183.4,13.16,NA,NA,0,0,0,26.65,96.65,75.22,49.12,184.45,87.14,0.02,13.34,21.2,54.52,176.22,NA,NA,NA,NA,NA,NA,NA,NA,NA,NA,0.61619697,31.83,3.6088854,3.0926028
"2","40_1033","Nodo 3 - Pies inventariados","IFN2",10,35,1064.57,0,0,34.18,NA,0,20.22,26.69,561.92,12.11,3.36,3.43,0.98,53.47,45.39,734.25,25.3,27.19,8.71,169.39,154.78,14.61,0,0,0,0,0,0,75.17,28.09,65.6,156.58,73.54,0,14.46,27.17,56.57,171.75,NA,0,"Nodo 1 - Pies inventariados","IFN3",2004,37,700.28,0,0,22.43,NA,NA,20.19,26.48,555.81,11.66,3.48,3.54,0.69,55.19,44.04,482.01,32.4,34.82,11.47,113.31,103.28,10.03,NA,NA,0,0,0,2.26,44.83,12.33,46.44,104.8,49.07,0,9.32,17.43,37.13,112.95,NA,NA,NA,NA,NA,NA,0,0,0,NA,NA,NA,NA,NA
"3","40_1062","Nodo 3 - Pies inventariados","IFN2",10,38,1018.59,0,0,24.89,NA,0,17.64,24.03,453.94,10.03,3.16,3.21,0.82,49.49,41.73,553.22,31.25,33.58,6.87,100.11,90.38,9.72,0,0,0,0,0,0,26.24,0,55.53,90.57,42.94,0,11.52,24.66,41.2,120.32,NA,0,"Nodo 1 - Pies inventariados","IFN3",2004,40,679.06,0,0,16.67,NA,NA,17.68,22.88,415.29,9.74,3.23,3.31,0.58,49.6,42.57,370.29,39.4,42.34,9.72,65.97,59.69,6.27,NA,NA,0,0,0,0,10.24,0,34.38,59.49,28.36,0,7.94,16.82,27.59,80.71,NA,NA,NA,NA,NA,NA,NA,NA,NA,NA,NA,NA,NA,NA
"4","40_1089","Nodo 3 - Pies inventariados","IFN2",10,42,364.29,0,0,14.22,NA,0,22.3,25.72,520.89,10.8,4.11,4.14,0.45,47.18,41.99,298.19,48.51,52.13,7.79,63.74,59.02,4.71,0,0,0,0,0,0,34.29,8.99,18.14,58.96,28.04,0,6.17,11.07,22.21,67.49,NA,0,"Nodo 1 - Pies inventariados","IFN3",2004,44,275.87,0,0,10.5,NA,NA,22.02,24.85,491.34,10.52,4.07,4.12,0.33,47.26,42.33,220.88,57.25,61.52,10.59,42.58,39.4,3.18,NA,NA,0,0,0,0,21.57,2.71,14.08,39.34,18.72,0,4.41,8.02,15.42,46.57,NA,NA,NA,NA,NA,NA,NA,NA,NA,NA,NA,NA,NA,NA
"5","40_1141","Nodo 3 - Pies inventariados","IFN2",10,29,827.61,0,0,36.45,NA,0,23.68,28.98,660.42,13.6,3.77,3.81,0.94,56.78,46.94,752.65,25.56,27.46,10.19,217.36,200.66,16.7,0,0,0,0,0,2.26,132.48,96.36,53.06,203.93,95.34,0,14.21,23.43,60.33,193.31,NA,0,"Nodo 1 - Pies inventariados","IFN3",2004,31,650.77,0,0,29.92,NA,NA,24.19,31.2,766.88,14.38,3.85,3.91,0.78,58.3,46.09,614.53,27.26,29.29,14.51,187.56,173.81,13.75,NA,NA,0,0,0,14.03,113.51,88.49,43.08,176.7,82.58,0,11.44,18.24,49.52,161.78,NA,NA,NA,NA,NA,NA,NA,NA,NA,NA,NA,NA,NA,NA
"6","40_1145","Nodo 3 - Pies inventariados","IFN2",10,38,445.63,0,0,24.92,NA,0,26.68,33.27,873.1,13.23,4.37,4.45,0.69,50.23,39.78,499.44,35.79,38.46,9.81,144.09,135.88,8.21,0,0,0,0,0,19.7,84.41,76.78,23.08,135.9,64.56,0,10.88,16.66,41.25,133.34,NA,0,"Nodo 1 - Pies inventariados","IFN3",2004,40,205.13,0,0,12.58,NA,NA,27.95,32.66,846.96,12.25,4.83,4.97,0.4,45.92,37.49,249.31,57.02,61.27,12.48,68.09,64.98,3.11,NA,NA,0,0,0,17.6,35.88,32.79,10.02,63.8,30.87,0,6.11,9.15,20.83,66.96,NA,NA,NA,NA,NA,NA,0,0,0,NA,NA,NA,NA,NA
"7","40_1396","Nodo 3 - Pies inventariados","IFN2",10,28,29.43,0,0,4.04,NA,0,41.79,40.54,1371.38,11.1,7.82,8.04,0.15,27.39,27.39,72.3,166.05,178.44,8.12,18.8,19.23,-0.42,0,0,0,0,0,10.53,4.5,3.09,0.36,17.69,9.13,1,2.84,3.5,6.68,23.16,NA,0,"Nodo 1 - Pies inventariados","IFN3",2004,30,10.19,0,0,2.4,NA,NA,54.73,54.69,2352.43,9.96,11.05,11.06,0.1,18.21,18.21,40.13,314.64,338.1,9.96,9.25,9.83,-0.57,NA,NA,0,0,2.2,6.84,0,0,0,8.62,4.67,1.29,2.23,2.54,3.97,14.7,NA,NA,NA,NA,NA,NA,0,0,0,NA,NA,NA,NA,NA
"8","40_1808","Nodo 3 - Pies inventariados","IFN2",10,35,2419.16,0,0,42.97,NA,0,15.04,20.37,326.59,10.16,2.56,2.6,1.29,59.76,49.87,994.02,20.01,21.5,7,181.85,159.81,22.04,0,0,0,0,0,0,10.18,0,128.08,163.29,75.93,0,17.22,39.97,71.13,204.25,NA,0,"Nodo 1 - Pies inventariados","IFN3",2004,37,1114.08,0,0,18.99,NA,NA,14.73,20.88,343.18,10.24,2.7,2.78,0.68,47.7,49.04,441.63,29.26,31.44,10.19,70.16,62.74,7.43,NA,NA,0,0,0,0,12.61,0,39.15,62.29,29.81,0,9.37,24.25,31.44,94.87,NA,NA,NA,NA,NA,NA,0,0,0,NA,NA,NA,NA,NA
"9","42_1194","Nodo 3 - Pies inventariados","IFN2",10,32,2005.35,0,0,27.07,NA,0,13.11,22.55,400.34,11.03,2.86,2.91,0.66,59.9,48.92,647.99,20.25,21.76,7.87,92.52,82.28,10.24,0,0,0,0,0,0,15.76,0,56.04,83.4,39.09,0,8.29,18.02,34.12,99.53,NA,0,"Nodo 1 - Pies inventariados","IFN3",2004,34,1779,0,0,21.71,NA,NA,12.47,21.16,354.82,10.76,2.64,2.73,0.44,68.36,50.87,526.33,22.03,23.67,10.66,62.98,55.5,7.48,NA,NA,0,0,0,0,12.23,0,39.86,56.66,26.37,0,5.17,11.38,22.46,65.38,NA,NA,NA,NA,NA,NA,NA,NA,NA,NA,NA,NA,NA,NA
"10","42_124","Nodo 3 - Pies inventariados","IFN2",10,22,222.82,0,0,5.6,NA,0,17.89,18.58,271.34,8.68,3.6,3.6,0.19,46.12,46.72,124,77.17,82.92,5.87,19.51,17.6,1.91,0,0,0,0,0,0,0,0,12.79,17.74,8.36,0,2.3,4.96,8.19,23.82,NA,0,"Nodo 1 - Pies inventariados","IFN3",2004,24,222.82,0,0,6.45,NA,NA,19.2,20.71,337.67,10.14,3.69,3.7,0.24,51.71,48.99,140.39,66.04,70.97,10.04,29.26,26.48,2.78,NA,NA,0,0,0,0,6.64,0,14.77,26.76,12.58,0,2.77,5.57,10.68,31.6,NA,NA,NA,NA,NA,NA,NA,NA,NA,NA,NA,NA,NA,NA
"11","42_586","Nodo 3 - Pies inventariados","IFN2",10,28,732.11,0,0,12.96,NA,0,15.01,17.97,254.26,7.99,2.89,2.91,0.49,50.38,44.45,299.91,46.27,49.72,5.07,45.79,40.44,5.35,0,0,0,0,0,0,0,0,35.26,39.84,19.22,0,5.98,14.61,21.45,61.26,NA,0,"Nodo 1 - Pies inventariados","IFN3",2004,30,254.65,0,0,5.02,NA,NA,15.84,18.17,259.85,8.19,3.17,3.2,0.2,48.31,45.05,114.61,76.55,82.26,8.02,17.96,16,1.95,NA,NA,0,0,0,0,0,0,12.55,15.95,7.6,0,2.38,5.62,8.31,23.91,NA,NA,NA,NA,NA,NA,NA,NA,NA,NA,NA,NA,NA,NA
"12","42_626","Nodo 3 - Pies inventariados","IFN2",10,75,1343.98,0,0,64.35,NA,0,24.69,32.17,813.87,19.58,3.31,3.36,1.19,75.77,60.86,1314.98,13.93,14.97,15.31,541.99,497.39,44.6,0,0,0,0,0,43.16,349.48,273.21,111.79,516.17,236.33,0,19.25,28.31,106.51,390.4,NA,0,"Nodo 1 - Pies inventariados","IFN3",2003,77,891.27,0,0,NA,NA,NA,24.15,31.55,782.69,16.4,3.57,3.64,0.93,66.13,51.98,839.1,20.42,21.94,16.39,291.55,269.06,22.49,NA,NA,0,0,0,23.95,176.5,139.98,66.9,275.09,127.84,0,14.02,21.56,67.59,231.02,NA,NA,NA,NA,NA,NA,0,0,0,NA,NA,NA,NA,NA
"13","42_638","Nodo 3 - Pies inventariados","IFN2",10,18,389.05,0,0,14.19,NA,0,21.55,27.99,618.03,10.46,4.5,4.54,0.42,43.54,37.37,299.96,48.47,52.09,7.41,59.45,55.87,3.58,0,0,0,0,0,2.26,37.7,9.49,11.7,55,26.55,0,6.3,10.72,21.04,64.6,NA,0,"Nodo 1 - Pies inventariados","IFN3",2004,20,190.99,0,0,NA,NA,NA,25.35,28.25,632.34,11.68,4.57,4.63,0.32,47.26,41.35,195.75,61.93,66.55,11.74,50.19,47.15,3.05,NA,NA,0,0,0,2.53,30.62,23.92,9.22,46.91,22.4,0,4.44,7.24,15.96,50.04,NA,NA,NA,NA,NA,NA,0,0,0,NA,NA,NA,NA,NA
"14","42_828","Nodo 3 - Pies inventariados","IFN2",10,30,381.97,0,0,5.03,NA,0,12.94,14.65,168.54,7.24,2.63,2.65,0.21,53.68,49.44,120.71,70.66,75.92,4.5,16.68,14.44,2.24,0,0,0,0,0,0,0,0,13.22,14.47,6.86,0,2.22,6.04,8.32,23.45,NA,0,"Nodo 1 - Pies inventariados","IFN3",2004,32,286.48,0,0,3.39,NA,NA,12.28,13.01,135.06,7.49,2.51,2.53,0.14,61.96,57.6,82.53,78.85,84.73,7.43,12.42,10.62,1.8,NA,NA,0,0,0,0,0,0,8.96,10.59,5.05,0,1.34,3.65,5.61,15.65,NA,NA,NA,NA,NA,NA,NA,NA,NA,NA,NA,NA,NA,NA
"15","5_1030","Nodo 3 - Pies inventariados","IFN2",10,29,919.56,0,0,26.27,NA,0,19.07,24.86,493.12,10.59,3.3,3.38,0.83,51.72,42.6,572.72,31.14,33.46,7.3,117.05,106.63,10.43,0,0,0,0,0,0,43.76,3.5,49.36,107.26,50.66,0,11.8,23.22,43.49,129.18,NA,0,"Nodo 1 - Pies inventariados","IFN3",2002,29,1174.21,0,0,37.3,NA,NA,20.11,29.7,697.13,13.31,3.1,3.29,1,60.8,44.81,802.34,21.93,23.56,13.41,211.15,193.94,17.22,NA,NA,0,0,0,4.96,114.83,80.24,61.41,196.6,92.15,0,14.81,25.96,61.74,194.66,NA,NA,16.17930733,509.34,95.059489,85.4584492,NA,NA,NA,NA,2.58045736,187.45,14.1174169,12.8225831
"16","5_1035","Nodo 3 - Pies inventariados","IFN2",10,45,498.69,0,0,29.33,NA,0,27.37,36.94,1075.94,13.63,4.39,4.52,0.8,47.77,36.9,584.2,32.85,35.3,10.12,165.74,157.77,7.97,0,0,0,0,0,37.91,85.9,63.57,24.84,155.39,74.96,0.04,13.47,20.2,48.55,157.22,NA,0,"Nodo 1 - Pies inventariados","IFN3",2002,45,611.86,0,0,37.29,NA,NA,27.85,38.41,1165.17,14.66,4.3,4.44,0.95,50.04,38.16,739.31,27.58,29.64,14.66,222.62,211.99,10.63,NA,NA,0,0,0,57.57,116.06,93.03,32.08,209.64,100.72,0.21,16.62,24.29,61.71,203.55,NA,NA,8.89629855,187.48,52.4556245,47.40466,NA,NA,NA,NA,0.7198105,14.15,4.3727745,3.8608275
"17","5_1037","Nodo 3 - Pies inventariados","IFN2",10,30,1655.21,0,0,35.36,NA,0,16.49,21.91,377.08,9.26,2.88,2.92,1.11,52.47,42.26,799.34,26.55,28.53,6.37,142.78,127.51,15.27,0,0,0,0,0,0,18.83,0,91.1,128.1,60.58,0,15.57,34.71,58.53,169.39,NA,0,"Nodo 1 - Pies inventariados","IFN3",2002,30,594.18,0,0,16.03,NA,NA,18.53,23.05,417.68,8.89,3.45,3.52,0.58,42.5,38.55,351.9,46.17,49.61,8.89,58.36,53.38,4.98,NA,NA,0,0,0,0,13.5,0,26.84,52.64,25.36,0,8.45,18.05,26.53,78.4,NA,NA,3.67796746,102.58,13.9943978,18.228563,0,0,0,NA,NA,NA,NA,NA
"18","5_390","Nodo 3 - Pies inventariados","IFN2",10,20,254.65,0,0,3.39,NA,0,13.03,13.8,149.64,7.23,2.69,2.69,0.15,55.66,52.41,81.39,86.62,93.08,4.5,11.73,10.14,1.6,0,0,0,0,0,0,0,0,8.46,10.06,4.82,0,1.45,3.9,5.62,15.79,NA,0,"Nodo 1 - Pies inventariados","IFN3",2002,20,1559.72,0,0,13.11,NA,NA,10.35,15.65,194.37,5.64,2.06,2.11,0.55,45.87,36.03,333.05,44.92,48.27,5.5,30.45,26.12,4.33,NA,NA,0,0,0,0,0,0,17.6,22.61,12.41,0,7.18,23.73,21.7,65.03,NA,NA,11.55559503,1400.52,26.4185817,57.5737857,NA,NA,NA,NA,NA,NA,NA,NA
"19","5_614","Nodo 3 - Pies inventariados","IFN2",10,25,947.43,0,0,24.87,NA,0,18.28,25.31,548.39,9.38,3.16,3.18,0.68,50.26,37.06,547.94,34.64,37.22,7.53,87.78,78.8,8.98,0,0,0,0,0,0,18.45,0,51.81,79.57,37.44,0,9.11,19.48,34.49,100.53,NA,0,"Nodo 1 - Pies inventariados","IFN3",2002,25,1106.59,0,0,20.81,NA,NA,15.48,25.63,575.28,9.81,2.63,2.71,0.57,49.39,38.27,478.04,30.65,32.94,9.59,53.3,47.15,6.15,NA,NA,0,0,0,0,4.14,0,35.17,46.56,22.4,0,7.47,18.54,25.92,74.34,NA,NA,2.40233742,254.64,6.2364519,NA,NA,NA,NA,NA,NA,NA,NA,NA
"20","5_615","Nodo 3 - Pies inventariados","IFN2",10,30,1181.28,0,0,36.91,NA,0,19.95,30.78,751.23,9.91,3.36,3.47,1.12,47.37,32.19,795.69,29.37,31.56,6.65,155.69,143.45,12.24,0,0,0,0,0,5.29,54.67,9.81,62.21,142.09,68.16,0,18.15,34.86,61.1,182.27,NA,0,"Nodo 1 - Pies inventariados","IFN3",2002,30,548.2,0,0,30.22,NA,NA,26.49,36.56,1063.72,11.06,4.45,4.59,0.91,40.03,30.25,606.8,38.61,41.49,10.94,137.59,131.66,5.93,NA,NA,0,0,0,25.35,69.72,27.72,23.68,127.54,62.56,0.23,16.56,26.58,50.02,155.95,NA,NA,6.27488825,113.2,29.440773,32.14597,0,0,0,NA,0.92638032,31.83,4.1296242,4.5236796
"21","5_667","Nodo 3 - Pies inventariados","IFN2",10,30,201.6,0,0,9.75,NA,0,24.81,27.93,620.84,10.3,4.63,4.69,0.35,39.4,36.88,198.97,68.36,73.46,7.35,41.73,39.47,2.26,0,0,0,0,0,2.44,25.1,6.12,8.18,38.39,18.75,0,5.26,9.09,16.14,49.23,NA,0,"Nodo 1 - Pies inventariados","IFN3",2002,30,102.57,0,0,6.73,NA,NA,28.9,28.33,665.39,8.81,5.49,5.64,0.26,31.16,31.09,132.21,112.09,120.45,8.76,25.85,25.2,0.65,NA,NA,0,0,0,5.08,12.91,3.19,2.9,23.74,11.97,0.01,4.49,7.22,11.14,34.82,NA,NA,0.93602481,31.83,2.8538778,4.6118487,0,0,0,NA,NA,NA,NA,NA
"22","5_669","Nodo 3 - Pies inventariados","IFN2",10,25,668.45,0,0,14.7,NA,0,16.73,20.7,337,8.34,3.19,3.23,0.55,44.45,40.26,331.01,46.4,49.86,5.37,50.41,45.4,5.01,0,0,0,0,0,0,4.29,0,30.42,44.58,21.57,0,7.5,17.3,24.33,70.7,NA,0,"Nodo 1 - Pies inventariados","IFN3",2002,25,845.29,0,0,21.58,NA,NA,18.03,25,494.37,8.81,3.29,3.39,0.76,42.48,35.26,477.15,39.02,41.93,8.81,75.29,68.89,6.4,NA,NA,0,0,0,0,18.23,0,36.6,67.05,32.73,0,11.85,25.83,35.73,106.14,NA,NA,11.80305444,498.69,41.8477388,57.4653083,NA,NA,NA,NA,NA,NA,NA,NA
"23","5_670","Nodo 3 - Pies inventariados","IFN2",10,25,891.27,0,0,15.18,NA,0,14.73,19.89,311.42,7.92,2.83,2.87,0.58,46.79,39.85,353.05,42.27,45.42,4.87,48.95,43.39,5.56,0,0,0,0,0,0,2.15,0,33.64,42.48,20.61,0,7.58,19.1,25.13,72.43,NA,0,"Nodo 1 - Pies inventariados","IFN3",2002,25,880.66,0,0,21.19,NA,NA,17.5,23.61,438.71,8.37,3.28,3.35,0.77,38.64,35.45,471.95,40.26,43.26,8.35,66,60.31,5.69,NA,NA,0,0,0,0,11.64,0,34.8,58.17,28.66,0,12.43,28.58,35.08,104.75,NA,NA,13.10060759,615.39,38.5703412,64.9118953,NA,NA,NA,NA,NA,NA,NA,NA
"24","5_672","Nodo 3 - Pies inventariados","IFN2",10,30,116.71,0,0,9.53,NA,0,32.25,33.01,881.88,10.49,5.91,6.04,0.33,33.17,31.77,182.22,88.26,94.84,7.5,42,41.23,0.77,0,0,0,0,0,15.93,19.88,9.85,2.96,39.32,19.59,0.11,5.93,8.64,15.78,50.04,NA,0,"Nodo 1 - Pies inventariados","IFN3",2002,30,254.22,0,0,9.07,NA,NA,21.31,31.05,789.1,10.07,6,6.1,0.28,39.64,32.43,192.21,62.29,66.94,9.63,33.23,32.63,0.59,NA,NA,0,0,0,11.8,16.87,9.76,2.38,30.81,15.5,0.28,4.99,7.36,12.88,41.01,NA,NA,2.07759704,173.3,4.1758065,NA,NA,NA,NA,NA,NA,NA,NA,NA
"25","5_707","Nodo 3 - Pies inventariados","IFN2",10,28,855.9,0,0,30.86,NA,0,21.43,26.73,562.88,11.98,3.62,3.66,0.9,51.3,44.83,653.44,28.53,30.65,8.59,153.05,140.59,12.46,0,0,0,0,0,0,67.64,25.02,53.38,141.71,66.8,0,13.28,24.27,51.08,155.44,NA,0,"Nodo 1 - Pies inventariados","IFN3",2002,28,901.88,0,0,36.64,NA,NA,22.74,30.35,726.55,14.07,3.59,3.66,0.95,57.06,46.36,764.21,23.66,25.43,14.07,217.05,200.37,16.68,NA,NA,0,0,0,5.22,123.83,92.89,58.48,203.39,95.2,0,14.28,24.02,60.64,194.14,NA,NA,12.56949364,258.23,77.0454149,67.6566257,NA,NA,NA,NA,NA,NA,NA,NA
"26","5_708","Nodo 3 - Pies inventariados","IFN2",10,41,930.17,0,0,34.18,NA,0,21.63,28.42,635.47,11.19,3.61,3.68,0.99,49.95,39.39,722.04,29.3,31.48,7.97,165.53,152.74,12.79,0,0,0,0,0,0,80.82,28.48,54.26,153.2,72.57,0,15.26,27.61,56.58,172.02,NA,0,"Nodo 1 - Pies inventariados","IFN3",2002,41,838.22,0,0,27.57,NA,NA,20.47,27.18,581.98,10.61,3.55,3.64,0.87,46.71,39.03,590.54,32.57,34.99,10.51,119.16,109.79,9.37,NA,NA,0,0,0,0,54.25,9.33,42.4,109.41,52.17,0,13.4,25.88,45.64,137.09,NA,NA,5.43546873,145.03,23.9530136,27.2325316,NA,NA,NA,NA,0.45561462,31.83,1.9693221,2.1316551
"27","5_721","Nodo 3 - Pies inventariados","IFN2",10,20,31.83,0,0,0.95,NA,0,19.54,19.54,299.73,7.73,4.24,4.24,0.04,39.57,39.57,20.67,229.27,246.37,5,3.32,3.04,0.28,0,0,0,0,0,0,0,0,1.57,2.98,1.45,0,0.52,1.1,1.58,4.64,NA,0,"Nodo 1 - Pies inventariados","IFN3",2002,20,1460.69,0,0,24.05,NA,NA,14.48,21.33,360.37,7.42,2.68,2.74,0.86,48.47,34.77,561.53,35.28,37.91,7.37,77.76,68.91,8.85,NA,NA,0,0,0,0,2.45,0,51.25,67.34,32.74,0,12.1,30.14,39.8,114.78,NA,NA,23.34452537,1446.5,75.076113,111.2700222,NA,NA,NA,NA,NA,NA,NA,NA
"28","5_724","Nodo 3 - Pies inventariados","IFN2",10,28,1015.05,0,0,31.07,NA,0,19.74,26.87,571.08,12.99,3.26,3.32,0.88,58.78,48.34,671.52,24.16,25.97,9.87,166.62,151.3,15.32,0,0,0,0,0,2.27,67.53,37.01,69.58,154.32,71.89,0,12.09,22.54,51.43,157.95,NA,0,"Nodo 1 - Pies inventariados","IFN3",2002,28,739.19,0,0,28.1,NA,NA,22,29.49,686.92,12.73,3.67,3.76,0.82,51.15,43.17,591.04,28.9,31.05,12.71,144.29,133.61,10.68,NA,NA,0,0,0,6.9,78.61,42.53,40.74,134.3,63.48,0,12.23,21.61,46.51,143.83,NA,NA,8.00721665,205.16,40.9927063,41.0063552,NA,NA,NA,NA,NA,NA,NA,NA
"29","5_725","Nodo 3 - Pies inventariados","IFN2",10,29,452.71,0,0,19.32,NA,0,23.31,28.75,656.77,11.42,4.13,4.18,0.62,44.44,39.72,400.48,41.16,44.23,8.26,89.37,83.52,5.86,0,0,0,0,0,2.64,41.71,16.21,22.8,82.56,39.68,0,9.34,16.5,31.97,97.5,NA,0,"Nodo 1 - Pies inventariados","IFN3",2002,29,509.3,0,0,28.09,NA,NA,26.5,34.06,920.1,13.17,4.39,4.48,0.8,44.05,38.67,563.96,33.65,36.16,13.3,149.05,141.65,7.4,NA,NA,0,0,0,23.52,85.45,75.28,21.58,139.88,67.3,0.1,13.96,23.16,46.49,151.01,NA,NA,11.96337369,215.78,62.6848226,62.6916841,NA,NA,NA,NA,NA,NA,NA,NA
"30","5_733","Nodo 3 - Pies inventariados","IFN2",10,36,1301.53,0,0,58.66,NA,0,23.95,31.1,760.76,14.58,3.61,3.65,1.36,55.81,46.89,1207.75,19.01,20.43,10.81,351.78,325.78,26,0,0,0,0,0,14.06,216.21,166.24,79.94,330.3,154.79,0,22.98,37.67,97.09,312.53,NA,0,"Nodo 1 - Pies inventariados","IFN3",2002,36,912.49,0,0,45.49,NA,NA,25.19,33.22,869.71,14.42,3.84,3.91,1.1,55.78,43.4,924.9,22.96,24.67,14.47,281.71,262.84,18.87,NA,NA,0,0,0,20.16,175.52,139.34,53.91,265.41,124.88,0,18.04,28.15,75.29,246.36,NA,NA,10.4688492,198.1,63.708111,56.433313,0,0,0,NA,NA,NA,NA,NA
"31","5_980","Nodo 3 - Pies inventariados","IFN2",10,30,31.83,0,0,1.06,NA,0,20.64,20.64,334.57,7.19,4.48,4.48,0.05,34.82,34.82,22.76,246.61,265,4.5,3.41,3.16,0.25,0,0,0,0,0,0,1.92,0,1.42,3.09,1.5,0,0.64,1.35,1.76,5.26,NA,0,"Nodo 1 - Pies inventariados","IFN3",2002,30,14.15,0,0,0.86,NA,NA,27.8,27.8,606.99,6.5,6.14,6.14,0.04,23.38,23.38,17.04,409.03,439.53,6.5,2.36,2.3,0.06,NA,NA,0,0,0,0,1.35,0,0.32,2.08,1.09,0,0.71,1.3,1.42,4.52,NA,NA,NA,NA,NA,NA,NA,NA,NA,NA,NA,NA,NA,NA
"32","5_984","Nodo 3 - Pies inventariados","IFN2",10,30,629.55,0,0,24.36,NA,0,22.2,27.7,606.33,11.16,3.88,3.92,0.76,46.61,40.28,511.29,35.72,38.38,7.93,112.89,104.54,8.35,0,0,0,0,0,2.25,57.43,18.72,34.03,103.94,49.67,0,11.37,20.7,40.33,122.07,NA,0,"Nodo 1 - Pies inventariados","IFN3",2002,30,484.54,0,0,20.13,NA,NA,23,29.49,685,10,4.15,4.22,0.68,38.99,33.92,418.74,45.43,48.82,10,80.47,75.61,4.85,NA,NA,0,0,0,2.25,39.7,12.83,21.47,73.49,35.93,0,11.01,20.24,33.32,100.49,NA,NA,4.50622315,84.9,19.06854,22.7810755,0,0,0,NA,NA,NA,NA,NA
"33","5_995","Nodo 3 - Pies inventariados","IFN2",10,30,951.39,0,0,29.43,NA,0,19.85,26.43,552.27,9.76,3.46,3.55,0.94,45.31,36.93,635.23,33.21,35.69,6.59,119.19,109.69,9.5,0,0,0,0,0,0,44.62,6.33,45.62,108.42,52.12,0,14.73,29.17,48.72,144.73,NA,0,"Nodo 1 - Pies inventariados","IFN3",2002,30,820.53,0,0,27.8,NA,NA,20.77,28.53,643.58,9.21,3.61,3.76,0.91,40.75,32.28,593.2,37.92,40.74,9.12,106.24,99.11,7.13,NA,NA,0,0,0,2.42,47.47,3.34,31.8,96.26,47.09,0,15.25,29.36,46.01,137.72,NA,NA,8.8990482,183.95,34.251773,44.5664155,NA,NA,NA,NA,NA,NA,NA,NA
"34","9_1043","Nodo 3 - Pies inventariados","IFN2",10,34,268.8,0,0,10.32,NA,0,22.1,24.84,488.19,8.19,4.27,4.31,0.39,35.26,32.98,216.71,74.45,80,5.34,35.78,33.52,2.25,0,0,0,0,0,0,16.83,0,10.91,32.35,15.93,0,6.13,12.05,17.07,51.19,NA,0,"Nodo 1 - Pies inventariados","IFN3",2003,35,198.06,0,0,7.68,NA,NA,22.23,24.94,497,9.06,4.22,4.29,0.29,42.22,36.32,161.2,78.45,84.3,9.02,31.48,29.34,2.15,NA,NA,0,0,0,0,15.05,0,10.81,28.76,13.94,0,4.06,7.53,12.72,38.25,NA,NA,NA,NA,NA,NA,NA,NA,NA,NA,NA,NA,NA,NA
"35","9_1095","Nodo 3 - Pies inventariados","IFN2",10,29,1336.9,0,0,30.61,NA,0,17.07,21.7,370.33,10.45,2.97,3,0.94,57.02,48.15,685.94,26.18,28.13,7.25,138.36,123.28,15.09,0,0,0,0,0,0,14.72,0,90.39,125.87,58.57,0,12.41,26.54,50.67,148.19,NA,0,"Nodo 1 - Pies inventariados","IFN3",2003,30,937.25,0,0,21.58,NA,NA,17.12,21.37,359.67,10.07,3.08,3.13,0.72,52.67,47.15,483.23,32.43,34.84,10.04,90.37,80.98,9.39,NA,NA,0,0,0,0,10.61,2.47,54.94,81.81,38.48,0,9.44,20.44,35.72,104.07,NA,NA,NA,NA,NA,NA,NA,NA,NA,NA,NA,NA,NA,NA
"36","9_1133","Nodo 3 - Pies inventariados","IFN2",10,41,2942.6,0,0,78.72,NA,0,18.46,26.68,560.74,15.28,2.61,2.67,1.65,78.49,57.28,1730.16,12.06,12.96,11.42,527.95,469.34,58.61,0,0,0,0,0,2.25,183.15,101.71,268.07,493.05,223,0,24.19,44.18,130.31,421.67,NA,0,"Nodo 1 - Pies inventariados","IFN3",2003,42,873.58,0,0,25.25,NA,NA,19.18,26.55,557.3,13.9,3.41,3.45,0.82,53.41,52.37,549.53,24.34,26.15,13.82,131.44,119.19,12.25,NA,NA,0,0,0,2.4,59.66,34.37,52.11,121.3,56.63,0,18.56,59.04,41.79,176.02,NA,NA,NA,NA,NA,NA,0,0,0,NA,3.78608301,222.81,1.5695373,63.4114077
"37","9_1204","Nodo 3 - Pies inventariados","IFN2",10,25,1559.72,0,0,30.06,NA,0,15.66,21.43,366.43,8.05,2.84,2.88,1.01,49.15,37.56,688.28,31.45,33.8,5.12,107.14,95.3,11.83,0,0,0,0,0,0,4.83,0,76.81,94.35,45.28,0,14.23,33.63,49.75,142.9,NA,0,"Nodo 1 - Pies inventariados","IFN3",2003,26,746.26,0,0,14.85,NA,NA,15.92,21.69,372.08,10.27,2.86,2.96,0.51,58.96,47.36,338.6,35.63,38.29,10.23,65.25,58.11,7.14,NA,NA,0,0,0,0,16.85,0,37.36,59.09,27.61,0,6.12,13.32,24.57,71.63,NA,NA,NA,NA,NA,NA,0,0,0,NA,NA,NA,NA,NA
"38","9_1226","Nodo 3 - Pies inventariados","IFN2",10,25,1814.37,0,0,22.63,NA,0,12.6,19.05,285.38,10.05,2.76,2.79,0.54,65.22,52.76,547.11,23.36,25.1,7.25,71.1,62.47,8.63,0,0,0,0,0,0,3.87,0,52.45,64.17,29.68,0,6.4,14.73,27.01,77.82,NA,0,"Nodo 1 - Pies inventariados","IFN3",2003,26,1527.89,0,0,20.07,NA,NA,12.93,19.67,304.94,11.57,2.53,2.6,0.37,77.76,58.82,482.05,22.11,23.76,11.41,56.98,49.76,7.22,NA,NA,0,0,0,0,4.52,0,39.07,51.28,23.64,0,4,8.98,19,55.62,NA,NA,NA,NA,NA,NA,NA,NA,NA,NA,NA,NA,NA,NA
"39","9_1227","Nodo 3 - Pies inventariados","IFN2",10,25,1145.92,0,0,21.08,NA,0,15.3,19.78,307.36,10.55,3.03,3.04,0.65,56.99,53.33,485.4,28.01,30.1,7.25,84.08,74.75,9.33,0,0,0,0,0,0,9.77,0,55.69,76.47,35.52,0,8.05,17.73,32.21,93.5,NA,0,"Nodo 1 - Pies inventariados","IFN3",2003,26,763.94,0,0,14.76,NA,NA,15.68,20.68,336.02,11.11,3.25,3.27,0.43,64.11,53.72,337.8,32.57,35,11.11,60.11,53.78,6.33,NA,NA,0,0,0,0,12.53,0,34.93,55.01,25.55,0,5.13,10.67,21.05,62.4,NA,NA,NA,NA,NA,NA,NA,NA,NA,NA,NA,NA,NA,NA
"40","9_1231","Nodo 3 - Pies inventariados","IFN2",10,30,2832.96,0,0,35.41,NA,0,12.62,20.82,340.96,11.2,2.91,2.94,0.71,63.35,53.8,855.99,16.77,18.02,7.75,105.2,93.59,11.62,0,0,0,0,0,0,12.64,0,66.95,95.18,44.47,0,9.28,20.08,38.4,112.23,NA,0,"Nodo 1 - Pies inventariados","IFN3",2003,31,2146.82,0,0,27.87,NA,NA,12.86,21.21,354.18,11.61,2.76,2.85,0.48,78.38,54.74,670.47,18.59,19.97,11.65,76.93,68.39,8.55,NA,NA,0,0,0,0,18.87,0,42.89,70.34,32.49,0,5.77,12.14,25.59,76.01,NA,NA,NA,NA,NA,NA,NA,NA,NA,NA,NA,NA,NA,NA
"41","9_1232","Nodo 3 - Pies inventariados","IFN2",10,25,1177.75,0,0,22.43,NA,0,15.57,18.65,273.33,8.8,2.88,2.91,0.76,51.83,47.16,514.43,33.13,35.6,5.87,83.78,74.23,9.55,0,0,0,0,0,0,0,0,61.32,74.63,35.27,0,9.83,23.12,36.47,104.68,NA,0,"Nodo 1 - Pies inventariados","IFN3",2003,26,795.77,0,0,13.21,NA,NA,14.54,19.31,293.04,9.15,2.69,2.75,0.46,58.43,47.4,308.24,38.72,41.61,9.24,51.58,45.39,6.2,NA,NA,0,0,0,0,5.6,0,34.95,45.86,21.56,0,5.2,12.31,20.93,60,NA,NA,NA,NA,NA,NA,NA,NA,NA,NA,NA,NA,NA,NA
"42","9_1234","Nodo 3 - Pies inventariados","IFN2",10,30,1432.39,0,0,27.8,NA,0,15.72,23.45,432.11,12.29,3.12,3.16,0.63,60.16,52.42,636.01,21.5,23.1,8.75,92.23,83.07,9.16,0,0,0,0,0,0,29.36,11.47,47.42,83.99,39.47,0,8.32,17.28,33,98.06,NA,0,"Nodo 1 - Pies inventariados","IFN3",2003,31,1138.84,0,0,23.04,NA,NA,16.05,23.58,439.63,13.24,2.98,3.04,0.4,74.5,56.12,524.39,22.39,24.06,13.07,72.13,64.53,7.6,NA,NA,0,0,0,0,24.05,8.84,37.69,66.7,30.66,0,4.86,9.85,21.86,67.22,NA,NA,NA,NA,NA,NA,0,0,0,NA,NA,NA,NA,NA
"43","9_1237","Nodo 3 - Pies inventariados","IFN2",10,35,1266.17,0,0,42.47,NA,0,20.67,27.82,608.88,12.94,3.27,3.35,1.12,57.77,46.51,907.35,21.72,23.34,9.82,233.41,213.42,19.99,0,0,0,0,0,0,119.01,59.17,80.66,216.73,101.4,0,16.73,30.06,70.29,218.49,NA,0,"Nodo 1 - Pies inventariados","IFN3",2003,36,438.56,0,0,18.02,NA,NA,22.87,28.78,653.07,13.83,3.89,3.95,0.54,55.02,48.04,375.4,34.53,37.11,13.79,102.12,94.45,7.67,NA,NA,0,0,0,2.44,58.66,34.46,27.58,95.54,44.88,0,7.29,12.31,29.83,94.31,NA,NA,NA,NA,NA,NA,0,0,0,NA,NA,NA,NA,NA
"44","9_1243","Nodo 3 - Pies inventariados","IFN2",10,30,1814.37,0,0,49.38,NA,0,18.62,25.17,498.18,13.15,3.03,3.07,1.25,61.78,52.25,1083.02,17.86,19.19,9.62,269.58,242.84,26.73,0,0,0,0,0,0,103.27,42.3,123.57,250.84,115.38,0,18.2,34.87,80.72,249.17,NA,0,"Nodo 1 - Pies inventariados","IFN3",2003,31,1308.61,0,0,35.15,NA,NA,18.49,24.93,489.39,15.36,3.01,3.05,0.86,73.48,61.59,772.16,18,19.34,15.35,226.56,202.75,23.8,NA,NA,0,0,0,0,102.57,62.1,101.55,212.21,96.34,0,10.91,19.76,56.9,183.91,NA,NA,NA,NA,NA,NA,0,0,0,NA,NA,NA,NA,NA
"45","9_1244","Nodo 3 - Pies inventariados","IFN2",10,30,2291.83,0,0,48,NA,0,16.33,21.83,374.28,12.55,2.63,2.66,1.28,67.75,57.51,1087.77,16.64,17.88,9,252.21,222.32,29.89,0,0,0,0,0,0,39.39,5.25,166.92,230.83,105.63,0,16.71,35.26,79.46,237.05,NA,0,"Nodo 1 - Pies inventariados","IFN3",2003,31,1573.87,0,0,31.2,NA,NA,15.89,21.66,368.57,13.81,2.52,2.59,0.83,84.79,63.75,711.9,18.26,19.62,13.72,197.4,172.36,25.04,NA,NA,0,0,0,0,39.42,7.6,126.49,182.81,81.9,0,9.26,18.57,51.64,161.37,NA,NA,NA,NA,NA,NA,0,0,0,NA,NA,NA,NA,NA
"46","9_1253","Nodo 3 - Pies inventariados","IFN2",10,30,1630.45,0,0,46.41,NA,0,19.04,28.23,627.33,15.41,3.43,3.47,0.97,61.5,54.6,1012.04,16.07,17.26,11.69,262.23,240,22.22,0,0,0,0,0,2.35,147.82,117.49,75.73,247.12,114.03,0,14.44,24.16,67.37,220.01,NA,0,"Nodo 1 - Pies inventariados","IFN3",2003,31,827.61,0,0,21.45,NA,NA,18.17,27.92,614.01,15.97,3.62,3.66,0.47,69.8,57.2,473.36,21.76,23.39,15.8,110.49,100.99,9.49,NA,NA,0,0,0,2.22,59.39,29.46,35.04,103.91,47.99,0,6,10.08,28.21,92.27,NA,NA,NA,NA,NA,NA,0,0,0,NA,NA,NA,NA,NA
"47","9_1254","Nodo 3 - Pies inventariados","IFN2",10,39,1846.2,0,0,58.42,NA,0,20.07,29,661.48,16.52,2.91,2.99,1.28,71.24,56.99,1257.26,14.08,15.13,12.69,391.38,354.25,37.13,0,0,0,0,0,4.65,208.26,157.02,136.48,367.52,168.32,0,18.94,32.79,95.82,315.87,NA,0,"Nodo 1 - Pies inventariados","IFN3",2003,40,710.89,0,0,29.8,NA,NA,23.1,29.9,703.46,18.13,3.49,3.55,0.67,75.16,60.62,619.09,20.69,22.23,18.02,226.29,206.6,19.68,NA,NA,0,0,0,11.54,135.43,109.6,59.66,214.58,98.16,0,8.99,13.89,48.01,169.06,NA,NA,NA,NA,NA,NA,0,0,0,NA,NA,NA,NA,NA
"48","9_1255","Nodo 3 - Pies inventariados","IFN2",10,30,905.41,0,0,21.65,NA,0,17.45,22.75,410.95,9.61,3.11,3.17,0.72,52.47,42.22,482.48,34.6,37.18,6.63,92.5,83.33,9.17,0,0,0,0,0,0,23.91,2.94,49.26,83.9,39.59,0,9.5,20.06,35.83,104.99,NA,0,"Nodo 1 - Pies inventariados","IFN3",2003,31,159.15,0,0,4.41,NA,NA,18.78,19.85,310.72,12.08,3.56,3.57,0.16,63.82,60.85,96.46,65.62,70.52,11.82,24.25,21.68,2.56,NA,NA,0,0,0,0,6.49,0,13.43,22.56,10.3,0,1.6,3.09,7.3,22.29,NA,NA,NA,NA,NA,NA,0,0,0,NA,NA,NA,NA,NA
"49","9_1257","Nodo 3 - Pies inventariados","IFN2",10,25,1941.69,0,0,48.78,NA,0,17.88,23.12,419.81,13.81,2.81,2.84,1.23,68.72,59.74,1080.53,16.43,17.66,10,279.62,248.59,31.03,0,0,0,0,0,0,80.04,11.78,159.54,259.11,118.11,0,16.61,32.49,80.74,247.95,NA,0,"Nodo 1 - Pies inventariados","IFN3",2003,26,1602.16,0,0,35.78,NA,NA,16.86,23.18,423.28,13.47,2.78,2.83,1.01,68.94,58.11,804.28,18.54,19.93,13.49,205.89,182.26,23.63,NA,NA,0,0,0,0,58.55,13.46,121.06,190.37,86.6,0,16.7,50.38,59.22,212.9,NA,NA,NA,NA,NA,NA,NA,NA,NA,NA,1.83885093,190.98,0.595221,37.979556
"50","9_1260","Nodo 3 - Pies inventariados","IFN2",10,25,1955.84,0,0,46.84,NA,0,17.46,24.38,475.99,11.71,2.83,2.87,1.22,61.06,48.03,1043.84,19.31,20.75,8.77,224.45,200.12,24.32,0,0,0,0,0,0,59.07,5.77,130.27,205.75,95.09,0,16.76,34.4,73.83,220.09,NA,0,"Nodo 1 - Pies inventariados","IFN3",2003,26,470.39,0,0,14.68,NA,NA,19.93,24.29,486.95,13.51,3.37,3.39,0.38,62.6,55.64,316.41,34.12,36.67,13.29,76.21,68.26,7.95,NA,NA,0,0,0,0,31.99,7.82,37.18,71.15,32.43,0,4.27,7.93,20.84,65.47,NA,NA,NA,NA,NA,NA,0,0,0,NA,0.53289786,31.83,0,NA
"51","9_1278","Nodo 3 - Pies inventariados","IFN2",10,20,1527.89,0,0,19.16,NA,0,12.64,15.39,186.01,6.76,2.71,2.71,0.59,50.88,43.93,463.01,37.84,40.66,4,53.27,46.65,6.62,0,0,0,0,0,0,0,0,40.3,46.74,22.17,0,7.41,19.21,26.43,75.22,NA,0,"Nodo 1 - Pies inventariados","IFN3",2003,21,763.94,0,0,8.75,NA,NA,12.07,16.15,204.98,8.7,2.86,2.87,0.16,60.11,53.85,213.76,41.59,44.7,8.7,17.89,15.64,2.25,NA,NA,0,0,0,0,0,0,13.82,15.83,7.43,0,1.75,4.19,7.22,20.59,NA,NA,NA,NA,NA,NA,NA,NA,NA,NA,NA,NA,NA,NA
"52","9_1287","Nodo 3 - Pies inventariados","IFN2",10,25,1411.17,0,0,33.49,NA,0,17.38,26.03,533.58,12.57,3.06,3.13,0.85,60.83,48.31,747.15,21.17,22.75,9.65,164.66,148.29,16.37,0,0,0,0,0,0,55.38,30.25,76.99,151.9,70.46,0,11.46,21.99,50.28,154.19,NA,0,"Nodo 1 - Pies inventariados","IFN3",2003,26,817,0,0,18.43,NA,NA,16.95,26.87,576.76,13.35,3.2,3.32,0.53,48.57,49.69,413.84,26.21,28.16,12.87,76.03,69.14,6.89,NA,NA,0,0,0,4.54,32.76,21.05,29.34,70.3,32.85,0,14.93,62.03,25.19,135,NA,NA,NA,NA,NA,NA,0,0,0,NA,2.45721234,222.81,0.6369183,68.2107351
"53","9_1295","Nodo 3 - Pies inventariados","IFN2",10,20,300.63,0,0,7.5,NA,0,17.82,20.42,329.37,8.16,3.5,3.52,0.25,41.68,39.97,166.25,70.67,75.94,5.6,23.03,20.84,2.19,0,0,0,0,0,0,4.19,0,13.04,20.7,9.9,0,3.17,7.05,10.48,30.59,NA,0,"Nodo 1 - Pies inventariados","IFN3",2003,21,265.26,0,0,6.45,NA,NA,17.6,22.41,405.71,9.05,3.35,3.43,0.2,29.71,40.38,143.5,67.84,72.89,9.06,14.43,13.33,1.1,NA,NA,0,0,0,0,7.44,0,5.24,13.04,6.33,0,9.24,50.05,7.67,73.29,NA,NA,NA,NA,NA,NA,NA,NA,NA,NA,1.33393164,127.32,0.2062584,56.9731536
"54","9_1339","Nodo 3 - Pies inventariados","IFN2",10,30,2493.43,0,0,59.36,NA,0,17.41,28.62,654.58,12.98,2.82,2.91,1.21,68.63,45.37,1323.76,15.42,16.57,10.18,293.19,263.41,29.78,0,0,0,0,0,0,118.4,53.79,132.47,272.6,125.15,0,17.7,32.81,83.05,258.71,NA,0,"Nodo 1 - Pies inventariados","IFN3",2003,31,715.99,0,0,20.4,NA,NA,19.05,29.39,693.07,16.07,3.28,3.41,0.36,76.68,54.67,444.89,23.26,25,16.05,87.57,79.87,7.7,NA,NA,0,0,0,2.37,48.84,41.61,25.32,82.08,37.95,0,4.45,7.51,21.72,71.63,NA,NA,NA,NA,NA,NA,0,0,0,NA,NA,NA,NA,NA
"55","9_1341","Nodo 3 - Pies inventariados","IFN2",10,36,1595.09,0,0,61.72,NA,0,22.2,33.3,874,15.8,3.19,3.3,1.34,65.28,47.44,1295.35,15.85,17.03,12,404.43,371.99,32.44,0,0,0,0,0,27.49,215.75,172.96,112.76,380.72,176.75,0,21.82,35.25,101.33,335.14,NA,0,"Nodo 1 - Pies inventariados","IFN3",2003,37,519.91,0,0,26.48,NA,NA,25.47,32.73,851.53,19.18,3.81,3.91,0.59,71.57,58.61,536.97,22.86,24.57,19.13,208.57,193.89,14.69,NA,NA,0,0,0,37.73,121.54,94.63,36.7,197.97,92.12,0.02,8.31,11.79,42.55,154.8,NA,NA,NA,NA,NA,NA,0,0,0,NA,NA,NA,NA,NA
"56","9_1342","Nodo 3 - Pies inventariados","IFN2",10,35,2274.15,0,0,63.2,NA,0,18.81,25.59,515.14,13.66,2.84,2.9,1.5,66.6,53.38,1382.36,15.35,16.5,10,364.98,327.3,37.67,0,0,0,0,0,0,129.23,50.42,175.38,339.21,155.51,0,22.21,41.81,104.61,324.14,NA,0,"Nodo 1 - Pies inventariados","IFN3",2003,36,626.01,0,0,16.2,NA,NA,18.15,23.89,449.68,15.37,3.21,3.29,0.53,55.32,64.34,357.55,26,27.94,15.42,92.8,83.71,9.09,NA,NA,0,0,0,0,46.31,27.6,35.11,86.29,39.77,0,12.97,47.38,26.82,126.93,NA,NA,NA,NA,NA,NA,0,0,0,NA,2.51125968,222.81,0.8078454,52.7337159
"57","9_1343","Nodo 3 - Pies inventariados","IFN2",10,35,2284.76,0,0,74.19,NA,0,20.33,27.13,578.58,14.68,2.93,2.99,1.61,68.13,54.11,1591.44,14.25,15.31,10.91,471.12,425.82,45.3,0,0,0,0,0,0,240.78,141.82,182.06,440.99,202.32,0,25.31,44.51,122.79,394.93,NA,0,"Nodo 1 - Pies inventariados","IFN3",2003,36,735.65,0,0,27.55,NA,NA,21.84,27.81,608.28,17.54,3.36,3.4,0.67,74.92,63.07,580.54,21.02,22.59,17.49,205.2,185.74,19.46,NA,NA,0,0,0,2.29,110.28,76.54,67.85,194,88.25,0,8.49,13.86,45.6,156.19,NA,NA,NA,NA,NA,NA,0,0,0,NA,NA,NA,NA,NA
"58","9_1351","Nodo 3 - Pies inventariados","IFN2",10,35,2019.5,0,0,64.27,NA,0,20.13,25.46,509.93,13.14,3.04,3.09,1.52,62.85,51.62,1382.17,16.93,18.2,9.56,369.55,334.19,35.36,0,0,0,0,0,0,163.85,78.21,148.29,344.21,158.79,0,23.49,42.74,106.38,331.39,NA,0,"Nodo 1 - Pies inventariados","IFN3",2003,36,717.97,0,0,25.04,NA,NA,21.07,25.42,509.54,13.76,3.5,3.52,0.7,61.94,54.13,532.43,27.12,29.14,13.78,148.78,135.03,13.75,NA,NA,0,0,0,0,76.86,22.64,53.34,139.37,64.16,0,9.09,16.14,41.45,130.85,NA,NA,NA,NA,NA,NA,0,0,0,NA,NA,NA,NA,NA
"59","9_1357","Nodo 3 - Pies inventariados","IFN2",10,30,1184.82,0,0,26.47,NA,0,16.87,24.57,478.32,11,2.9,2.93,0.58,61.93,44.77,594.99,26.41,28.38,10.41,99.6,88.29,11.31,0,0,0,0,0,0,17.62,0,61.22,91.93,41.95,0,6.89,14.32,31.74,94.89,NA,0,"Nodo 1 - Pies inventariados","IFN3",2003,31,544.66,0,0,16.61,NA,NA,19.7,27.44,601.84,16.16,3.34,3.36,0.19,71.28,58.91,359.12,26.51,28.48,15.59,40.79,36.52,4.27,NA,NA,0,0,0,0,15.04,10.16,19.74,38.24,17.35,0,2.15,3.94,10.79,34.23,NA,NA,NA,NA,NA,NA,0,0,0,NA,NA,NA,NA,NA
"60","9_1360","Nodo 3 - Pies inventariados","IFN2",10,25,1478.37,0,0,33.9,NA,0,17.09,30.03,710.04,10.59,4,4.11,0.69,50.5,35.26,759.58,24.56,26.39,7.44,105.27,99.15,6.11,0,0,0,0,0,2.36,57.07,46.86,21.02,96.87,47.11,0,11.68,20.43,38.19,117.42,NA,0,"Nodo 1 - Pies inventariados","IFN3",2003,26,272.33,0,0,16.52,NA,NA,27.79,32.16,816.57,14.89,4.87,4.91,0.4,53.79,46.3,327.73,40.7,43.73,14.8,92.19,87.62,4.57,NA,NA,0,0,0,17.56,57.16,48.34,9.37,87.24,41.63,0,5.94,8.53,23.7,79.8,NA,NA,NA,NA,NA,NA,0,0,0,NA,NA,NA,NA,NA
"61","9_1361","Nodo 3 - Pies inventariados","IFN2",10,35,1506.67,0,0,55.59,NA,0,21.67,26.59,556.83,13.13,3.4,3.43,1.39,54.86,49.37,1173.54,19.62,21.08,9.55,298.69,273.49,25.2,0,0,0,0,0,0,161.48,68.45,99.62,278.27,129.94,0,22.38,40.04,92.01,284.37,NA,0,"Nodo 1 - Pies inventariados","IFN3",2003,36,1294.46,0,0,43.16,NA,NA,20.6,27.27,586.93,16.45,3.13,3.17,1.02,70.83,60.32,922.77,16.9,18.16,16.39,291.02,262.38,28.64,NA,NA,0,0,0,2.34,153.94,82.09,114.12,273.6,124.67,0,13.96,24.29,71.44,234.35,NA,NA,NA,NA,NA,NA,NA,NA,NA,NA,NA,NA,NA,NA
"62","9_1389","Nodo 3 - Pies inventariados","IFN2",10,28,2164.51,0,0,30.33,NA,0,13.36,20.53,331.96,9.25,2.74,2.77,0.77,58.31,45.07,722.77,23.22,24.96,6.37,91.74,80.94,10.8,0,0,0,0,0,0,6.32,0,65.77,81.17,38.46,0,9.94,23.41,38.44,110.25,NA,0,"Nodo 1 - Pies inventariados","IFN3",2003,29,1669.36,0,0,22.74,NA,NA,13.17,21.43,361.63,11.72,2.54,2.61,0.47,72.23,54.7,543.85,20.88,22.44,11.71,73.31,64.25,9.06,NA,NA,0,0,0,0,16.3,0,45.94,66.29,30.53,0,5.19,11.56,24.4,71.68,NA,NA,NA,NA,NA,NA,NA,NA,NA,NA,NA,NA,NA,NA
"63","9_1390","Nodo 3 - Pies inventariados","IFN2",10,30,1591.55,0,0,25.27,NA,0,14.22,17.12,230.38,8.6,2.58,2.6,0.84,60.26,50.23,592.76,29.15,31.32,5.58,102.3,89.01,13.28,0,0,0,0,0,0,0,0,81.21,90.1,42.29,0,10,24.47,41.82,118.59,NA,0,"Nodo 1 - Pies inventariados","IFN3",2003,31,827.61,0,0,11.28,NA,NA,13.17,17.51,241.73,11.86,2.36,2.39,0.37,89.12,67.73,269.68,29.3,31.49,11.78,63.64,54.08,9.56,NA,NA,0,0,0,0,3.62,0,50.75,57.2,25.7,0,3.25,7.58,18.67,55.2,NA,NA,NA,NA,NA,NA,NA,NA,NA,NA,NA,NA,NA,NA
"64","9_1391","Nodo 3 - Pies inventariados","IFN2",10,48,877.12,0,0,42.6,NA,0,24.87,32.64,842.74,17.39,3.67,3.73,0.96,64.4,53.26,869.04,19.42,20.87,13.44,305.22,282.62,22.59,0,0,0,0,0,29.37,191.11,139.68,63.06,288.82,134.28,0.01,14.83,22.6,70.52,242.24,NA,0,"Nodo 1 - Pies inventariados","IFN3",2003,49,717.97,0,0,32.03,NA,NA,23.83,33.45,885.09,17.26,3.76,3.86,0.84,58.21,51.59,660.41,21.62,23.24,17.1,212.36,197.64,14.72,NA,NA,0,0,0,30.77,120.44,92.82,45.15,200.42,93.91,0.03,17.57,45.32,53.02,209.86,NA,NA,NA,NA,NA,NA,NA,NA,NA,NA,1.68145158,95.49,0.5172375,38.0037468
"65","9_1394","Nodo 3 - Pies inventariados","IFN2",10,49,1121.16,0,0,59.82,NA,0,26.06,34.57,939.48,19.81,3.52,3.6,1.14,70.6,57.31,1206.03,15.07,16.2,15.44,489.93,454.82,35.11,0,0,0,0,0,97.2,297.54,224.16,87.03,465.39,216.1,0,19.19,27.33,99.02,361.64,NA,0,"Nodo 1 - Pies inventariados","IFN3",2003,50,477.46,0,0,34.96,NA,NA,30.53,35.93,1015.16,18.89,4.39,4.47,0.75,60.89,52.58,677.43,24.23,26.03,18.74,280.41,265.99,14.42,NA,NA,0,0,0,103.51,153.11,123.23,26.07,267.09,126.38,0,12.45,16.35,57.86,213.04,NA,NA,NA,NA,NA,NA,0,0,0,NA,NA,NA,NA,NA
"66","9_1398","Nodo 3 - Pies inventariados","IFN2",10,31,1145.92,0,0,30.4,NA,0,18.38,24.95,489.98,10.47,3.19,3.24,0.95,51.13,41.96,668.88,28.22,30.32,7.37,132.54,120.06,12.48,0,0,0,0,0,0,46.36,0,65.86,120.67,57.05,0,13.46,27.64,50.32,148.47,NA,0,"Nodo 1 - Pies inventariados","IFN3",2003,32,640.16,0,0,19.87,NA,NA,19.88,25.22,503.68,10.59,3.57,3.62,0.66,47.65,41.97,428.57,37.34,40.12,10.31,85.95,78.67,7.28,NA,NA,0,0,0,0,32.71,8.8,36.06,78.8,37.38,0,9.27,18.29,32.88,97.82,NA,NA,NA,NA,NA,NA,NA,NA,NA,NA,NA,NA,NA,NA
"67","9_1401","Nodo 3 - Pies inventariados","IFN2",10,25,1559.72,0,0,30.93,NA,0,15.89,21.91,377.14,10.28,3.06,3.1,0.89,58.06,46.94,705.62,24.62,26.46,7.12,128.83,115.49,13.34,0,0,0,0,0,0,29.65,0,73.16,117.1,54.87,0,12.01,25.15,47.57,139.61,NA,0,"Nodo 1 - Pies inventariados","IFN3",2003,26,1128.23,0,0,23.31,NA,NA,16.22,21.85,375.26,14.01,3.07,3.1,0.56,85.63,64.15,529.12,21.24,22.83,14,130.98,116.41,14.57,NA,NA,0,0,0,0,49.81,12.56,69.08,122.52,55.31,0,6.42,11.97,33.7,107.4,NA,NA,NA,NA,NA,NA,0,0,0,NA,NA,NA,NA,NA
"68","9_1405","Nodo 3 - Pies inventariados","IFN2",10,50,1029.2,0,0,61.79,NA,0,27.65,35.39,985.91,18.26,3.77,3.83,1.18,65.85,51.59,1227.46,17.07,18.34,14.12,494.24,461.77,32.47,0,0,0,0,0,92.02,314.7,238.99,66.51,469.26,219.4,0,20.7,28.9,102.27,371.28,NA,0,"Nodo 1 - Pies inventariados","IFN3",2003,51,679.06,0,0,44.4,NA,NA,28.85,35.74,1004.85,19.67,4.04,4.11,0.9,64.61,55.06,872.69,19.5,20.96,19.66,362.12,340.37,21.75,NA,NA,0,0,0,94.79,220.26,174.01,41.2,345.4,161.72,0,15.05,20.4,73.49,270.66,NA,NA,NA,NA,NA,NA,0,0,0,NA,NA,NA,NA,NA
"69","9_1406","Nodo 3 - Pies inventariados","IFN2",10,48,862.97,0,0,54.02,NA,0,28.23,34.52,937.07,17.36,4.05,4.09,1.13,58.38,50.29,1067.51,19.61,21.07,13.5,391.88,368.48,23.4,0,0,0,0,0,57.68,249.62,201.62,45.9,372.16,175.08,0,19.76,28.12,89.41,312.37,NA,0,"Nodo 1 - Pies inventariados","IFN3",2003,49,565.88,0,0,39.45,NA,NA,29.79,35.35,982.63,17.14,4.43,4.47,0.89,55.31,48.48,769.15,24.53,26.35,17.26,282.91,268.05,14.87,NA,NA,0,0,0,65.18,174.32,142.16,27.15,268.46,127.36,0,15.08,20.9,65.29,228.63,NA,NA,NA,NA,NA,NA,0,0,0,NA,NA,NA,NA,NA
"70","9_1415","Nodo 3 - Pies inventariados","IFN2",10,36,732.11,0,0,21.31,NA,0,19.25,23.14,422.86,10.22,3.44,3.47,0.69,50.95,44.17,463.52,36.15,38.85,7.12,95.9,87,8.9,0,0,0,0,0,0,34.17,6.05,45.74,87.87,41.34,0,9.35,18.74,35.28,104.71,NA,0,"Nodo 1 - Pies inventariados","IFN3",2003,37,583.57,0,0,17.71,NA,NA,19.65,23.12,423.7,9.91,3.56,3.59,0.59,49.96,42.88,383.06,41.76,44.87,9.88,79.12,72,7.12,NA,NA,0,0,0,0,26.02,3.07,36.17,72.28,34.21,0,7.9,15.64,29.31,87.06,NA,NA,NA,NA,NA,NA,NA,NA,NA,NA,NA,NA,NA,NA
"71","9_1427","Nodo 3 - Pies inventariados","IFN2",10,34,318.31,0,0,11.68,NA,0,21.62,24.58,476.14,9.1,4.28,4.3,0.37,38.72,37.03,246.85,61.58,66.17,6.25,42.25,39.36,2.89,0,0,0,0,0,0,20.15,0,11.88,38.73,18.7,0,5.38,10.01,17.08,51.17,NA,0,"Nodo 1 - Pies inventariados","IFN3",2003,35,229.89,0,0,8.78,NA,NA,22.05,23.69,443.34,8.72,4.35,4.37,0.25,36.78,36.82,184.48,75.61,81.25,8.73,24.88,23.23,1.66,NA,NA,0,0,0,0,10.68,0,7.07,22.66,11.04,0,3.68,7.01,10.91,32.63,NA,NA,NA,NA,NA,NA,NA,NA,NA,NA,NA,NA,NA,NA
"72","9_1428","Nodo 3 - Pies inventariados","IFN2",10,42,1163.6,0,0,58.42,NA,0,25.28,37.35,1104.99,17.24,3.68,3.81,1.26,59.1,46.16,1186.82,17,18.27,13.19,385.14,361.81,23.33,0,0,0,0,0,72.38,213.46,179.89,62.54,364.37,171.91,0.22,22.79,34.38,95.19,324.48,NA,0,"Nodo 1 - Pies inventariados","IFN3",2003,43,1030.76,0,0,48.72,NA,NA,24.53,38.69,1186.66,16.03,4,4.24,1.37,48.67,41.43,997.17,19.43,20.88,16.03,268.35,255.03,13.32,NA,NA,0,0,0,79.98,129.2,101.31,37.87,251.07,121.17,0.45,52.67,163.89,78.01,416.19,NA,NA,NA,NA,NA,NA,NA,NA,NA,NA,7.07119878,205.13,2.3462927,187.7413139
"73","9_1430","Nodo 3 - Pies inventariados","IFN2",10,25,127.32,0,0,1.62,NA,0,12.72,12.72,127.02,5.58,2.77,2.77,0.08,43.91,43.91,39.01,158.72,170.56,3,4.28,3.73,0.55,0,0,0,0,0,0,0,0,3.49,3.65,1.77,0,0.85,2.49,2.68,7.79,NA,0,"Nodo 1 - Pies inventariados","IFN3",2003,26,31.83,0,0,0.41,NA,NA,12.81,12.81,128.89,7.82,2.87,2.87,0.02,61.03,61.03,9.88,226.71,243.61,7.82,1.54,1.32,0.22,NA,NA,0,0,0,0,0,0,1.33,1.37,0.63,0,0.16,0.43,0.68,1.9,NA,NA,NA,NA,NA,NA,NA,NA,NA,NA,NA,NA,NA,NA
"74","9_1432","Nodo 3 - Pies inventariados","IFN2",10,35,219.28,0,0,9.86,NA,0,23.93,26.42,553.88,10.99,4.42,4.45,0.34,44.4,41.58,203.08,61.47,66.05,7.86,46.44,43.43,3.01,0,0,0,0,0,0,25.6,12.94,10.14,43.03,20.63,0,4.73,8.22,16.32,49.9,NA,0,"Nodo 1 - Pies inventariados","IFN3",2003,36,148.54,0,0,7.19,NA,NA,24.83,26.36,558.29,10.18,4.67,4.74,0.26,40.54,38.63,146.75,80.58,86.58,10.01,31.86,30.12,1.74,NA,NA,0,0,0,2.31,18.6,7.01,6.71,29.5,14.31,0,3.76,6.45,11.9,36.43,NA,NA,NA,NA,NA,NA,NA,NA,NA,NA,NA,NA,NA,NA
"75","9_1438","Nodo 3 - Pies inventariados","IFN2",10,45,1004.44,0,0,42.49,NA,0,23.21,29.21,671.22,12.85,3.73,3.77,1.12,51.39,44,881.84,24.55,26.38,9.5,226.99,210.24,16.76,0,0,0,0,0,2.33,129.68,92.97,58.55,211.97,99.89,0,18.05,31.04,70.33,219.32,NA,0,"Nodo 1 - Pies inventariados","IFN3",2003,46,756.87,0,0,30.97,NA,NA,22.83,30.26,721.87,13.43,3.7,3.77,0.85,55.14,44.38,645.49,27.06,29.08,13.48,176.35,163.02,13.32,NA,NA,0,0,0,4.9,95.43,67.04,48.24,164.72,77.46,0,12.64,21.59,51.27,162.95,NA,NA,NA,NA,NA,NA,NA,NA,NA,NA,NA,NA,NA,NA
"76","9_1444","Nodo 3 - Pies inventariados","IFN2",10,35,572.96,0,0,9.89,NA,0,14.83,16.58,216.97,7.76,2.93,2.94,0.39,47.61,46.82,229.62,53.81,57.82,4.75,32.82,28.97,3.84,0,0,0,0,0,0,0,0,23.57,28.59,13.77,0,4.75,11.98,16.37,46.86,NA,0,"Nodo 1 - Pies inventariados","IFN3",2003,36,190.99,0,0,3.79,NA,NA,15.89,17.38,238.25,7.83,3.22,3.25,0.16,47.96,45.04,86.4,92.46,99.35,7.8,13.46,11.99,1.47,NA,NA,0,0,0,0,0,0,9.39,11.93,5.7,0,1.8,4.26,6.27,18.03,NA,NA,NA,NA,NA,NA,NA,NA,NA,NA,NA,NA,NA,NA
"77","9_1447","Nodo 3 - Pies inventariados","IFN2",10,35,923.1,0,0,35.79,NA,0,22.22,38.88,1209.81,19.2,3.23,3.43,0.85,67.73,49.39,751,17.14,18.42,15.06,247.66,230.91,16.75,0,0,0,0,0,66.93,95.11,61.55,66.51,232.84,109.71,0.73,13.13,20.3,59.25,203.13,NA,0,"Nodo 1 - Pies inventariados","IFN3",2003,36,851.94,0,0,24.78,NA,NA,19.25,35.82,1032.41,20.4,2.91,3.14,0.66,71.98,56.96,539.02,16.79,18.04,18.78,185.5,171.34,14.16,NA,NA,0,0,2.07,52.31,76.11,50.63,49.38,174.72,81.41,0.36,14.86,43.21,41.02,180.86,NA,NA,NA,NA,NA,NA,NA,NA,NA,NA,2.61542791,205.13,1.0707052,45.8273876
"78","9_1448","Nodo 3 - Pies inventariados","IFN2",10,35,1351.05,0,0,35.07,NA,0,18.18,26.82,566.38,11.78,3.43,3.5,0.93,49.8,43.92,773.65,23.1,24.82,8.5,147.78,135.59,12.18,0,0,0,0,0,0,65.77,28.1,54.52,136.19,64.42,0,14.04,26.59,52.27,157.32,NA,0,"Nodo 1 - Pies inventariados","IFN3",2003,36,1018.59,0,0,25.81,NA,NA,17.96,26.43,550.37,14.13,3.26,3.34,0.64,63.75,53.45,571.06,22.18,23.83,13.93,133.07,120.67,12.41,NA,NA,0,0,0,0,61.43,29.42,49.8,123.97,57.33,0,8.26,14.98,37.58,118.15,NA,NA,NA,NA,NA,NA,NA,NA,NA,NA,NA,NA,NA,NA
"79","9_1458","Nodo 3 - Pies inventariados","IFN2",10,30,254.65,0,0,4.01,NA,0,14.16,14.81,172.19,6.14,2.95,2.96,0.17,43.43,41.47,94.14,102.05,109.66,3.5,11.53,10.16,1.37,0,0,0,0,0,0,0,0,8.85,9.48,4.83,0,2.11,5.66,6.64,19.23,NA,0,"Nodo 1 - Pies inventariados","IFN3",2003,31,63.66,0,0,1.03,NA,NA,14.36,14.36,162.04,7.41,3.11,3.11,0.05,51.61,51.61,24.14,169.16,181.77,7.41,3.6,3.15,0.45,NA,NA,0,0,0,0,0,0,3.06,3.05,1.5,0,0.46,1.18,1.71,4.85,NA,NA,NA,NA,NA,NA,NA,NA,NA,NA,NA,NA,NA,NA
"80","9_1459","Nodo 3 - Pies inventariados","IFN2",10,32,969.08,0,0,24.93,NA,0,18.1,25.57,514.28,11.51,3.12,3.21,0.79,53.64,44.99,550.63,27.92,30,8.29,114.06,103.44,10.62,0,0,0,0,0,0,42.83,15.2,50.55,104.16,49.15,0,10.68,21.6,41.27,122.7,NA,0,"Nodo 1 - Pies inventariados","IFN3",2003,33,671.99,0,0,17.27,NA,NA,18.09,26.12,538.65,11.08,3.11,3.29,0.57,55.49,42.41,381.43,34.83,37.43,11.18,79.52,72.53,6.99,NA,NA,0,0,0,0,32.78,14.3,29.58,72.62,34.46,0,7.59,14.75,28.58,85.39,NA,NA,NA,NA,NA,NA,NA,NA,NA,NA,NA,NA,NA,NA
"81","9_1473","Nodo 3 - Pies inventariados","IFN2",10,42,972.61,0,0,38.01,NA,0,22.31,29.13,667.9,12.81,3.59,3.69,1.04,51.99,43.98,796.66,25.03,26.9,9.44,200.2,185.44,14.76,0,0,0,0,0,2.37,109.46,87.89,52.99,186.19,88.11,0,16.43,28.62,62.91,196.07,NA,0,"Nodo 1 - Pies inventariados","IFN3",2003,43,795.77,0,0,25.95,NA,NA,20.38,29.59,690.37,12.29,3.37,3.54,0.78,50.13,41.53,556.4,28.84,30.99,12.52,128.64,119.22,9.42,NA,NA,0,0,0,4.83,64.91,42.72,34.69,119.24,56.65,0,11.78,21.88,42.95,133.26,NA,NA,NA,NA,NA,NA,NA,NA,NA,NA,NA,NA,NA,NA
"82","9_1474","Nodo 3 - Pies inventariados","IFN2",10,33,1467.76,0,0,50.34,NA,0,20.9,28.49,638.44,14.54,3.19,3.26,1.22,62.33,51.02,1072.55,17.95,19.29,10.82,300.25,273.55,26.7,0,0,0,0,0,0,149.16,101.53,103.42,280.91,129.97,0,18.45,32.36,83.33,264.11,NA,0,"Nodo 1 - Pies inventariados","IFN3",2003,34,1213.11,0,0,38.26,NA,NA,20.04,29.61,690.31,15.13,3.07,3.17,0.96,68.11,51.08,823.83,18.98,20.39,15.1,240.39,218.15,22.25,NA,NA,0,0,0,7,118.61,92.61,87.3,224.86,103.65,0,13.31,23.19,63.34,203.49,NA,NA,NA,NA,NA,NA,NA,NA,NA,NA,NA,NA,NA,NA
"83","9_1475","Nodo 3 - Pies inventariados","IFN2",10,30,891.27,0,0,13.07,NA,0,13.67,14.68,169.25,7.29,2.65,2.66,0.49,54.39,49.63,309.75,45.98,49.41,4.5,46.15,40.11,6.04,0,0,0,0,0,0,0,0,36.09,39.99,19.06,0,5.66,14.76,21.64,61.12,NA,0,"Nodo 1 - Pies inventariados","IFN3",2003,31,509.3,0,0,6.3,NA,NA,12.55,13.6,145.27,8.14,2.51,2.51,0.25,60.87,59.84,152.45,54.46,58.52,7.93,23.21,19.89,3.32,NA,NA,0,0,0,0,0,0,18.2,20.16,9.45,0,2.49,6.76,10.43,29.13,NA,NA,NA,NA,NA,NA,NA,NA,NA,NA,NA,NA,NA,NA
"84","9_1476","Nodo 3 - Pies inventariados","IFN2",10,30,700.28,0,0,14.67,NA,0,16.33,18.34,264.18,8.52,3.11,3.12,0.54,48.59,46.44,332.34,44.37,47.67,5.5,54.34,48.47,5.87,0,0,0,0,0,0,0,0,39.51,48.41,23.03,0,6.81,15.82,24.28,69.94,NA,0,"Nodo 1 - Pies inventariados","IFN3",2003,31,413.8,0,0,9.94,NA,NA,17.48,18.83,278.56,9.89,3.31,3.32,0.36,54.09,52.53,221.33,49.71,53.42,10,43.66,39.04,4.63,NA,NA,0,0,0,0,2,0,27.93,39.7,18.55,0,4.16,8.9,16.45,48.05,NA,NA,NA,NA,NA,NA,NA,NA,NA,NA,NA,NA,NA,NA
"85","9_1477","Nodo 3 - Pies inventariados","IFN2",10,30,1018.59,0,0,17.17,NA,0,14.65,18.68,274.42,7.22,2.91,2.94,0.56,48.72,38.69,399.69,43.37,46.6,4.75,55.09,48.75,6.34,0,0,0,0,0,0,0,0,39.84,48.88,23.16,0,7.29,17.55,25.54,73.54,NA,0,"Nodo 1 - Pies inventariados","IFN3",2003,31,509.3,0,0,9.85,NA,NA,15.69,19.3,293.09,12.26,2.91,2.95,0.31,61.8,63.54,225.5,36.14,38.84,11.93,43.47,38.3,5.18,NA,NA,0,0,0,0,6.17,0,28.29,39.65,18.2,0,3.19,6.92,14.52,42.82,NA,NA,NA,NA,NA,NA,0,0,0,NA,NA,NA,NA,NA
"86","9_1488","Nodo 3 - Pies inventariados","IFN2",10,41,2783.44,0,0,77.09,NA,0,18.78,27.28,586.58,14.99,2.72,2.79,1.62,74.75,54.93,1686.84,12.65,13.59,11.15,503.11,450.16,52.95,0,0,0,0,0,2.31,212.26,137.23,226.47,471.56,213.89,0,24.4,43.87,126.53,408.68,NA,0,"Nodo 1 - Pies inventariados","IFN3",2003,42,2069.01,0,0,53.25,NA,NA,18.1,26.38,551.97,14.83,2.84,2.91,1.3,68.66,56.21,1175.92,14.83,15.93,14.7,320.45,287.42,33.03,NA,NA,0,0,0,2.49,139.43,69.32,142.45,298.53,136.57,0,21.15,52.91,86.82,297.45,NA,NA,NA,NA,NA,NA,NA,NA,NA,NA,1.39265799,159.15,0.4790415,28.3840842
"87","9_1489","Nodo 3 - Pies inventariados","IFN2",10,40,763.94,0,0,39.49,NA,0,25.65,34.5,939.62,15.46,4,4.09,1.01,50.42,44.81,799.31,23.4,25.15,11.75,232.26,218.84,13.42,0,0,0,0,0,38.72,131.15,106.2,40.28,218.69,103.98,0.01,17.13,27.19,65.37,213.67,NA,0,"Nodo 1 - Pies inventariados","IFN3",2003,41,693.21,0,0,33.9,NA,NA,24.95,36.35,1042.49,15.39,4.23,4.35,1.03,39.28,42.35,690.9,24.67,26.51,15.52,178.04,170.03,8,NA,NA,0,0,0,52.65,88.45,70.54,21.63,166.48,80.79,0.08,33.13,108,56.11,278.11,NA,NA,NA,NA,NA,NA,NA,NA,NA,NA,3.86343903,173.3,1.0888596,111.6547062
"88","9_1490","Nodo 3 - Pies inventariados","IFN2",10,30,1365.2,0,0,29.47,NA,0,16.58,25.49,518.32,10.24,2.91,2.97,0.95,52.23,40.15,665.32,26.44,28.41,6.94,120.19,108.01,12.18,0,0,0,0,0,2.3,24.11,6.7,71.23,108.25,51.32,0,13.16,28.83,48.78,142.1,NA,0,"Nodo 1 - Pies inventariados","IFN3",2003,31,930.17,0,0,20.2,NA,NA,16.63,25.44,523.46,11.63,2.93,3.04,0.67,56.17,45.71,455.72,28.2,30.3,11.64,93.99,84.7,9.29,NA,NA,0,0,0,2.75,22.92,6.66,45.73,86.21,40.24,0,12.5,45.9,33.44,132.09,NA,NA,NA,NA,NA,NA,NA,NA,NA,NA,1.02008784,127.32,0.1820676,37.0959552
"89","9_1491","Nodo 3 - Pies inventariados","IFN2",10,33,95.49,0,0,3.17,NA,0,20.56,20.47,331.97,7.94,4.2,4.22,0.13,38.77,38.77,67.82,128.96,138.58,5.17,11.23,10.38,0.86,0,0,0,0,0,0,4.37,0,4.45,10.11,4.93,0,1.76,3.6,5.25,15.54,NA,0,"Nodo 1 - Pies inventariados","IFN3",2003,34,77.81,0,0,2.91,NA,NA,21.84,21.79,374.57,10.84,4.31,4.32,0.11,49.74,49.74,61.42,104.61,112.41,10.84,14.07,12.92,1.15,NA,NA,0,0,0,0,5.99,0,4.62,13.1,6.14,0,1.3,2.38,4.82,14.64,NA,NA,NA,NA,NA,NA,NA,NA,NA,NA,NA,NA,NA,NA
"90","9_1507","Nodo 3 - Pies inventariados","IFN2",10,47,1292.48,0,0,54.58,NA,0,23.19,31.54,881.77,17.65,3.2,3.27,1.08,73.2,55.97,1132.95,15.76,16.93,13.88,394.86,359.9,34.96,0,0,0,0,0,4.64,230.49,185.61,106.67,374.01,171,0,16.23,25.56,86.08,298.86,NA,0,"Nodo 1 - Pies inventariados","IFN3",2003,48,309.26,0,0,18.38,NA,NA,27.51,31.99,935.93,16.29,4.14,4.17,0.42,57.57,50.92,365.52,34.9,37.51,16.29,104.9,97.37,7.53,NA,NA,0,0,0,4.58,68.48,54.55,18.97,99.2,46.27,0,5.58,8.69,25.32,85.85,NA,NA,NA,NA,NA,NA,0,0,0,NA,NA,NA,NA,NA
"91","9_1508","Nodo 3 - Pies inventariados","IFN2",10,38,1064.57,0,0,39.63,NA,0,21.77,25.99,530.95,9.85,3.65,3.68,1.13,48.16,37.88,835.73,31.13,33.45,6.84,187.12,172.37,14.75,0,0,0,0,0,0,99.17,20.9,59.8,172.57,81.9,0,18.18,33.79,65.6,199.46,NA,0,"Nodo 1 - Pies inventariados","IFN3",2003,39,710.89,0,0,24.26,NA,NA,20.84,26.19,539.75,11.45,3.75,3.79,0.8,45.58,43.71,517.12,32.77,35.21,11.64,110.01,101.14,8.87,NA,NA,0,0,0,0,54.29,21.84,36.78,101.06,48.06,0,17.44,51.78,40.15,157.42,NA,NA,NA,NA,NA,NA,0,0,0,NA,1.76032632,95.49,0.4854075,43.6446594
"92","9_1509","Nodo 3 - Pies inventariados","IFN2",10,36,873.58,0,0,31.12,NA,0,21.3,26.03,535.83,11.76,3.59,3.62,0.9,52.76,45.19,659.86,28.76,30.91,8.47,158.13,144.78,13.35,0,0,0,0,0,2.27,73.91,21.76,56.86,146.62,68.79,0,13.06,23.99,51.51,157.35,NA,0,"Nodo 1 - Pies inventariados","IFN3",2003,37,785.16,0,0,26.17,NA,NA,20.6,25.96,539.38,14.26,3.4,3.43,0.73,62.85,54.95,559.56,25.02,26.88,14.15,156.28,141.69,14.6,NA,NA,0,0,0,4.86,73.7,28.93,61.81,146,67.32,0,9.44,16.99,43.32,137.07,NA,NA,NA,NA,NA,NA,NA,NA,NA,NA,NA,NA,NA,NA
"93","9_1524","Nodo 3 - Pies inventariados","IFN2",10,40,459.78,0,0,23.25,NA,0,25.37,29.45,682.5,13.42,4.25,4.28,0.66,51.08,45.56,471.85,34.76,37.35,10.06,132.93,124.19,8.74,0,0,0,0,0,2.46,88.03,74.49,24.24,124.73,59.01,0,9.74,15.65,38.48,122.88,NA,0,"Nodo 1 - Pies inventariados","IFN3",2003,41,159.15,0,0,9.35,NA,NA,27.35,29.39,687.86,15.07,4.69,4.74,0.28,55.05,51.27,186.25,52.6,56.52,15.12,61.61,57.95,3.67,NA,NA,0,0,0,9.84,38.48,35.31,8.68,58.2,27.53,0,3.66,5.4,15.48,52.07,NA,NA,NA,NA,NA,NA,0,0,0,NA,NA,NA,NA,NA
"94","9_1525","Nodo 3 - Pies inventariados","IFN2",10,44,1145.92,0,0,46.42,NA,0,22.71,30.02,711.98,16.59,3.3,3.37,1.02,70.74,55.26,968.66,17.81,19.13,12.81,337.21,308.1,29.12,0,0,0,0,0,7.59,194.37,148.82,93.44,318.16,146.39,0,15.1,24.02,76.84,262.34,NA,0,"Nodo 1 - Pies inventariados","IFN3",2003,45,314.77,0,0,14.18,NA,NA,23.95,29.77,701.17,17.77,3.87,3.94,0.38,66.95,59.69,292.02,31.72,34.09,17.79,103.99,95.94,8.05,NA,NA,0,0,0,7.65,58.11,43.1,24.72,98.22,45.59,0,4.81,7.45,23.47,81.32,NA,NA,NA,NA,NA,NA,0,0,0,NA,NA,NA,NA,NA
"95","9_1543","Nodo 3 - Pies inventariados","IFN2",10,40,2878.94,0,0,44.56,NA,0,14.04,20.33,333.2,10.32,2.4,2.42,1.33,63.73,50.75,1048.7,18.06,19.41,7.13,190.91,165.85,25.06,0,0,0,0,0,0,6.49,3.01,145.29,169.73,78.8,0,16.82,40.76,73.76,210.14,NA,0,"Nodo 1 - Pies inventariados","IFN3",2003,41,2496.96,0,0,28.12,NA,NA,11.98,20.08,328.14,11.75,2.11,2.15,0.9,74.32,58.54,688.69,17.03,18.29,11.82,124.05,105.8,18.25,NA,NA,0,0,0,0,6.73,3.31,89.99,108.09,50.27,0,9.66,25.21,46.55,131.69,NA,NA,NA,NA,NA,NA,NA,NA,NA,NA,NA,NA,NA,NA
"96","9_1549","Nodo 3 - Pies inventariados","IFN2",10,39,74.27,0,0,4.39,NA,0,27.42,27.2,590.4,10.2,5.31,5.34,0.17,37.51,37.51,87.29,113.73,122.21,7.26,19.7,18.84,0.86,0,0,0,0,0,2.29,11.26,6.83,2.58,18.3,8.95,0,2.38,3.89,7.26,22.48,NA,0,"Nodo 1 - Pies inventariados","IFN3",2003,40,56.59,0,0,3.98,NA,NA,29.92,29.76,702.96,11.23,5.75,5.77,0.15,37.73,37.73,77.48,118.4,127.23,11.23,19.43,18.73,0.7,NA,NA,0,0,0,2.47,12.23,10.36,1.71,18.23,8.9,0,2.12,3.24,6.58,20.85,NA,NA,NA,NA,NA,NA,NA,NA,NA,NA,NA,NA,NA,NA
"97","9_1568","Nodo 3 - Pies inventariados","IFN2",10,30,381.97,0,0,6.26,NA,0,14.44,16.09,203.31,8.89,2.86,2.87,0.25,56.1,55.24,146.22,57.57,61.87,6,24.03,21.02,3.01,0,0,0,0,0,0,0,0,19.13,21.27,9.99,0,2.62,6.46,10.36,29.43,NA,0,"Nodo 1 - Pies inventariados","IFN3",2003,31,190.99,0,0,2.29,NA,NA,12.35,13.39,143.64,9.21,2.51,2.53,0.1,71.41,68.78,55.6,78.57,84.43,8.72,9.94,8.48,1.46,NA,NA,0,0,0,0,0,0,7.27,8.88,4.03,0,0.79,2.06,3.79,10.66,NA,NA,NA,NA,NA,NA,NA,NA,NA,NA,NA,NA,NA,NA
"98","9_1577","Nodo 3 - Pies inventariados","IFN2",10,49,926.64,0,0,61.02,NA,0,28.96,35.91,1017.94,18.55,3.99,4.04,1.19,61.58,51.66,1198.26,17.71,19.03,14.31,476.79,448.46,28.33,0,0,0,0,0,103.85,302.45,234.15,50.98,453.63,213.08,0.06,21.28,29.27,101,364.7,NA,0,"Nodo 1 - Pies inventariados","IFN3",2003,50,767.48,0,0,51.66,NA,NA,29.28,36.3,1040.04,17.17,4.22,4.27,1.1,56.07,47.3,1011.7,21.02,22.59,17.26,370.64,350.73,19.9,NA,NA,0,0,0,79.5,225.37,185.72,37.8,352.14,166.64,0.08,19.63,27.4,85.51,299.26,NA,NA,NA,NA,NA,NA,NA,NA,NA,NA,NA,NA,NA,NA
"99","9_1580","Nodo 3 - Pies inventariados","IFN2",10,28,1464.23,0,0,28.21,NA,0,15.66,21.15,351.6,8.81,2.79,2.83,0.92,55.94,41.64,645.9,29.67,31.88,5.87,114.68,101.39,13.29,0,0,0,0,0,0,8.43,0,80.29,102.31,48.18,0,11.96,27.4,46.69,134.23,NA,0,"Nodo 1 - Pies inventariados","IFN3",2003,29,760.41,0,0,15.2,NA,NA,15.95,22.44,395.94,9.77,2.82,2.93,0.51,64.72,43.55,346.36,37.11,39.88,9.74,70.97,62.92,8.06,NA,NA,0,0,0,0,13.29,0,42.94,64.31,29.89,0,6.02,12.74,25.15,73.8,NA,NA,NA,NA,NA,NA,NA,NA,NA,NA,NA,NA,NA,NA
"100","9_1587","Nodo 3 - Pies inventariados","IFN2",10,25,318.31,0,0,5.4,NA,0,14.69,16.16,205.48,7.44,3,3.02,0.2,49.63,46.05,125.54,75.34,80.96,4.92,17.17,15.14,2.03,0,0,0,0,0,0,0,0,11.95,14.77,7.19,0,2.33,5.78,8.25,23.55,NA,0,"Nodo 1 - Pies inventariados","IFN3",2003,26,127.32,0,0,2.97,NA,NA,17.23,17.86,251.22,9.42,3.46,3.48,0.09,54.12,52.76,66.36,94.04,101.05,9.28,9.04,8.08,0.96,NA,NA,0,0,0,0,0,0,6.07,8.18,3.84,0,0.96,2.1,3.64,10.55,NA,NA,NA,NA,NA,NA,NA,NA,NA,NA,NA,NA,NA,NA
"101","9_1589","Nodo 3 - Pies inventariados","IFN2",10,40,417.34,0,0,17.96,NA,0,23.41,29.17,670.17,12.17,4.08,4.19,0.58,45.57,41.71,372,40.23,43.23,8.76,85.97,80.65,5.32,0,0,0,0,0,2.42,48.88,29.22,19.11,79.7,38.32,0,8.65,14.92,29.73,91.62,NA,0,"Nodo 1 - Pies inventariados","IFN3",2003,41,233.43,0,0,13.08,NA,NA,26.71,30.83,750.04,12.38,4.69,4.79,0.42,44.29,40.15,262.04,52.88,56.82,12.48,67.22,63.86,3.37,NA,NA,0,0,0,7.22,39.69,35.31,10.42,62.8,30.34,0,6.36,10.02,21.65,68.37,NA,NA,NA,NA,NA,NA,NA,NA,NA,NA,NA,NA,NA,NA
"102","9_1595","Nodo 3 - Pies inventariados","IFN2",10,40,2114.99,0,0,60.63,NA,0,19.1,26.68,559.98,10.62,3.06,3.13,1.63,52.19,39.82,1321,20.47,21.99,7.37,274.04,249.18,24.86,0,0,0,0,0,0,97.39,12.29,122.29,250.82,118.39,0,26.73,52.62,100.35,298.1,NA,0,"Nodo 1 - Pies inventariados","IFN3",2003,41,834.68,0,0,29.46,NA,NA,21.2,26.89,569.04,11.14,3.63,3.67,0.88,49.85,41.43,625.46,31.07,33.39,11.17,139.88,128.44,11.44,NA,NA,0,0,0,0,68.15,14.74,50.29,129.26,61.03,0,13.11,24.38,48.77,147.27,NA,NA,NA,NA,NA,NA,0,0,0,NA,NA,NA,NA,NA
"103","9_1596","Nodo 3 - Pies inventariados","IFN2",10,47,707.36,0,0,37.65,NA,0,26.03,33.05,866.85,15.58,4.22,4.27,0.77,53,47.14,759.25,24.13,25.93,11.37,208.74,196.43,12.31,0,0,0,0,0,27.84,128.67,109.69,28.58,197.65,93.33,0.04,12.57,18.59,52.72,177.24,NA,0,"Nodo 1 - Pies inventariados","IFN3",2003,48,385.51,0,0,26.6,NA,NA,29.64,33.83,899.97,15.56,4.56,4.6,0.52,52.02,45.99,519.35,32.74,35.18,15.64,140.56,132.94,7.62,NA,NA,0,0,0,24.89,91.87,71.19,15.13,133.38,63.16,0,8.11,11.62,34.11,116.99,NA,NA,NA,NA,NA,NA,0,0,0,NA,NA,NA,NA,NA
"104","9_1602","Nodo 3 - Pies inventariados","IFN2",10,35,2832.96,0,0,76.78,NA,0,18.58,25.76,521.11,12.73,2.79,2.85,1.81,62.71,49.42,1684.63,14.76,15.86,9.12,416.12,374.08,42.04,0,0,0,0,0,0,151.55,64.63,200,384.28,177.74,0,28.46,54.84,127.08,388.11,NA,0,"Nodo 1 - Pies inventariados","IFN3",2003,36,2412.08,0,0,56.96,NA,NA,17.34,24.59,476.63,12.31,2.68,2.79,1.48,64.96,50.08,1271.6,16.53,17.77,12.35,303.48,271.41,32.07,NA,NA,0,0,0,0,108.59,37.18,150.51,279.04,128.95,0,25.03,56.74,94.29,305.01,NA,NA,NA,NA,NA,NA,NA,NA,NA,NA,1.18261182,31.83,0.4325697,23.3638566
"105","9_1608","Nodo 3 - Pies inventariados","IFN2",10,27,1687.04,0,0,31.33,NA,0,15.38,18.63,272.69,9.25,2.73,2.74,0.99,58.42,49.67,720.74,26.31,28.27,6.37,131.97,115.92,16.05,0,0,0,0,0,0,1.84,0,100.69,118.15,55.08,0,12.62,29.34,51.86,148.9,NA,0,"Nodo 1 - Pies inventariados","IFN3",2003,28,636.62,0,0,14.96,NA,NA,17.3,20.77,338.95,11.23,3.1,3.14,0.49,62.27,54.09,334.22,35.28,37.91,11.33,74.72,66.45,8.26,NA,NA,0,0,0,0,15.02,0,43.77,68.36,31.57,0,5.65,11.67,24.77,73.66,NA,NA,NA,NA,NA,NA,NA,NA,NA,NA,NA,NA,NA,NA
"106","9_1609","Nodo 3 - Pies inventariados","IFN2",10,42,1941.69,0,0,55.69,NA,0,19.11,24.61,475.84,11.33,3.05,3.11,1.47,55.21,46.05,1213.29,20.02,21.52,8,271.78,246.22,25.56,0,0,0,0,0,0,99.25,17.21,124.62,250.28,116.99,0,22.84,44.58,92.18,276.58,NA,0,"Nodo 1 - Pies inventariados","IFN3",2003,43,1556.18,0,0,39.85,NA,NA,18.06,24.22,461.08,10.56,3.08,3.14,1.21,48.37,43.62,880.61,24,25.79,10.63,179.64,163.06,16.58,NA,NA,0,0,0,0,68,0,81.28,164.81,77.48,0,23.6,80.58,65.96,247.61,NA,NA,NA,NA,NA,NA,NA,NA,NA,NA,1.84715856,286.47,0.3784587,59.5007739
"107","9_1617","Nodo 3 - Pies inventariados","IFN2",10,38,1566.79,0,0,59.79,NA,0,22.04,31.01,756.61,16.15,3.27,3.34,1.38,61.34,52.08,1256.93,15.64,16.81,12.12,367.48,336.97,30.52,0,0,0,0,0,16.48,191.92,147.99,113.79,344.61,160.1,0,22.3,37.83,98.96,319.19,NA,0,"Nodo 1 - Pies inventariados","IFN3",2003,39,1206.04,0,0,45.04,NA,NA,21.81,33.63,888.86,15.05,3.51,3.62,1.24,51.87,44.76,949.39,19.13,20.56,14.95,256.02,237.33,18.69,NA,NA,0,0,0,27.4,136.48,99.36,66.41,239.81,112.76,0,34.63,113,74.55,334.94,NA,NA,NA,NA,NA,NA,NA,NA,NA,NA,3.71809413,254.64,0.9545817,112.4515704
"108","9_1620","Nodo 3 - Pies inventariados","IFN2",10,25,413.8,0,0,5.93,NA,0,13.51,15.25,184.7,7.08,2.74,2.76,0.25,49.05,46.41,140.88,69.47,74.65,4.4,18.59,16.24,2.35,0,0,0,0,0,0,0,0,13.66,16.01,7.72,0,2.85,7.67,9.81,28.04,NA,0,"Nodo 1 - Pies inventariados","IFN3",2003,26,127.32,0,0,2.23,NA,NA,14.95,15.36,187.37,6.61,3.15,3.17,0.1,44.33,43.06,51.75,134,143.99,6.58,6.94,6.16,0.78,NA,NA,0,0,0,0,0,0,5.18,6.01,2.93,0,1.15,2.93,3.7,10.71,NA,NA,NA,NA,NA,NA,NA,NA,NA,NA,NA,NA,NA,NA
"109","9_1626","Nodo 3 - Pies inventariados","IFN2",10,36,2351.96,0,0,60.53,NA,0,18.1,26.61,557.06,12.38,2.85,2.92,1.57,58.21,46.53,1336.77,16.65,17.9,8.94,296.61,267.18,29.42,0,0,0,0,0,0,89.79,36.87,150.22,272.85,126.95,0,24.25,48.43,100.19,299.82,NA,0,"Nodo 1 - Pies inventariados","IFN3",2003,37,1191.89,0,0,26.17,NA,NA,16.72,25.52,512.58,11.36,2.99,3.07,0.88,48.34,44.54,589.45,25.49,27.39,11.52,113.2,102.4,10.79,NA,NA,0,0,0,0,37.49,16.37,52.14,103.13,48.66,0,19.65,79.16,43.31,190.77,NA,NA,NA,NA,NA,NA,0,0,0,NA,2.2128216,254.64,0.458352,72.34959
"110","9_1688","Nodo 3 - Pies inventariados","IFN2",10,34,318.31,0,0,7.02,NA,0,16.76,22.78,408.23,9.28,4.05,4.07,0.25,43.09,40.73,158.04,60.41,64.91,6,24.79,22.9,1.89,0,0,0,0,0,0,7.71,0,9.18,22.59,10.88,0,3.38,6.77,10.67,31.71,NA,0,"Nodo 1 - Pies inventariados","IFN3",2003,35,265.26,0,0,5.38,NA,NA,16.08,20.62,340.28,6.89,4.06,4.09,0.18,41.45,33.44,122.49,89.07,95.71,6.86,13.49,12.53,0.95,NA,NA,0,0,0,0,3.49,0,5.86,12,5.96,0,2.72,5.86,7.23,21.76,NA,NA,NA,NA,NA,NA,NA,NA,NA,NA,NA,NA,NA,NA
"111","9_1735","Nodo 3 - Pies inventariados","IFN2",10,30,445.63,0,0,7.91,NA,0,15.03,17.26,236.18,6.87,3.01,3.03,0.32,44.19,39.79,182.94,68.97,74.12,4.08,24.43,21.69,2.74,0,0,0,0,0,0,0,0,17.19,21.12,10.31,0,4.09,10.34,13.09,37.82,NA,0,"Nodo 1 - Pies inventariados","IFN3",2003,31,159.15,0,0,3.3,NA,NA,16.24,17.42,241.47,5.85,3.39,3.43,0.15,36.79,33.6,74.82,135.43,145.52,5.94,8.88,8.03,0.85,NA,NA,0,0,0,0,0,0,5.66,7.57,3.81,0,2.06,5.13,5.46,16.46,NA,NA,NA,NA,NA,NA,NA,NA,NA,NA,NA,NA,NA,NA
"112","9_1810","Nodo 3 - Pies inventariados","IFN2",10,29,339.53,0,0,15.94,NA,0,24.45,29.52,688,12.08,4.3,4.36,0.51,46.86,40.94,326.53,44.91,48.26,8.79,80.74,75.63,5.11,0,0,0,0,0,2.66,45.58,26.28,17.1,75.19,35.94,0,7.36,12.36,26.38,82.04,NA,0,"Nodo 1 - Pies inventariados","IFN3",2003,30,304.16,0,0,14.16,NA,NA,24.35,29.94,708.62,11.65,4.31,4.39,0.46,46.5,38.9,290.37,49.24,52.91,11.52,70.48,66.12,4.36,NA,NA,0,0,0,5.01,35.69,22.55,15.58,65.69,31.42,0,6.67,11.19,23.44,72.72,NA,NA,NA,NA,NA,NA,NA,NA,NA,NA,NA,NA,NA,NA
"113","9_1884","Nodo 3 - Pies inventariados","IFN2",10,40,1372.27,0,0,30.67,NA,0,16.87,30.43,732.65,14.69,3.76,3.83,0.58,46.28,48.27,689.31,18.38,19.75,10.58,133.08,123.11,9.97,0,0,0,0,0,10.04,73.62,53.33,35.09,125.24,58.49,0,8.3,13.48,35.76,116.02,NA,0,"Nodo 1 - Pies inventariados","IFN3",2003,41,1266.17,0,0,27.53,NA,NA,16.64,31.22,774.88,12.85,3.92,4.03,0.5,34.25,41.16,620.93,21.87,23.5,12.2,96.49,90.04,6.44,NA,NA,0,0,0,12.58,47.03,37.22,24.99,90.29,42.78,0,7.56,12.35,28.94,91.63,NA,NA,NA,NA,NA,NA,NA,NA,NA,NA,5.23367958,541.11,0,NA
"114","9_1959","Nodo 3 - Pies inventariados","IFN2",10,35,519.91,0,0,18.58,NA,0,21.33,24.93,494.29,10.89,3.74,3.77,0.58,53.57,43.69,393.91,40.26,43.26,7.85,95.25,87.11,8.14,0,0,0,0,0,0,46.89,8.92,34.14,88.54,41.39,0,7.76,14.14,30.76,94.05,NA,0,"Nodo 1 - Pies inventariados","IFN3",2003,36,519.91,0,0,18.14,NA,NA,21.08,24.92,495.03,11.12,3.74,3.77,0.58,52.2,44.62,385.63,39.45,42.39,11.15,92.19,84.34,7.85,NA,NA,0,0,0,0,43.56,9.2,32.27,85.52,40.07,0,9.44,22.92,30.02,102.46,NA,NA,NA,NA,NA,NA,NA,NA,NA,NA,0.58904598,31.83,0.1801578,13.1757102
"115","9_218","Nodo 3 - Pies inventariados","IFN2",10,43,1407.64,0,0,42.54,NA,0,19.62,27.23,585.5,11.24,3.29,3.36,1.25,47.64,41.27,920.87,23.72,25.49,7.97,182.68,167.37,15.31,0,0,0,0,0,0,72.06,15.28,74.97,166.6,79.52,0,20.01,39.59,70.42,209.54,NA,0,"Nodo 1 - Pies inventariados","IFN3",2003,44,477.46,0,0,16.86,NA,NA,21.2,27.33,589.3,10.91,3.81,3.87,0.56,45.87,39.92,357.88,41.95,45.08,11.14,75.18,69.53,5.65,NA,NA,0,0,0,0,34.81,17.92,24.86,69.07,33.03,0,8.1,15.35,27.9,84.39,NA,NA,NA,NA,NA,NA,0,0,0,NA,NA,NA,NA,NA
"116","9_2337","Nodo 3 - Pies inventariados","IFN2",10,41,2921.38,0,0,77.49,NA,0,18.38,30.5,733,17.72,2.45,2.56,1.5,91.29,58.09,1704.93,10.44,11.22,13.5,593.97,527.82,66.15,0,0,0,0,0,14.47,229.75,153.28,279.96,557.67,250.79,0,21.88,37.58,128.27,438.52,NA,0,"Nodo 1 - Pies inventariados","IFN3",2003,42,1152.99,0,0,40.73,NA,NA,21.21,30.89,752.1,17.73,3.09,3.17,0.91,78.26,57.41,864.54,16.61,17.85,17.78,310.64,281.3,29.34,NA,NA,0,0,0,16.98,152.14,103.9,108.7,293.31,133.66,0,13.07,23.33,67.41,237.46,NA,NA,NA,NA,NA,NA,0,0,0,NA,0.39688827,31.83,0.1992558,5.44293
"117","9_2346","Nodo 3 - Pies inventariados","IFN2",10,24,316.33,0,0,36.15,NA,0,38.15,42.76,1438.76,23.46,5.02,5.07,0.64,61.97,54.86,662.69,23.97,25.75,19.2,361.27,349.87,11.39,0,0,2.59,2.59,2.24,231.58,121.68,104.74,12.73,347.07,166.24,0.94,12.13,13.41,59.84,252.57,NA,0,"Nodo 1 - Pies inventariados","IFN3",2003,25,298.22,0,0,31.99,NA,NA,36.95,42.05,1393.04,19.83,5.21,5.29,0.65,55.33,47.16,590.96,29.2,31.38,19.83,275.06,267.03,8.03,NA,NA,2.63,2.63,2.28,165.75,102.45,87.23,11.18,262.9,126.88,0.84,12.13,14.14,52.94,206.92,NA,NA,NA,NA,NA,NA,NA,NA,NA,NA,NA,NA,NA,NA
"118","9_2351","Nodo 3 - Pies inventariados","IFN2",10,31,834.68,0,0,24.54,NA,0,19.35,29.91,712.01,12.16,3.27,3.39,0.75,55.11,40.65,533.02,28.47,30.59,8.93,119.59,109.46,10.13,0,0,0,0,0,7.54,39.67,19.71,49.52,110.66,52.01,0,10.53,19.72,40.62,122.88,NA,0,"Nodo 1 - Pies inventariados","IFN3",2003,32,590.64,0,0,18.06,NA,NA,19.73,30.19,726.99,14.1,3.2,3.38,0.53,68.21,46.69,390.39,29.19,31.37,14.01,107.56,98.16,9.41,NA,NA,0,0,0,9.83,44.71,23.36,41.4,100.13,46.64,0,6.82,11.65,29.9,95.01,NA,NA,NA,NA,NA,NA,NA,NA,NA,NA,NA,NA,NA,NA
"119","9_2413","Nodo 3 - Pies inventariados","IFN2",10,71,680.62,0,0,34.18,NA,0,25.29,35.03,984.03,20.46,3.55,3.67,0.72,72.09,58.43,694.27,18.73,20.13,16.44,289.3,269.07,20.24,0,0,2.51,2.51,2.17,59.26,171.19,137.57,48.3,275.29,127.84,0.26,10.76,15.29,56.57,210.72,NA,0,"Nodo 1 - Pies inventariados","IFN3",2003,72,341.09,0,0,21.52,NA,NA,28.34,34.46,960.51,18.58,4.3,4.4,0.52,63.09,53.91,424.89,29.14,31.32,18.61,167,157.32,9.68,NA,NA,0,0,2.09,34.46,92.75,76.79,21.54,159.22,74.75,0.36,7.67,10.44,35.62,128.83,NA,NA,NA,NA,NA,NA,0,0,0,NA,NA,NA,NA,NA
"120","9_245","Nodo 3 - Pies inventariados","IFN2",10,41,77.81,0,0,4.7,NA,0,27.72,27.69,603.5,8.61,5.53,5.54,0.19,31.1,31.1,93.22,131.63,141.44,5.8,17.34,16.7,0.65,0,0,0,0,0,0,9.01,0,2.04,15.81,7.93,0,3,5.13,7.77,23.84,NA,0,"Nodo 1 - Pies inventariados","IFN3",2003,42,42.44,0,0,2.79,NA,NA,28.94,28.9,657.98,7.5,6,6.01,0.12,25.95,25.95,54.84,204.67,219.93,7.5,8.91,8.69,0.22,NA,NA,0,0,0,0,5.45,0,0.99,8.01,4.13,0,2.1,3.64,4.62,14.49,NA,NA,NA,NA,NA,NA,NA,NA,NA,NA,NA,NA,NA,NA
"121","9_246","Nodo 3 - Pies inventariados","IFN2",10,45,806.39,0,0,22.16,NA,0,18.71,26.59,559.22,8.62,3.36,3.45,0.75,46.7,32.41,485.48,40.86,43.91,5.7,86,78.52,7.48,0,0,0,0,0,0,24.35,0,42,77.6,37.31,0,11.19,22.86,36.69,108.04,NA,0,"Nodo 1 - Pies inventariados","IFN3",2003,46,120.25,0,0,6.27,NA,NA,25.76,26.32,563.29,8.32,5,5.13,0.25,33.89,31.62,126.75,109.6,117.77,8.56,21.66,20.67,0.99,NA,NA,0,0,0,0,10.46,0,4.36,19.62,9.82,0,4.45,7.83,10.38,32.47,NA,NA,NA,NA,NA,NA,0,0,0,NA,NA,NA,NA,NA
"122","9_305","Nodo 3 - Pies inventariados","IFN2",10,39,548.2,0,0,28.93,NA,0,25.92,32.14,815.15,15.84,4.2,4.25,0.78,50.49,49.28,584.04,26.96,28.97,12.06,172.26,161.93,10.33,0,0,0,0,0,19.7,102.08,81.89,27.91,162.12,76.94,0,12.21,19.4,47.88,156.44,NA,0,"Nodo 1 - Pies inventariados","IFN3",2003,40,173.3,0,0,11.21,NA,NA,28.7,31.25,774.62,14.38,4.98,5.03,0.34,47.24,46.02,220.7,52.82,56.76,14.12,66.62,63.45,3.17,NA,NA,0,0,0,14.96,39.87,31.1,7.36,62.76,30.15,0,4.97,7.35,18.56,61.03,NA,NA,NA,NA,NA,NA,0,0,0,NA,NA,NA,NA,NA
"123","9_355","Nodo 3 - Pies inventariados","IFN2",10,30,1018.59,0,0,19.75,NA,0,15.71,21.99,381.73,8.74,3.2,3.26,0.61,43.74,39.75,451.79,35.85,38.52,5.75,60.45,54.71,5.74,0,0,0,0,0,0,10.97,0,34.21,53.57,25.99,0,8.78,19.71,28.29,82.77,NA,0,"Nodo 1 - Pies inventariados","IFN3",2003,31,618.94,0,0,14.05,NA,NA,17,21.35,360.1,9.25,3.13,3.22,0.43,48.87,43.31,315.23,43.47,46.71,9.24,46.19,41.72,4.47,NA,NA,0,0,0,0,12.42,0,23.97,41.25,19.82,0,5.62,12.32,19.6,57.36,NA,NA,NA,NA,NA,NA,NA,NA,NA,NA,NA,NA,NA,NA
"124","9_382","Nodo 3 - Pies inventariados","IFN2",10,31,1556.18,0,0,39.11,NA,0,17.89,25.84,525,11.13,2.97,3.06,1.04,56.01,43.07,866.22,22.78,24.48,8.26,170.91,154.49,16.41,0,0,0,0,0,0,59.01,27.16,81.85,156.89,73.41,0,14.86,29.72,59.56,177.54,NA,0,"Nodo 1 - Pies inventariados","IFN3",2003,32,997.37,0,0,24.32,NA,NA,17.62,26.54,556.09,11.59,2.91,3.02,0.61,60.57,43.66,540.76,27.32,29.36,11.73,102.46,92.07,10.4,NA,NA,0,0,0,0,33.94,19.52,50.5,94.29,43.74,0,7.74,15.32,33.24,100.04,NA,NA,NA,NA,NA,NA,NA,NA,NA,NA,NA,NA,NA,NA
"125","9_393","Nodo 3 - Pies inventariados","IFN2",10,29,477.46,0,0,12.81,NA,0,18.48,21.87,376.23,7.98,3.53,3.57,0.48,42.52,36.49,281.34,57.34,61.62,5.12,45.53,41.45,4.07,0,0,0,0,0,0,8.68,0,24.68,40.71,19.7,0,6.69,14.47,21.2,62.05,NA,0,"Nodo 1 - Pies inventariados","IFN3",2003,30,314.77,0,0,9.59,NA,NA,19.7,22.62,402.93,8.19,3.81,3.84,0.36,41.03,36.2,207.39,68.82,73.96,7.93,34.73,31.89,2.84,NA,NA,0,0,0,0,7.08,0,16.45,31.11,15.15,0,5.14,10.68,15.88,46.84,NA,NA,NA,NA,NA,NA,0,0,0,NA,NA,NA,NA,NA
"126","9_467","Nodo 3 - Pies inventariados","IFN2",10,31,905.41,0,0,24.87,NA,0,18.7,26.44,551,13.16,3.4,3.45,0.73,55.67,49.77,544.7,25.26,27.14,9.79,122.04,111.05,10.99,0,0,0,0,0,0,48.13,23.02,52.92,112.96,52.76,0,9.76,18.54,39.83,120.89,NA,0,"Nodo 1 - Pies inventariados","IFN3",2003,32,537.59,0,0,12.46,NA,NA,17.18,21.92,382.63,12.02,3.37,3.41,0.37,60.58,54.82,278.8,35.9,38.57,11.93,57.75,51.93,5.81,NA,NA,0,0,0,0,15.38,5.8,30.58,53.39,24.68,0,4.37,8.59,18.66,56.28,NA,NA,NA,NA,NA,NA,0,0,0,NA,NA,NA,NA,NA
"127","9_610","Nodo 3 - Pies inventariados","IFN2",10,45,615.4,0,0,32.03,NA,0,25.74,30.93,752.41,14.4,4.08,4.14,0.83,54.03,46.57,647.7,27.99,30.08,10.81,196.54,183.97,12.57,0,0,0,0,0,11.81,122.58,97.96,35.5,185.1,87.41,0,12.92,20.04,53.01,173.39,NA,0,"Nodo 1 - Pies inventariados","IFN3",2003,46,544.66,0,0,28.71,NA,NA,25.91,31.84,797.91,12.58,4.28,4.37,0.82,46.16,39.5,579.71,34.07,36.61,12.48,150.91,142.66,8.25,NA,NA,0,0,0,9.71,86.47,77.76,25.43,141.11,67.79,0,13.39,21.34,47.52,150.03,NA,NA,NA,NA,NA,NA,NA,NA,NA,NA,NA,NA,NA,NA
"128","9_621","Nodo 3 - Pies inventariados","IFN2",10,35,1305.07,0,0,36.97,NA,0,18.99,22.62,401.86,10.04,3.25,3.29,1.11,50.98,44.37,806.64,27.58,29.64,7.12,162.68,147.32,15.35,0,0,0,0,0,0,45.88,0,80.16,148.71,70,0,16.39,33.2,61.19,180.78,NA,0,"Nodo 1 - Pies inventariados","IFN3",2003,36,930.17,0,0,27.69,NA,NA,19.47,23.12,420.05,11.34,3.42,3.46,0.88,52.26,49.08,600.48,28.9,31.06,11.33,127.56,115.56,12,NA,NA,0,0,0,0,45.13,2.46,58.9,117.04,54.9,0,17.3,46.17,45.83,164.2,NA,NA,NA,NA,NA,NA,NA,NA,NA,NA,1.07789112,31.83,0.2530485,32.4745575
"129","9_68","Nodo 3 - Pies inventariados","IFN2",10,35,891.27,0,0,22.19,NA,0,17.81,23.39,430.87,9.64,3.19,3.25,0.74,50.39,41.21,492.14,34.76,37.35,6.5,91.67,82.79,8.87,0,0,0,0,0,0,20.45,0,50.1,83.08,39.34,0,10.11,21.32,36.73,107.5,NA,0,"Nodo 1 - Pies inventariados","IFN3",2003,36,534.05,0,0,15.45,NA,NA,19.19,22.92,414.6,9.35,3.49,3.53,0.52,51.47,40.79,336.22,46.28,49.73,9.08,69.15,62.74,6.41,NA,NA,0,0,0,0,25,0,33.21,63.29,29.81,0,6.85,13.67,25.57,75.9,NA,NA,NA,NA,NA,NA,NA,NA,NA,NA,NA,NA,NA,NA
"130","9_714","Nodo 3 - Pies inventariados","IFN2",10,37,1174.21,0,0,37.57,NA,0,20.18,26.45,550.9,12.02,3.33,3.37,1.05,55.5,45.43,807.5,24.29,26.1,8.67,192.03,174.66,17.38,0,0,0,0,0,0,76.93,18.92,81.56,178.19,82.98,0,15.26,28.68,62.19,189.12,NA,0,"Nodo 1 - Pies inventariados","IFN3",2003,38,859.44,0,0,27.24,NA,NA,20.09,26.38,551.38,11.27,3.46,3.51,0.83,52.08,42.72,586.1,30.27,32.53,11.23,129.38,118.03,11.34,NA,NA,0,0,0,0,53.56,9.64,54.98,119.14,56.08,0,11.78,22.51,45.09,135.46,NA,NA,NA,NA,NA,NA,NA,NA,NA,NA,NA,NA,NA,NA
"131","9_72","Nodo 3 - Pies inventariados","IFN2",10,30,219.28,0,0,6.15,NA,0,18.9,21.98,395.57,7.72,3.71,3.81,0.25,37.61,35.12,134.4,87.49,94.01,4.19,19.93,18.46,1.47,0,0,0,0,0,0,5.3,0,8.58,17.92,8.77,0,3.64,7.75,10.18,30.35,NA,0,"Nodo 1 - Pies inventariados","IFN3",2003,31,106.1,0,0,3.93,NA,NA,21.71,21.36,382.32,7.35,4.29,4.42,0.16,34.6,34.4,82.88,132.09,141.94,7.26,13.42,12.67,0.75,NA,NA,0,0,0,0,5.32,0,3.99,12.19,6.02,0,2.44,4.76,6.5,19.71,NA,NA,NA,NA,NA,NA,NA,NA,NA,NA,NA,NA,NA,NA
"132","9_76","Nodo 3 - Pies inventariados","IFN2",10,30,1050.42,0,0,18.85,NA,0,15.12,19.79,307.66,8.75,3.34,3.35,0.59,50.97,44.2,435.45,35.27,37.9,5.75,64.32,57.99,6.33,0,0,0,0,0,0,5.75,0,39.95,57.8,27.55,0,7.99,17.45,27.79,80.78,NA,0,"Nodo 1 - Pies inventariados","IFN3",2003,31,763.94,0,0,14.56,NA,NA,15.58,20.22,321.5,9.12,3.39,3.41,0.44,55.35,45.12,333.87,39.65,42.61,8.93,46.87,42.3,4.57,NA,NA,0,0,0,0,4.31,0,27.11,42.14,20.1,0,5.83,12.69,20.04,58.66,NA,NA,NA,NA,NA,NA,NA,NA,NA,NA,NA,NA,NA,NA
"133","9_77","Nodo 3 - Pies inventariados","IFN2",10,30,413.8,0,0,6.43,NA,0,14.07,15.36,186.44,7.25,2.84,2.86,0.27,47.41,47.17,151.32,67.82,72.88,4.5,20.38,17.91,2.47,0,0,0,0,0,0,0,0,15.87,17.61,8.51,0,3.13,8.22,10.65,30.5,NA,0,"Nodo 1 - Pies inventariados","IFN3",2003,31,222.82,0,0,2.84,NA,NA,12.74,14.42,165.62,6.96,2.67,2.7,0.13,45.94,48.27,68.5,96.26,103.44,5.78,8.25,7.21,1.04,NA,NA,0,0,0,0,0,0,5.7,7.02,3.42,0,1.43,4.11,4.7,13.68,NA,NA,NA,NA,NA,NA,NA,NA,NA,NA,NA,NA,NA,NA
"134","9_903","Nodo 3 - Pies inventariados","IFN2",10,20,28.29,0,0,2.64,NA,0,34.45,33.44,932.02,12.33,8.15,8.15,0.07,36.88,36.88,49.58,152.47,163.84,10.75,9.62,9.71,-0.09,0,0,0,0,0,6.31,1.76,0,0,9.08,4.61,0.1,1.23,1.54,3.2,10.68,NA,0,"Nodo 1 - Pies inventariados","IFN3",2003,21,28.29,0,0,2.8,NA,NA,35.52,35.43,990.86,9.66,7.75,7.75,0.07,27.26,27.26,52.31,194.63,209.15,9.66,5.7,5.75,-0.05,NA,NA,0,0,0,2.82,1.69,0,0,5.27,2.73,0,1.27,1.83,2.64,8.47,NA,NA,NA,NA,NA,NA,NA,NA,NA,NA,NA,NA,NA,NA
"135","9_904","Nodo 3 - Pies inventariados","IFN2",10,19,425.97,0,0,11.17,NA,0,18.28,30.03,746.49,9.63,5.89,6.07,0.23,36.24,32.05,246.19,50.33,54.08,7.16,26.32,25.89,0.44,0,0,0,0,0,6.09,12.84,9.3,2.14,24.28,12.3,0.41,4.48,6.55,10.66,34.4,NA,0,"Nodo 1 - Pies inventariados","IFN3",2003,20,408.29,0,0,11.42,NA,NA,18.87,29.23,709.38,7.22,6.03,6.26,0.19,33.86,24.72,249.54,68.51,73.62,7,13.69,13.66,0.03,NA,NA,0,0,0,1.53,3.76,0,1.13,12.37,6.49,0.31,4.59,7.36,7.97,26.71,NA,NA,NA,NA,NA,NA,NA,NA,NA,NA,NA,NA,NA,NA
"136","9_919","Nodo 3 - Pies inventariados","IFN2",10,48,1138.84,0,0,38.93,NA,0,20.86,31.39,776.43,14.09,4.06,4.12,0.67,59.14,44.89,829.76,21.03,22.6,10.5,160.83,150.57,10.25,0,0,0,0,0,11.97,102.55,89.86,29.11,151.38,71.54,0,10.76,16.72,43.73,142.75,NA,0,"Nodo 1 - Pies inventariados","IFN3",2003,49,848.83,0,0,34.12,NA,NA,22.62,32.02,808.62,14.94,4.15,4.25,0.57,58.25,46.64,712.67,22.98,24.69,14.79,110.94,104.58,6.36,NA,NA,0,0,0,14.51,62.42,56.31,19.65,103.72,49.69,0,11.41,25.1,32.93,119.13,NA,NA,NA,NA,NA,NA,NA,NA,NA,NA,0.86023758,31.83,0.305568,17.079978
"137","9_924","Nodo 3 - Pies inventariados","IFN2",10,45,572.96,0,0,14.06,NA,0,17.68,23.28,429.16,9.52,3.24,3.35,0.5,46.62,40.91,312.35,43.87,47.14,6.25,55.23,50.32,4.91,0,0,0,0,0,0,20.44,0,23.75,49.96,23.91,0,6.85,14.62,23.27,68.65,NA,0,"Nodo 1 - Pies inventariados","IFN3",2003,46,519.91,0,0,10.5,NA,NA,16.03,22.29,395.27,7.47,2.99,3.17,0.41,39.59,33.53,238.94,58.68,63.05,7.52,33.67,30.83,2.84,NA,NA,0,0,0,0,9.52,0,13.51,29.65,14.65,0,6.08,14.48,17.37,52.58,NA,NA,NA,NA,NA,NA,NA,NA,NA,NA,NA,NA,NA,NA
"138","9_926","Nodo 3 - Pies inventariados","IFN2",10,43,2472.21,0,0,52.23,NA,0,16.4,27.61,599.9,13.15,3.3,3.38,0.85,50.79,47.62,1182.26,15.3,16.44,9.47,189.88,173.6,16.28,0,0,0,0,0,0,98.87,66.63,62.43,177.18,82.48,0,12.9,22.58,55.28,173.25,NA,0,"Nodo 1 - Pies inventariados","IFN3",2003,44,1135.31,0,0,NA,NA,NA,16.83,28.63,646.93,11.76,4.6,4.62,0.33,42.71,41.08,567.77,25.23,27.11,11.71,56.32,53.23,3.09,NA,NA,0,0,0,2.31,37.18,32.67,8.22,52.67,25.29,0,5.24,8.44,18.24,57.2,NA,NA,NA,NA,NA,NA,0,0,0,NA,NA,NA,NA,NA
"139","9_959","Nodo 3 - Pies inventariados","IFN2",10,39,1343.98,0,0,34.94,NA,0,18.19,31.46,777.94,14.67,3.73,3.87,0.6,58.33,46.63,770.63,18.59,19.98,11.62,140.01,130.98,9.03,0,0,0,0,0,16.48,83.83,67.56,26.47,131.75,62.24,0,9.15,14.46,37.83,123.68,NA,0,"Nodo 1 - Pies inventariados","IFN3",2003,40,820.53,0,0,27.18,NA,NA,20.54,33.35,877.2,14.75,3.65,3.9,0.5,46.77,44.22,581.65,23.67,25.44,14.73,103.05,97.33,5.72,NA,NA,0,0,0,14.69,61.55,55.32,13.65,96.69,46.24,0,8.67,17.81,29.14,101.87,NA,NA,NA,NA,NA,NA,NA,NA,NA,NA,1.86845283,190.98,0.1390971,NA
