"","X","PLOT_ID","Hoja_arboles.x","INVENTORY_ID_IFN2","simanfor.plot.MARTONNE_1","simanfor.plot.MARTONNE_2","simanfor.plot.MARTONNE_3","simanfor.plot.MARTONNE_4","Anho.x","T_IFN2","N_IFN2","N_muerto_IFN2","N_incorporado_IFN2","G_IFN2","G_muerta_IFN2","G_incorporada_IFN2","dg_IFN2","Do_IFN2","Seccion_dominante_IFN2","Ho_IFN2","d_copa_IFN2","Do_copa_IFN2","FCC_IFN2","Esbeltez.x","Esbeltez_dominante.x","SDI_IFN2","Hart_IFN2","Hart_tresbolillo_IFN2","SI_IFN2","VOB_IFN2","VUB_IFN2","VBARK_IFN2","V_muerto_IFN2","V_incorporado_IFN2","V_desenrollo.x","V_chapa.x","V_sierra_gruesa_IFN2","V_sierra_IFN2","V_sierra_canter_IFN2","V_postes.x","V_estacas.x","V_trituracion_IFN2","WSW_IFN2","WTHICKB_IFN2","WB2_7_IFN2","WTBL_IFN2","WR_IFN2","WT_IFN2","WT_muerta_IFN2","WT_incorporada_IFN2","Hoja_arboles.y","INVENTORY_ID_IFN3","Anho.y","T_IFN3","N_IFN3","N_muerto_IFN3.x","N_incorporado_IFN3.x","G_IFN3","G_muerta_IFN3.x","G_incorporada_IFN3.x","dg_IFN3","Do_IFN3","Seccion_dominante_IFN3","Ho_IFN3","d_copa_IFN3","Do_copa_IFN3","FCC_IFN3","Esbeltez.y","Esbeltez_dominante.y","SDI_IFN3","Hart_IFN3","Hart_tresbolillo_IFN3","SI_IFN3","VOB_IFN3","VUB_IFN3","VBARK_IFN3","V_muerto_IFN3.x","V_incorporado_IFN3.x","V_desenrollo.y","V_chapa.y","V_sierra_gruesa_IFN3","V_sierra_IFN3","V_sierra_canter_IFN3","V_postes.y","V_estacas.y","V_trituracion_IFN3","WSW_IFN3","WTHICKB_IFN3","WB2_7_IFN3","WTBL_IFN3","WR_IFN3","WT_IFN3","WT_muerta_IFN3.x","WT_incorporada_IFN3.x","G_incorporada_IFN3.y","N_incorporado_IFN3.y","V_incorporado_IFN3.y","WT_incorporada_IFN3.y","G_cortada_IFN3","N_cortado_IFN3","V_cortado_IFN3","WT_cortada_IFN3","G_muerta_IFN3.y","N_muerto_IFN3.y","V_muerto_IFN3.y","WT_muerta_IFN3.y"
"1",1,"40_1022","Nodo 3 - Pies inventariados","IFN2",NA,NA,NA,NA,10,35,1071.93,12.67,140.27,35.97,0.01,4.89,20.67,30.42,731.48,13.21,3.27,3.41,0.98,58.85,43.43,768.39,23.12,24.84,11.87,196.2,180.17,16.04,0.04,26.08,0,0,0,6.14,93.94,73.9,65.16,182.54,85.6,0,14.54,25.52,59.53,185.19,0.04,23.27,"Nodo 1 - Pies inventariados","IFN3",2004,37,802.85,0,0,32.94,NA,NA,22.85,34.35,935.28,14.53,3.5,3.7,0.86,58.33,42.29,686.19,24.29,26.1,14.44,196.56,183.4,13.16,NA,NA,0,0,0,26.65,96.65,75.22,49.12,184.45,87.14,0.02,13.34,21.2,54.52,176.22,NA,NA,NA,NA,NA,NA,NA,NA,NA,NA,0.61619697,31.83,3.6088854,3.0926028
"2",2,"40_1033","Nodo 3 - Pies inventariados","IFN2",NA,NA,NA,NA,10,35,1239.92,10.6,185.95,29.89,0,6.02,17.52,25.13,498.72,10.3,3.04,3.14,0.96,49.72,40.96,665.59,27.58,29.64,8.71,121.9,110.5,11.4,0.02,25.41,0,0,0,0,38.96,0,60.25,110.22,52.5,0,13.99,29.63,49.48,145.6,0.03,28.09,"Nodo 1 - Pies inventariados","IFN3",2004,37,700.28,0,0,22.43,NA,NA,20.19,26.48,555.81,11.66,3.48,3.54,0.69,55.19,44.04,482.01,32.4,34.82,11.47,113.31,103.28,10.03,NA,NA,0,0,0,2.26,44.83,12.33,46.44,104.8,49.07,0,9.32,17.43,37.13,112.95,NA,NA,NA,NA,NA,NA,0,0,0,NA,NA,NA,NA,NA
"3",3,"40_1062","Nodo 3 - Pies inventariados","IFN2",NA,NA,NA,NA,10,38,1130.7,8.4,120.51,18.54,0,2.15,14.45,20.84,341.3,7.87,2.73,2.8,0.7,44.86,37.75,433.15,37.8,40.61,6.87,56.62,50.4,6.22,0.02,6.46,0,0,0,0,4.87,0,35.63,48.69,23.95,0,9.79,24.99,30.69,89.41,0.02,9.8,"Nodo 1 - Pies inventariados","IFN3",2004,40,679.06,0,0,16.67,NA,NA,17.68,22.88,415.29,9.74,3.23,3.31,0.58,49.6,42.57,370.29,39.4,42.34,9.72,65.97,59.69,6.27,NA,NA,0,0,0,0,10.24,0,34.38,59.49,28.36,0,7.94,16.82,27.59,80.71,NA,NA,NA,NA,NA,NA,NA,NA,NA,NA,NA,NA,NA,NA
"4",4,"40_1089","Nodo 3 - Pies inventariados","IFN2",NA,NA,NA,NA,10,42,456.77,1.97,126.28,14.87,0,5.05,20.36,25,491.95,8.23,3.81,3.86,0.54,41.49,32.94,318.97,56.82,61.06,7.79,55.65,51.34,4.31,0.03,18.02,0,0,0,0,15.99,0,23.19,50.48,24.39,0,7.97,15.94,24.62,72.92,0.04,23.41,"Nodo 1 - Pies inventariados","IFN3",2004,44,275.87,0,0,10.5,NA,NA,22.02,24.85,491.34,10.52,4.07,4.12,0.33,47.26,42.33,220.88,57.25,61.52,10.59,42.58,39.4,3.18,NA,NA,0,0,0,0,21.57,2.71,14.08,39.34,18.72,0,4.41,8.02,15.42,46.57,NA,NA,NA,NA,NA,NA,NA,NA,NA,NA,NA,NA,NA,NA
"5",5,"40_1141","Nodo 3 - Pies inventariados","IFN2",NA,NA,NA,NA,10,29,941.04,5.92,119.37,31.55,0,4.74,20.66,25.99,531.55,11.44,3.47,3.52,0.92,54.16,44.02,674.12,28.49,30.62,10.19,157.89,144.08,13.8,0.02,22.83,0,0,0,0,62.72,20.2,63.99,146.28,68.46,0,13.26,24.56,52.22,158.5,0.02,22.29,"Nodo 1 - Pies inventariados","IFN3",2004,31,650.77,0,0,29.92,NA,NA,24.19,31.2,766.88,14.38,3.85,3.91,0.78,58.3,46.09,614.53,27.26,29.29,14.51,187.56,173.81,13.75,NA,NA,0,0,0,14.03,113.51,88.49,43.08,176.7,82.58,0,11.44,18.24,49.52,161.78,NA,NA,NA,NA,NA,NA,NA,NA,NA,NA,NA,NA,NA,NA
"6",6,"40_1145","Nodo 3 - Pies inventariados","IFN2",NA,NA,NA,NA,10,38,528.65,3.06,86.08,22.9,0,3.82,23.48,30.52,734.64,11,4.03,4.12,0.71,47.42,36.03,473.85,39.55,42.5,9.81,110.63,103.32,7.31,0.03,17.9,0,0,0,8.58,58.65,20.77,28.39,102.48,49.09,0,10.89,18.64,37.9,116.53,0.03,18.03,"Nodo 1 - Pies inventariados","IFN3",2004,40,205.13,0,0,12.58,NA,NA,27.95,32.66,846.96,12.25,4.83,4.97,0.4,45.92,37.49,249.31,57.02,61.27,12.48,68.09,64.98,3.11,NA,NA,0,0,0,17.6,35.88,32.79,10.02,63.8,30.87,0,6.11,9.15,20.83,66.96,NA,NA,NA,NA,NA,NA,0,0,0,NA,NA,NA,NA,NA
"7",7,"40_1396","Nodo 3 - Pies inventariados","IFN2",NA,NA,NA,NA,10,28,29.31,0.12,0,3.41,0,0,38.51,37.15,1164.88,8.82,7.47,7.73,0.14,23.74,23.74,62.42,209.39,225.01,8.12,12.82,13.1,-0.28,0.01,0,0,0,0,7.59,2.5,0,0.36,11.81,6.22,0.58,2.78,3.78,5.65,19.02,0.02,0,"Nodo 1 - Pies inventariados","IFN3",2004,30,10.19,0,0,2.4,NA,NA,54.73,54.69,2352.43,9.96,11.05,11.06,0.1,18.21,18.21,40.13,314.64,338.1,9.96,9.25,9.83,-0.57,NA,NA,0,0,2.2,6.84,0,0,0,8.62,4.67,1.29,2.23,2.54,3.97,14.7,NA,NA,NA,NA,NA,NA,0,0,0,NA,NA,NA,NA,NA
"8",8,"40_1808","Nodo 3 - Pies inventariados","IFN2",NA,NA,NA,NA,10,35,2560.88,27.41,169.14,28.42,0.01,2.41,11.89,17.15,231.68,7.81,2.18,2.24,1,56.8,45.55,697.23,25.29,27.18,7,92.42,79.6,12.81,0.02,7.71,0,0,0,0,0,0,63.6,78.04,37.82,0,12.59,35.32,47.04,132.77,0.04,10.73,"Nodo 1 - Pies inventariados","IFN3",2004,37,1114.08,0,0,18.99,NA,NA,14.73,20.88,343.18,10.24,2.7,2.78,0.68,47.7,49.04,441.63,29.26,31.44,10.19,70.16,62.74,7.43,NA,NA,0,0,0,0,12.61,0,39.15,62.29,29.81,0,9.37,24.25,31.44,94.87,NA,NA,NA,NA,NA,NA,0,0,0,NA,NA,NA,NA,NA
"9",9,"42_1194","Nodo 3 - Pies inventariados","IFN2",NA,NA,NA,NA,10,32,1120.35,9.09,142.68,15.63,0,2.37,13.33,19.7,305.42,8.88,2.49,2.56,0.58,54.95,45.08,372.74,33.64,36.14,7.87,55.26,48.41,6.86,0.02,8.37,0,0,0,0,5.06,0,37.08,48.23,23,0,6.94,17.82,25.88,73.64,0.02,10.34,"Nodo 1 - Pies inventariados","IFN3",2004,34,1779,0,0,21.71,NA,NA,12.47,21.16,354.82,10.76,2.64,2.73,0.44,68.36,50.87,526.33,22.03,23.67,10.66,62.98,55.5,7.48,NA,NA,0,0,0,0,12.23,0,39.86,56.66,26.37,0,5.17,11.38,22.46,65.38,NA,NA,NA,NA,NA,NA,NA,NA,NA,NA,NA,NA,NA,NA
"10",10,"42_124","Nodo 3 - Pies inventariados","IFN2",NA,NA,NA,NA,10,22,303.66,1.19,113.86,5.2,0,1.85,14.76,15.51,189.03,6.58,3.04,3.04,0.22,42.94,42.44,120.76,87.16,93.66,5.87,15.36,13.61,1.75,0.01,5.37,0,0,0,0,0,0,11.5,13.12,6.46,0,2.74,7.13,8.6,24.93,0.01,8.1,"Nodo 1 - Pies inventariados","IFN3",2004,24,222.82,0,0,6.45,NA,NA,19.2,20.71,337.67,10.14,3.69,3.7,0.24,51.71,48.99,140.39,66.04,70.97,10.04,29.26,26.48,2.78,NA,NA,0,0,0,0,6.64,0,14.77,26.76,12.58,0,2.77,5.57,10.68,31.6,NA,NA,NA,NA,NA,NA,NA,NA,NA,NA,NA,NA,NA,NA
"11",11,"42_586","Nodo 3 - Pies inventariados","IFN2",NA,NA,NA,NA,10,28,896.94,5.45,170.28,10.26,0.01,2.42,12.07,15.35,185.3,5.71,2.43,2.46,0.43,44.47,37.19,250.68,58.48,62.84,5.07,26.18,22.76,3.42,0.02,6.2,0,0,0,0,0,0,18.06,21.34,10.81,0,5.53,16.48,16.98,49.8,0.03,11.08,"Nodo 1 - Pies inventariados","IFN3",2004,30,254.65,0,0,5.02,NA,NA,15.84,18.17,259.85,8.19,3.17,3.2,0.2,48.31,45.05,114.61,76.55,82.26,8.02,17.96,16,1.95,NA,NA,0,0,0,0,0,0,12.55,15.95,7.6,0,2.38,5.62,8.31,23.91,NA,NA,NA,NA,NA,NA,NA,NA,NA,NA,NA,NA,NA,NA
"14",14,"42_828","Nodo 3 - Pies inventariados","IFN2",NA,NA,NA,NA,10,30,427.31,3.17,48.51,3.08,0,0.33,9.57,11.26,99.56,4.96,2.04,2.06,0.14,48.85,44.06,79.66,97.51,104.78,4.5,7.08,5.96,1.11,0.02,0.75,0,0,0,0,0,0,4.13,5.03,2.83,0,1.56,5.5,5.09,14.98,0.04,1.45,"Nodo 1 - Pies inventariados","IFN3",2004,32,286.48,0,0,3.39,NA,NA,12.28,13.01,135.06,7.49,2.51,2.53,0.14,61.96,57.6,82.53,78.85,84.73,7.43,12.42,10.62,1.8,NA,NA,0,0,0,0,0,0,8.96,10.59,5.05,0,1.34,3.65,5.61,15.65,NA,NA,NA,NA,NA,NA,NA,NA,NA,NA,NA,NA,NA,NA
"15",15,"5_1030","Nodo 3 - Pies inventariados","IFN2",NA,NA,NA,NA,10,29,1108.38,9.26,198.08,24.35,0,6.36,16.73,26.36,547.99,8.64,2.97,3.11,0.84,46.53,32.78,548.56,34.77,37.36,7.3,86.06,78.23,7.83,0.03,22.68,0,0,0,0,16.64,0,42.57,76.58,37.17,0,12.7,27.84,40.31,118.03,0.03,29.9,"Nodo 1 - Pies inventariados","IFN3",2002,29,1174.21,0,0,37.3,NA,NA,20.11,29.7,697.13,13.31,3.1,3.29,1,60.8,44.81,802.34,21.93,23.56,13.41,211.15,193.94,17.22,NA,NA,0,0,0,4.96,114.83,80.24,61.41,196.6,92.15,0,14.81,25.96,61.74,194.66,NA,NA,16.17930733,509.34,95.059489,85.4584492,NA,NA,NA,NA,2.58045736,187.45,14.1174169,12.8225831
"16",16,"5_1035","Nodo 3 - Pies inventariados","IFN2",NA,NA,NA,NA,10,45,569.39,4.28,74.99,26.22,0,3.57,24.21,34.29,925.31,11.57,4.07,4.22,0.79,44.74,33.75,538.4,36.21,38.91,10.12,123.8,116.95,6.86,0.02,16.45,0,0,0,18.13,58.81,29.78,28.05,114.92,55.57,0,13.21,22.02,43.4,134.19,0.03,17.06,"Nodo 1 - Pies inventariados","IFN3",2002,45,611.86,0,0,37.29,NA,NA,27.85,38.41,1165.17,14.66,4.3,4.44,0.95,50.04,38.16,739.31,27.58,29.64,14.66,222.62,211.99,10.63,NA,NA,0,0,0,57.57,116.06,93.03,32.08,209.64,100.72,0.21,16.62,24.29,61.71,203.55,NA,NA,8.89629855,187.48,52.4556245,47.40466,NA,NA,NA,NA,0.7198105,14.15,4.3727745,3.8608275
"17",17,"5_1037","Nodo 3 - Pies inventariados","IFN2",NA,NA,NA,NA,10,30,1778.77,15.47,139.04,24.74,0.01,2.26,13.31,18.66,273.49,6.94,2.48,2.54,0.9,48.22,37.21,590.13,34.15,36.7,6.37,75.93,66.68,9.26,0.02,6.93,0,0,0,0,0,0,53.35,64.62,31.68,0,12.26,32.85,40.96,117.75,0.04,10.23,"Nodo 1 - Pies inventariados","IFN3",2002,30,594.18,0,0,16.03,NA,NA,18.53,23.05,417.68,8.89,3.45,3.52,0.58,42.5,38.55,351.9,46.17,49.61,8.89,58.36,53.38,4.98,NA,NA,0,0,0,0,13.5,0,26.84,52.64,25.36,0,8.45,18.05,26.53,78.4,NA,NA,3.67796746,102.58,13.9943978,18.228563,0,0,0,NA,NA,NA,NA,NA
"18",18,"5_390","Nodo 3 - Pies inventariados","IFN2",NA,NA,NA,NA,10,20,300.61,2.06,48.03,2.19,0,0.33,9.64,10.41,85.04,4.96,2.08,2.09,0.1,51.63,47.62,56.7,116.4,125.08,4.5,5.35,4.49,0.86,0.02,0.79,0,0,0,0,0,0,3.02,4.17,2.13,0,1.06,3.67,3.63,10.49,0.04,1.41,"Nodo 1 - Pies inventariados","IFN3",2002,20,1559.72,0,0,13.11,NA,NA,10.35,15.65,194.37,5.64,2.06,2.11,0.55,45.87,36.03,333.05,44.92,48.27,5.5,30.45,26.12,4.33,NA,NA,0,0,0,0,0,0,17.6,22.61,12.41,0,7.18,23.73,21.7,65.03,NA,NA,11.55559503,1400.52,26.4185817,57.5737857,NA,NA,NA,NA,NA,NA,NA,NA
"19",19,"5_614","Nodo 3 - Pies inventariados","IFN2",NA,NA,NA,NA,10,25,977.89,6.68,125.14,15.84,0,2.1,14.36,18.24,261.55,7.46,2.75,2.79,0.6,47.72,40.93,370.71,42.84,46.04,7.53,51.15,45.16,5.99,0.01,6.64,0,0,0,0,0,0,37.41,44.3,21.46,0,7.76,19.81,26.22,75.25,0.01,9.25,"Nodo 1 - Pies inventariados","IFN3",2002,25,1106.59,0,0,20.81,NA,NA,15.48,25.63,575.28,9.81,2.63,2.71,0.57,49.39,38.27,478.04,30.65,32.94,9.59,53.3,47.15,6.15,NA,NA,0,0,0,0,4.14,0,35.17,46.56,22.4,0,7.47,18.54,25.92,74.34,NA,NA,2.40233742,254.64,6.2364519,NA,NA,NA,NA,NA,NA,NA,NA,NA
"20",20,"5_615","Nodo 3 - Pies inventariados","IFN2",NA,NA,NA,NA,10,30,1340.52,13.95,173.18,31.73,0,6.02,17.36,29.39,683.19,8.36,3.05,3.21,1.08,41.91,28.44,708.07,32.67,35.11,6.65,103.44,95.04,8.4,0.02,19.33,0,0,0,0,28.16,0,46.87,91.58,45.16,0,18.5,40.05,52.52,156.22,0.02,29.45,"Nodo 1 - Pies inventariados","IFN3",2002,30,548.2,0,0,30.22,NA,NA,26.49,36.56,1063.72,11.06,4.45,4.59,0.91,40.03,30.25,606.8,38.61,41.49,10.94,137.59,131.66,5.93,NA,NA,0,0,0,25.35,69.72,27.72,23.68,127.54,62.56,0.23,16.56,26.58,50.02,155.95,NA,NA,6.27488825,113.2,29.440773,32.14597,0,0,0,NA,0.92638032,31.83,4.1296242,4.5236796
"21",21,"5_667","Nodo 3 - Pies inventariados","IFN2",NA,NA,NA,NA,10,30,312.07,1.2,111.67,11.81,0,4.43,21.95,26.59,560.55,7.99,4.19,4.27,0.45,34.42,30.05,248.58,70.84,76.12,7.35,39.4,37.06,2.34,0.01,14.45,0,0,0,0,15.28,0,11.64,35.42,17.61,0,7.4,14.51,19.55,59.06,0.02,20.74,"Nodo 1 - Pies inventariados","IFN3",2002,30,102.57,0,0,6.73,NA,NA,28.9,28.33,665.39,8.81,5.49,5.64,0.26,31.16,31.09,132.21,112.09,120.45,8.76,25.85,25.2,0.65,NA,NA,0,0,0,5.08,12.91,3.19,2.9,23.74,11.97,0.01,4.49,7.22,11.14,34.82,NA,NA,0.93602481,31.83,2.8538778,4.6118487,0,0,0,NA,NA,NA,NA,NA
"22",22,"5_669","Nodo 3 - Pies inventariados","IFN2",NA,NA,NA,NA,10,25,814.3,4.87,150.72,11.69,0.01,2.25,13.52,17.48,240.13,6.3,2.7,2.75,0.48,38.27,36.04,277.65,55.64,59.79,5.37,28.54,25.34,3.2,0.02,5.37,0,0,0,0,0,0,19.24,23.12,12.04,0,7.12,20.11,19.34,58.61,0.03,10.73,"Nodo 1 - Pies inventariados","IFN3",2002,25,845.29,0,0,21.58,NA,NA,18.03,25,494.37,8.81,3.29,3.39,0.76,42.48,35.26,477.15,39.02,41.93,8.81,75.29,68.89,6.4,NA,NA,0,0,0,0,18.23,0,36.6,67.05,32.73,0,11.85,25.83,35.73,106.14,NA,NA,11.80305444,498.69,41.8477388,57.4653083,NA,NA,NA,NA,NA,NA,NA,NA
"23",23,"5_670","Nodo 3 - Pies inventariados","IFN2",NA,NA,NA,NA,10,25,1041.7,7.16,157.6,11.53,0,2.44,11.87,17.04,228.84,6.03,2.38,2.44,0.49,39.69,35.36,282.99,51.41,55.24,4.87,26.08,22.86,3.22,0.02,5.73,0,0,0,0,0,0,16.95,20.39,10.86,0,7.01,21.63,19.09,58.59,0.03,11.77,"Nodo 1 - Pies inventariados","IFN3",2002,25,880.66,0,0,21.19,NA,NA,17.5,23.61,438.71,8.37,3.28,3.35,0.77,38.64,35.45,471.95,40.26,43.26,8.35,66,60.31,5.69,NA,NA,0,0,0,0,11.64,0,34.8,58.17,28.66,0,12.43,28.58,35.08,104.75,NA,NA,13.10060759,615.39,38.5703412,64.9118953,NA,NA,NA,NA,NA,NA,NA,NA
"24",24,"5_672","Nodo 3 - Pies inventariados","IFN2",NA,NA,NA,NA,10,30,156.32,0.59,40.19,9.82,0,2.14,28.29,31.61,799.04,8.21,5.35,5.5,0.37,29.84,25.96,194.04,97.46,104.73,7.5,34.12,33.26,0.86,0.02,7.32,0,0,0,6.51,15.77,0,4.29,31.07,15.8,0,7.01,11.55,16.26,50.63,0.03,10.22,"Nodo 1 - Pies inventariados","IFN3",2002,30,254.22,0,0,9.07,NA,NA,21.31,31.05,789.1,10.07,6,6.1,0.28,39.64,32.43,192.21,62.29,66.94,9.63,33.23,32.63,0.59,NA,NA,0,0,0,11.8,16.87,9.76,2.38,30.81,15.5,0.28,4.99,7.36,12.88,41.01,NA,NA,2.07759704,173.3,4.1758065,NA,NA,NA,NA,NA,NA,NA,NA,NA
"25",25,"5_707","Nodo 3 - Pies inventariados","IFN2",NA,NA,NA,NA,10,28,1002.18,6.36,152.64,27.4,0,5.43,18.66,24.65,479.26,10.51,3.3,3.36,0.89,47.6,42.63,600.53,30.06,32.3,8.59,111.7,101.7,10.01,0.02,23.09,0,0,0,0,33.16,6.95,53.98,101.23,48.32,0,12.97,26.77,45.35,133.41,0.02,25.26,"Nodo 1 - Pies inventariados","IFN3",2002,28,901.88,0,0,36.64,NA,NA,22.74,30.35,726.55,14.07,3.59,3.66,0.95,57.06,46.36,764.21,23.66,25.43,14.07,217.05,200.37,16.68,NA,NA,0,0,0,5.22,123.83,92.89,58.48,203.39,95.2,0,14.28,24.02,60.64,194.14,NA,NA,12.56949364,258.23,77.0454149,67.6566257,NA,NA,NA,NA,NA,NA,NA,NA
"26",26,"5_708","Nodo 3 - Pies inventariados","IFN2",NA,NA,NA,NA,10,41,1087.71,7.97,165.51,30,0,5.55,18.74,25.83,524.66,9.36,3.28,3.37,0.97,45.86,36.24,656.79,32.39,34.8,7.97,116.8,106.81,9.99,0.02,21.17,0,0,0,0,41.64,0,51.03,105.6,50.75,0,15,30.78,49.65,146.18,0.02,25.91,"Nodo 1 - Pies inventariados","IFN3",2002,41,838.22,0,0,27.57,NA,NA,20.47,27.18,581.98,10.61,3.55,3.64,0.87,46.71,39.03,590.54,32.57,34.99,10.51,119.16,109.79,9.37,NA,NA,0,0,0,0,54.25,9.33,42.4,109.41,52.17,0,13.4,25.88,45.64,137.09,NA,NA,5.43546873,145.03,23.9530136,27.2325316,NA,NA,NA,NA,0.45561462,31.83,1.9693221,2.1316551
"27",27,"5_721","Nodo 3 - Pies inventariados","IFN2",NA,NA,NA,NA,10,20,123.2,0.27,91.65,2.49,0,1.76,16.04,16.04,202.11,5.46,3.45,3.45,0.11,34.05,34.05,56.68,164.96,177.26,5,6.21,5.61,0.6,0.01,4.32,0,0,0,0,0,0,4.79,5.33,2.67,0,1.59,4.12,4.12,12.5,0.03,8.07,"Nodo 1 - Pies inventariados","IFN3",2002,20,1460.69,0,0,24.05,NA,NA,14.48,21.33,360.37,7.42,2.68,2.74,0.86,48.47,34.77,561.53,35.28,37.91,7.37,77.76,68.91,8.85,NA,NA,0,0,0,0,2.45,0,51.25,67.34,32.74,0,12.1,30.14,39.8,114.78,NA,NA,23.34452537,1446.5,75.076113,111.2700222,NA,NA,NA,NA,NA,NA,NA,NA
"28",28,"5_724","Nodo 3 - Pies inventariados","IFN2",NA,NA,NA,NA,10,28,1196.82,10.29,192.05,27.75,0.01,6.21,17.18,25.65,518.82,10.65,2.94,3.04,0.87,55.35,41.53,620.82,27.14,29.16,9.87,123.58,111.38,12.2,0.05,27.36,0,0,0,0,28.71,7.45,63.76,112.71,52.92,0,11.9,24.74,45.93,135.49,0.06,28.62,"Nodo 1 - Pies inventariados","IFN3",2002,28,739.19,0,0,28.1,NA,NA,22,29.49,686.92,12.73,3.67,3.76,0.82,51.15,43.17,591.04,28.9,31.05,12.71,144.29,133.61,10.68,NA,NA,0,0,0,6.9,78.61,42.53,40.74,134.3,63.48,0,12.23,21.61,46.51,143.83,NA,NA,8.00721665,205.16,40.9927063,41.0063552,NA,NA,NA,NA,NA,NA,NA,NA
"29",29,"5_725","Nodo 3 - Pies inventariados","IFN2",NA,NA,NA,NA,10,29,566.41,2.97,116.68,19.07,0,4.85,20.7,27.65,605.04,9.63,3.79,3.86,0.66,39.91,34.82,407.18,43.65,46.91,8.26,71.43,66.42,5.01,0.02,18.61,0,0,0,0,24.26,0,26.04,64.71,31.56,0,10.42,20.61,31.56,94.15,0.03,22.7,"Nodo 1 - Pies inventariados","IFN3",2002,29,509.3,0,0,28.09,NA,NA,26.5,34.06,920.1,13.17,4.39,4.48,0.8,44.05,38.67,563.96,33.65,36.16,13.3,149.05,141.65,7.4,NA,NA,0,0,0,23.52,85.45,75.28,21.58,139.88,67.3,0.1,13.96,23.16,46.49,151.01,NA,NA,11.96337369,215.78,62.6848226,62.6916841,NA,NA,NA,NA,NA,NA,NA,NA
"30",30,"5_733","Nodo 3 - Pies inventariados","IFN2",NA,NA,NA,NA,10,36,1395.78,12.1,106.34,47.81,0,4.58,20.88,28.28,628.88,12.2,3.35,3.41,1.27,53.43,43.14,1018.72,21.94,23.58,10.81,242.76,222.26,20.5,0.03,23.29,0,0,0,0,108.3,43.06,87.51,224.41,105.6,0,20.03,36.89,79.13,241.66,0.03,22.16,"Nodo 1 - Pies inventariados","IFN3",2002,36,912.49,0,0,45.49,NA,NA,25.19,33.22,869.71,14.42,3.84,3.91,1.1,55.78,43.4,924.9,22.96,24.67,14.47,281.71,262.84,18.87,NA,NA,0,0,0,20.16,175.52,139.34,53.91,265.41,124.88,0,18.04,28.15,75.29,246.36,NA,NA,10.4688492,198.1,63.708111,56.433313,0,0,0,NA,NA,NA,NA,NA
"31",31,"5_980","Nodo 3 - Pies inventariados","IFN2",NA,NA,NA,NA,10,30,106.03,0.23,74.43,2.45,0,1.65,17.16,17.16,231.39,4.92,3.72,3.72,0.12,28.64,28.64,54.91,197.55,212.28,4.5,5.43,4.98,0.45,0.01,3.58,0,0,0,0,0,0,2.79,4.73,2.36,0,1.81,4.65,4.06,12.89,0.03,8.08,"Nodo 1 - Pies inventariados","IFN3",2002,30,14.15,0,0,0.86,NA,NA,27.8,27.8,606.99,6.5,6.14,6.14,0.04,23.38,23.38,17.04,409.03,439.53,6.5,2.36,2.3,0.06,NA,NA,0,0,0,0,1.35,0,0.32,2.08,1.09,0,0.71,1.3,1.42,4.52,NA,NA,NA,NA,NA,NA,NA,NA,NA,NA,NA,NA,NA,NA
"32",32,"5_984","Nodo 3 - Pies inventariados","IFN2",NA,NA,NA,NA,10,30,757.58,4.19,132.23,22.76,0,5.17,19.56,26.3,545.38,8.88,3.55,3.62,0.78,41.92,33.76,492.96,40.92,43.97,7.93,84.43,77.71,6.73,0.02,19.29,0,0,0,0,21.85,0,37.99,75.98,36.92,0,12.06,24.71,37.67,111.36,0.02,24.26,"Nodo 1 - Pies inventariados","IFN3",2002,30,484.54,0,0,20.13,NA,NA,23,29.49,685,10,4.15,4.22,0.68,38.99,33.92,418.74,45.43,48.82,10,80.47,75.61,4.85,NA,NA,0,0,0,2.25,39.7,12.83,21.47,73.49,35.93,0,11.01,20.24,33.32,100.49,NA,NA,4.50622315,84.9,19.06854,22.7810755,0,0,0,NA,NA,NA,NA,NA
"33",33,"5_995","Nodo 3 - Pies inventariados","IFN2",NA,NA,NA,NA,10,30,1126.15,9.14,183.9,26.52,0,6.08,17.32,26.19,540.65,8.75,3.12,3.25,0.94,40.08,33.4,592.26,34.06,36.6,6.59,84.73,77.76,6.97,0.02,21.09,0,0,0,0,18.48,0,37.22,74.86,36.95,0,15.4,34.55,43.9,130.79,0.03,29.02,"Nodo 1 - Pies inventariados","IFN3",2002,30,820.53,0,0,27.8,NA,NA,20.77,28.53,643.58,9.21,3.61,3.76,0.91,40.75,32.28,593.2,37.92,40.74,9.12,106.24,99.11,7.13,NA,NA,0,0,0,2.42,47.47,3.34,31.8,96.26,47.09,0,15.25,29.36,46.01,137.72,NA,NA,8.8990482,183.95,34.251773,44.5664155,NA,NA,NA,NA,NA,NA,NA,NA
"34",34,"9_1043","Nodo 3 - Pies inventariados","IFN2",NA,NA,NA,NA,10,34,394.71,1.52,127.43,12.6,0,5.12,20.16,25.39,508.49,6.88,3.96,4.03,0.5,28.93,27.11,270.83,73.14,78.59,5.34,33.36,31.35,2.01,0.01,14.3,0,0,0,0,7.67,0,12.37,29.49,14.89,0,9.08,20.01,20.85,64.83,0.04,25.17,"Nodo 1 - Pies inventariados","IFN3",2003,35,198.06,0,0,7.68,NA,NA,22.23,24.94,497,9.06,4.22,4.29,0.29,42.22,36.32,161.2,78.45,84.3,9.02,31.48,29.34,2.15,NA,NA,0,0,0,0,15.05,0,10.81,28.76,13.94,0,4.06,7.53,12.72,38.25,NA,NA,NA,NA,NA,NA,NA,NA,NA,NA,NA,NA,NA,NA
"35",35,"9_1095","Nodo 3 - Pies inventariados","IFN2",NA,NA,NA,NA,10,29,1475.09,10.55,148.75,21.98,0,2.21,13.77,18.48,268.53,8.2,2.56,2.59,0.78,54.23,44.35,519.69,31.77,34.14,7.25,77.87,68.03,9.84,0.01,7.64,0,0,0,0,2.06,0,58.17,67.67,32.32,0,9.72,24.89,36.38,103.31,0.02,9.68,"Nodo 1 - Pies inventariados","IFN3",2003,30,937.25,0,0,21.58,NA,NA,17.12,21.37,359.67,10.07,3.08,3.13,0.72,52.67,47.15,483.23,32.43,34.84,10.04,90.37,80.98,9.39,NA,NA,0,0,0,0,10.61,2.47,54.94,81.81,38.48,0,9.44,20.44,35.72,104.07,NA,NA,NA,NA,NA,NA,NA,NA,NA,NA,NA,NA,NA,NA
"36",36,"9_1133","Nodo 3 - Pies inventariados","IFN2",NA,NA,NA,NA,10,41,3100.98,59.69,218.08,59.08,0,6.56,15.57,24.58,477.46,12.95,2.35,2.43,1.44,79.24,52.69,1354.67,13.87,14.9,11.42,341.08,298.83,42.25,0.04,36.73,0,0,0,0,68.76,43.1,213.55,314.03,141.98,0,19.01,38.99,97.79,297.77,0.04,31.65,"Nodo 1 - Pies inventariados","IFN3",2003,42,873.58,0,0,25.25,NA,NA,19.18,26.55,557.3,13.9,3.41,3.45,0.82,53.41,52.37,549.53,24.34,26.15,13.82,131.44,119.19,12.25,NA,NA,0,0,0,2.4,59.66,34.37,52.11,121.3,56.63,0,18.56,59.04,41.79,176.02,NA,NA,NA,NA,NA,NA,0,0,0,NA,3.78608301,222.81,1.5695373,63.4114077
"37",37,"9_1204","Nodo 3 - Pies inventariados","IFN2",NA,NA,NA,NA,10,25,1698.82,12.81,151.9,20.91,0,2.34,12.52,18.63,278.27,5.8,2.42,2.47,0.81,43.54,31.15,506.29,41.82,44.93,5.12,53.57,46.88,6.68,0.01,5.87,0,0,0,0,0,0,36.53,43.98,22.28,0,11.63,33.5,34.6,102.01,0.02,11.12,"Nodo 1 - Pies inventariados","IFN3",2003,26,746.26,0,0,14.85,NA,NA,15.92,21.69,372.08,10.27,2.86,2.96,0.51,58.96,47.36,338.6,35.63,38.29,10.23,65.25,58.11,7.14,NA,NA,0,0,0,0,16.85,0,37.36,59.09,27.61,0,6.12,13.32,24.57,71.63,NA,NA,NA,NA,NA,NA,0,0,0,NA,NA,NA,NA,NA
"38",38,"9_1226","Nodo 3 - Pies inventariados","IFN2",NA,NA,NA,NA,10,25,1048.14,7.38,164.25,12.58,0,2.44,12.36,16.13,204.61,7.59,2.38,2.42,0.48,56.57,47.07,305.53,40.69,43.72,7.25,42.64,36.8,5.84,0.02,8.29,0,0,0,0,0,0,31.28,36.46,17.49,0,5.45,14.98,20.82,58.74,0.02,10.55,"Nodo 1 - Pies inventariados","IFN3",2003,26,1527.89,0,0,20.07,NA,NA,12.93,19.67,304.94,11.57,2.53,2.6,0.37,77.76,58.82,482.05,22.11,23.76,11.41,56.98,49.76,7.22,NA,NA,0,0,0,0,4.52,0,39.07,51.28,23.64,0,4,8.98,19,55.62,NA,NA,NA,NA,NA,NA,NA,NA,NA,NA,NA,NA,NA,NA
"39",39,"9_1227","Nodo 3 - Pies inventariados","IFN2",NA,NA,NA,NA,10,25,1034.37,6.49,149.6,14.77,0,2.31,13.48,16.58,216.01,8.41,2.6,2.62,0.56,51.98,50.74,351.06,36.96,39.72,7.25,49.53,43.21,6.33,0.01,7.68,0,0,0,0,0,0,37.78,42.83,20.53,0,6.72,17.79,24.44,69.48,0.02,9.99,"Nodo 1 - Pies inventariados","IFN3",2003,26,763.94,0,0,14.76,NA,NA,15.68,20.68,336.02,11.11,3.25,3.27,0.43,64.11,53.72,337.8,32.57,35,11.11,60.11,53.78,6.33,NA,NA,0,0,0,0,12.53,0,34.93,55.01,25.55,0,5.13,10.67,21.05,62.4,NA,NA,NA,NA,NA,NA,NA,NA,NA,NA,NA,NA,NA,NA
"40",40,"9_1231","Nodo 3 - Pies inventariados","IFN2",NA,NA,NA,NA,10,30,1203.55,8.57,161.7,17.49,0,2.34,13.6,17.76,248.16,8.91,2.56,2.6,0.64,54.11,50.18,414.79,32.34,34.75,7.75,62.06,54.21,7.85,0.02,8.14,0,0,0,0,0,0,45.82,54.49,25.76,0,7.68,19.85,28.94,82.23,0.02,10.2,"Nodo 1 - Pies inventariados","IFN3",2003,31,2146.82,0,0,27.87,NA,NA,12.86,21.21,354.18,11.61,2.76,2.85,0.48,78.38,54.74,670.47,18.59,19.97,11.65,76.93,68.39,8.55,NA,NA,0,0,0,0,18.87,0,42.89,70.34,32.49,0,5.77,12.14,25.59,76.01,NA,NA,NA,NA,NA,NA,NA,NA,NA,NA,NA,NA,NA,NA
"41",41,"9_1232","Nodo 3 - Pies inventariados","IFN2",NA,NA,NA,NA,10,25,1315.32,8.82,178.23,15.97,0.01,2.35,12.43,15.33,184.67,6.47,2.43,2.46,0.63,47.13,42.2,387.42,42.62,45.79,5.87,44.84,38.97,5.87,0.01,6.41,0,0,0,0,0,0,33.33,37.2,18.52,0,8.12,23.46,26.43,76.54,0.03,10.68,"Nodo 1 - Pies inventariados","IFN3",2003,26,795.77,0,0,13.21,NA,NA,14.54,19.31,293.04,9.15,2.69,2.75,0.46,58.43,47.4,308.24,38.72,41.61,9.24,51.58,45.39,6.2,NA,NA,0,0,0,0,5.6,0,34.95,45.86,21.56,0,5.2,12.31,20.93,60,NA,NA,NA,NA,NA,NA,NA,NA,NA,NA,NA,NA,NA,NA
"42",42,"9_1234","Nodo 3 - Pies inventariados","IFN2",NA,NA,NA,NA,10,30,902.62,6.74,113.59,15.59,0,2.16,14.83,20.35,325.7,9.97,2.77,2.83,0.57,50.76,48.97,361.85,33.39,35.88,8.75,57.66,51.21,6.45,0.02,8.09,0,0,0,0,9.71,0,36.59,51.09,24.33,0,7.19,17.6,25.8,74.93,0.02,9.58,"Nodo 1 - Pies inventariados","IFN3",2003,31,1138.84,0,0,23.04,NA,NA,16.05,23.58,439.63,13.24,2.98,3.04,0.4,74.5,56.12,524.39,22.39,24.06,13.07,72.13,64.53,7.6,NA,NA,0,0,0,0,24.05,8.84,37.69,66.7,30.66,0,4.86,9.85,21.86,67.22,NA,NA,NA,NA,NA,NA,0,0,0,NA,NA,NA,NA,NA
"43",43,"9_1237","Nodo 3 - Pies inventariados","IFN2",NA,NA,NA,NA,10,35,1434.79,16.02,184.65,35.79,0,5.88,17.82,25.02,492.68,10.64,2.96,3.07,1.06,55.02,42.53,793.5,24.81,26.66,9.82,164.56,148.87,15.69,0.03,27.02,0,0,0,0,59.2,16.58,77.35,150.46,70.73,0,15.27,30.91,59.24,176.16,0.03,27.41,"Nodo 1 - Pies inventariados","IFN3",2003,36,438.56,0,0,18.02,NA,NA,22.87,28.78,653.07,13.83,3.89,3.95,0.54,55.02,48.04,375.4,34.53,37.11,13.79,102.12,94.45,7.67,NA,NA,0,0,0,2.44,58.66,34.46,27.58,95.54,44.88,0,7.29,12.31,29.83,94.31,NA,NA,NA,NA,NA,NA,0,0,0,NA,NA,NA,NA,NA
"44",44,"9_1243","Nodo 3 - Pies inventariados","IFN2",NA,NA,NA,NA,10,30,1881.91,19.06,213.93,39.64,0,6.42,16.38,23.21,423.04,11.2,2.74,2.8,1.16,59.61,48.24,897.71,20.59,22.13,9.62,183.84,163.63,20.2,0.05,30.37,0,0,0,0,38.24,0,107.69,166.64,77.75,0,15.98,34.95,65.62,194.29,0.05,30.06,"Nodo 1 - Pies inventariados","IFN3",2003,31,1308.61,0,0,35.15,NA,NA,18.49,24.93,489.39,15.36,3.01,3.05,0.86,73.48,61.59,772.16,18,19.34,15.35,226.56,202.75,23.8,NA,NA,0,0,0,0,102.57,62.1,101.55,212.21,96.34,0,10.91,19.76,56.9,183.91,NA,NA,NA,NA,NA,NA,0,0,0,NA,NA,NA,NA,NA
"45",45,"9_1244","Nodo 3 - Pies inventariados","IFN2",NA,NA,NA,NA,10,30,2415.45,26.03,149.66,32.65,0,2.29,13.12,18.54,270.12,10.29,2.28,2.32,1.03,67.39,55.49,781.43,19.78,21.25,9,141.02,121.71,19.31,0.02,9.86,0,0,0,0,2.09,0,104.93,125.3,57.83,0,11.9,29.7,54.04,153.46,0.02,9.96,"Nodo 1 - Pies inventariados","IFN3",2003,31,1573.87,0,0,31.2,NA,NA,15.89,21.66,368.57,13.81,2.52,2.59,0.83,84.79,63.75,711.9,18.26,19.62,13.72,197.4,172.36,25.04,NA,NA,0,0,0,0,39.42,7.6,126.49,182.81,81.9,0,9.26,18.57,51.64,161.37,NA,NA,NA,NA,NA,NA,0,0,0,NA,NA,NA,NA,NA
"46",46,"9_1253","Nodo 3 - Pies inventariados","IFN2",NA,NA,NA,NA,10,30,1162.23,10.21,146.77,35.07,0,5.47,19.6,25.62,516.61,13.39,3.19,3.24,0.96,61.03,52.28,759.21,21.9,23.53,11.69,194.61,176.03,18.57,0.03,30.67,0,0,0,0,79.33,47.66,81.99,180.34,83.64,0,13.13,24.55,58.05,179.36,0.03,26.25,"Nodo 1 - Pies inventariados","IFN3",2003,31,827.61,0,0,21.45,NA,NA,18.17,27.92,614.01,15.97,3.62,3.66,0.47,69.8,57.2,473.36,21.76,23.39,15.8,110.49,100.99,9.49,NA,NA,0,0,0,2.22,59.39,29.46,35.04,103.91,47.99,0,6,10.08,28.21,92.27,NA,NA,NA,NA,NA,NA,0,0,0,NA,NA,NA,NA,NA
"47",47,"9_1254","Nodo 3 - Pies inventariados","IFN2",NA,NA,NA,NA,10,39,1961.4,40.34,187.36,46.38,0.01,6.04,17.35,26.1,536.17,13.99,2.64,2.75,1.17,70.85,53.6,1035.16,16.14,17.35,12.69,274.87,245.84,29.03,0.04,36.48,0,0,0,0,110.65,49.9,127.98,255.11,116.81,0,15.82,30.42,76.77,239.81,0.04,29.55,"Nodo 1 - Pies inventariados","IFN3",2003,40,710.89,0,0,29.8,NA,NA,23.1,29.9,703.46,18.13,3.49,3.55,0.67,75.16,60.62,619.09,20.69,22.23,18.02,226.29,206.6,19.68,NA,NA,0,0,0,11.54,135.43,109.6,59.66,214.58,98.16,0,8.99,13.89,48.01,169.06,NA,NA,NA,NA,NA,NA,0,0,0,NA,NA,NA,NA,NA
"48",48,"9_1255","Nodo 3 - Pies inventariados","IFN2",NA,NA,NA,NA,10,30,1124.46,8.72,227.76,21.14,0,6.88,15.47,25.03,491.93,8.22,2.8,2.93,0.76,46.42,32.84,485.54,36.29,38.99,6.63,71.52,64.51,7.01,0.02,23.57,0,0,0,0,10.24,0,40.04,62.71,30.65,0,10.95,25.4,34.99,101.98,0.04,32.1,"Nodo 1 - Pies inventariados","IFN3",2003,31,159.15,0,0,4.41,NA,NA,18.78,19.85,310.72,12.08,3.56,3.57,0.16,63.82,60.85,96.46,65.62,70.52,11.82,24.25,21.68,2.56,NA,NA,0,0,0,0,6.49,0,13.43,22.56,10.3,0,1.6,3.09,7.3,22.29,NA,NA,NA,NA,NA,NA,0,0,0,NA,NA,NA,NA,NA
"49",49,"9_1257","Nodo 3 - Pies inventariados","IFN2",NA,NA,NA,NA,10,25,2057.62,20.68,136.61,34.35,0,2.13,14.58,19.82,308.66,11.56,2.47,2.51,1.02,68.81,58.31,800.78,19.07,20.5,10,164.33,143.15,21.18,0.02,9.88,0,0,0,0,8.61,0,121.82,148.56,68.01,0,12.17,27.82,56.86,164.86,0.02,9.33,"Nodo 1 - Pies inventariados","IFN3",2003,26,1602.16,0,0,35.78,NA,NA,16.86,23.18,423.28,13.47,2.78,2.83,1.01,68.94,58.11,804.28,18.54,19.93,13.49,205.89,182.26,23.63,NA,NA,0,0,0,0,58.55,13.46,121.06,190.37,86.6,0,16.7,50.38,59.22,212.9,NA,NA,NA,NA,NA,NA,NA,NA,NA,NA,1.83885093,190.98,0.595221,37.979556
"50",50,"9_1260","Nodo 3 - Pies inventariados","IFN2",NA,NA,NA,NA,10,25,1987.78,20.61,130.36,31.32,0,2.15,14.16,19.63,302.9,9.75,2.49,2.54,1.01,59.84,49.69,735.43,23,24.71,8.77,127.76,111.83,15.94,0.02,8.64,0,0,0,0,6.33,0,89.36,113.37,53.13,0,12.57,30.4,51.84,147.95,0.02,9.5,"Nodo 1 - Pies inventariados","IFN3",2003,26,470.39,0,0,14.68,NA,NA,19.93,24.29,486.95,13.51,3.37,3.39,0.38,62.6,55.64,316.41,34.12,36.67,13.29,76.21,68.26,7.95,NA,NA,0,0,0,0,31.99,7.82,37.18,71.15,32.43,0,4.27,7.93,20.84,65.47,NA,NA,NA,NA,NA,NA,0,0,0,NA,0.53289786,31.83,0,NA
"51",51,"9_1278","Nodo 3 - Pies inventariados","IFN2",NA,NA,NA,NA,10,20,1047.17,6.9,35.47,9.57,0,0.31,10.79,12.04,113.86,4.47,2.22,2.23,0.41,44.42,37.1,240.49,69.18,74.34,4,22.12,18.92,3.2,0.02,0.71,0,0,0,0,0,0,12.73,17.1,8.99,0,5.19,17.2,15.84,47.22,0.04,1.47,"Nodo 1 - Pies inventariados","IFN3",2003,21,763.94,0,0,8.75,NA,NA,12.07,16.15,204.98,8.7,2.86,2.87,0.16,60.11,53.85,213.76,41.59,44.7,8.7,17.89,15.64,2.25,NA,NA,0,0,0,0,0,0,13.82,15.83,7.43,0,1.75,4.19,7.22,20.59,NA,NA,NA,NA,NA,NA,NA,NA,NA,NA,NA,NA,NA,NA
"52",52,"9_1287","Nodo 3 - Pies inventariados","IFN2",NA,NA,NA,NA,10,25,1309.1,12.84,211.4,27.33,0,6.63,16.3,24.66,477.79,11.51,2.77,2.88,0.85,59.8,46.65,619.5,24.02,25.81,9.65,125.89,112.67,13.23,0.03,32.29,0,0,0,0,35.49,12.33,66.05,114.17,53.53,0,11.23,23.89,45.23,133.88,0.03,30.98,"Nodo 1 - Pies inventariados","IFN3",2003,26,817,0,0,18.43,NA,NA,16.95,26.87,576.76,13.35,3.2,3.32,0.53,48.57,49.69,413.84,26.21,28.16,12.87,76.03,69.14,6.89,NA,NA,0,0,0,4.54,32.76,21.05,29.34,70.3,32.85,0,14.93,62.03,25.19,135,NA,NA,NA,NA,NA,NA,0,0,0,NA,2.45721234,222.81,0.6369183,68.2107351
"53",53,"9_1295","Nodo 3 - Pies inventariados","IFN2",NA,NA,NA,NA,10,20,369.64,1.61,116.6,6.21,0,1.97,14.62,17.39,237.59,6.58,2.99,3.02,0.26,38.81,37.86,144.62,79.02,84.92,5.6,16.8,14.98,1.82,0.01,5.41,0,0,0,0,0,0,11.31,14.08,7.12,0,3.59,9.67,10.28,30.65,0.02,8.97,"Nodo 1 - Pies inventariados","IFN3",2003,21,265.26,0,0,6.45,NA,NA,17.6,22.41,405.71,9.05,3.35,3.43,0.2,29.71,40.38,143.5,67.84,72.89,9.06,14.43,13.33,1.1,NA,NA,0,0,0,0,7.44,0,5.24,13.04,6.33,0,9.24,50.05,7.67,73.29,NA,NA,NA,NA,NA,NA,NA,NA,NA,NA,1.33393164,127.32,0.2062584,56.9731536
"54",54,"9_1339","Nodo 3 - Pies inventariados","IFN2",NA,NA,NA,NA,10,30,1992.42,33.59,197.5,40.66,0,6.52,16.12,25.54,513.23,11.38,2.59,2.71,1.15,65.96,44.57,924.38,19.68,21.15,10.18,198.89,177.11,21.78,0.05,31.31,0,0,0,0,43.46,15.86,108.61,181.09,84.15,0,15.67,32.28,67.3,199.41,0.05,30.82,"Nodo 1 - Pies inventariados","IFN3",2003,31,715.99,0,0,20.4,NA,NA,19.05,29.39,693.07,16.07,3.28,3.41,0.36,76.68,54.67,444.89,23.26,25,16.05,87.57,79.87,7.7,NA,NA,0,0,0,2.37,48.84,41.61,25.32,82.08,37.95,0,4.45,7.51,21.72,71.63,NA,NA,NA,NA,NA,NA,0,0,0,NA,NA,NA,NA,NA
"55",55,"9_1341","Nodo 3 - Pies inventariados","IFN2",NA,NA,NA,NA,10,36,1687.79,35.89,160.43,49.53,0,5.3,19.33,30.4,728.5,13.66,2.91,3.06,1.24,64.24,44.93,1076.03,17.82,19.15,12,282.25,256.75,25.49,0.03,29.51,0,0,0,8.32,125.54,95.28,105.56,262.66,121.99,0,18.69,33.51,81.98,256.18,0.03,25.73,"Nodo 1 - Pies inventariados","IFN3",2003,37,519.91,0,0,26.48,NA,NA,25.47,32.73,851.53,19.18,3.81,3.91,0.59,71.57,58.61,536.97,22.86,24.57,19.13,208.57,193.89,14.69,NA,NA,0,0,0,37.73,121.54,94.63,36.7,197.97,92.12,0.02,8.31,11.79,42.55,154.8,NA,NA,NA,NA,NA,NA,0,0,0,NA,NA,NA,NA,NA
"56",56,"9_1342","Nodo 3 - Pies inventariados","IFN2",NA,NA,NA,NA,10,35,2461.22,33.59,220.66,49.08,0,6.45,15.93,23.56,436.06,11.57,2.56,2.64,1.35,65.2,49.13,1119,17.42,18.71,10,238.62,211.18,27.44,0.02,31.81,0,0,0,0,46.15,0,148.43,217.17,100.34,0,18.37,39.16,81.24,239.11,0.04,30.37,"Nodo 1 - Pies inventariados","IFN3",2003,36,626.01,0,0,16.2,NA,NA,18.15,23.89,449.68,15.37,3.21,3.29,0.53,55.32,64.34,357.55,26,27.94,15.42,92.8,83.71,9.09,NA,NA,0,0,0,0,46.31,27.6,35.11,86.29,39.77,0,12.97,47.38,26.82,126.93,NA,NA,NA,NA,NA,NA,0,0,0,NA,2.51125968,222.81,0.8078454,52.7337159
"57",57,"9_1343","Nodo 3 - Pies inventariados","IFN2",NA,NA,NA,NA,10,35,2437.01,39.98,192.23,57.49,0,5.93,17.33,24.24,461.88,12.83,2.67,2.75,1.44,67.3,52.92,1283.48,15.79,16.97,10.91,311.87,277.98,33.89,0.03,31.57,0,0,0,0,85.33,18.42,167.05,287.48,132.08,0,20.66,40.99,95.15,288.88,0.03,28.45,"Nodo 1 - Pies inventariados","IFN3",2003,36,735.65,0,0,27.55,NA,NA,21.84,27.81,608.28,17.54,3.36,3.4,0.67,74.92,63.07,580.54,21.02,22.59,17.49,205.2,185.74,19.46,NA,NA,0,0,0,2.29,110.28,76.54,67.85,194,88.25,0,8.49,13.86,45.6,156.19,NA,NA,NA,NA,NA,NA,0,0,0,NA,NA,NA,NA,NA
"58",58,"9_1351","Nodo 3 - Pies inventariados","IFN2",NA,NA,NA,NA,10,35,2179.99,24,184.5,50.52,0,6.01,17.18,24.18,459.24,11.22,2.77,2.84,1.38,60.89,46.43,1130.34,19.08,20.5,9.56,242.9,216.8,26.1,0.04,28.64,0,0,0,0,50.59,0,143.81,222.26,103.01,0,19.78,40.77,83.61,247.18,0.04,28.42,"Nodo 1 - Pies inventariados","IFN3",2003,36,717.97,0,0,25.04,NA,NA,21.07,25.42,509.54,13.76,3.5,3.52,0.7,61.94,54.13,532.43,27.12,29.14,13.78,148.78,135.03,13.75,NA,NA,0,0,0,0,76.86,22.64,53.34,139.37,64.16,0,9.09,16.14,41.45,130.85,NA,NA,NA,NA,NA,NA,0,0,0,NA,NA,NA,NA,NA
"59",59,"9_1357","Nodo 3 - Pies inventariados","IFN2",NA,NA,NA,NA,10,30,989.27,8.16,138,14.8,0,2.18,13.8,18.39,266,9.45,2.54,2.59,0.52,63.31,51.35,349.77,33.66,36.17,10.41,62.93,54.78,8.15,0.01,9.29,0,0,0,0,2.2,0,45.77,55.94,26.03,0,5.65,13.77,24.5,69.95,0.01,9.18,"Nodo 1 - Pies inventariados","IFN3",2003,31,544.66,0,0,16.61,NA,NA,19.7,27.44,601.84,16.16,3.34,3.36,0.19,71.28,58.91,359.12,26.51,28.48,15.59,40.79,36.52,4.27,NA,NA,0,0,0,0,15.04,10.16,19.74,38.24,17.35,0,2.15,3.94,10.79,34.23,NA,NA,NA,NA,NA,NA,0,0,0,NA,NA,NA,NA,NA
"60",60,"9_1360","Nodo 3 - Pies inventariados","IFN2",NA,NA,NA,NA,10,25,672,4.64,153.2,22.88,0,5.56,20.82,27.34,589.01,8.35,3.73,3.86,0.79,37.22,30.54,487.83,46.19,49.64,7.44,83.08,77.71,5.37,0.02,19.86,0,0,0,0,30.23,0,24,74.87,36.92,0,13.22,26.34,37.86,114.35,0.02,26.57,"Nodo 1 - Pies inventariados","IFN3",2003,26,272.33,0,0,16.52,NA,NA,27.79,32.16,816.57,14.89,4.87,4.91,0.4,53.79,46.3,327.73,40.7,43.73,14.8,92.19,87.62,4.57,NA,NA,0,0,0,17.56,57.16,48.34,9.37,87.24,41.63,0,5.94,8.53,23.7,79.8,NA,NA,NA,NA,NA,NA,0,0,0,NA,NA,NA,NA,NA
"61",61,"9_1361","Nodo 3 - Pies inventariados","IFN2",NA,NA,NA,NA,10,35,1638.6,12.43,144.36,44.88,0,5.31,18.67,24.52,473.24,11.14,3.12,3.16,1.29,52.04,45.44,983.51,22.17,23.82,9.55,200.33,181.22,19.11,0.02,24.72,0,0,0,0,60.63,0,101.95,183.18,86.1,0,19.51,39.65,74.29,219.55,0.03,25.14,"Nodo 1 - Pies inventariados","IFN3",2003,36,1294.46,0,0,43.16,NA,NA,20.6,27.27,586.93,16.45,3.13,3.17,1.02,70.83,60.32,922.77,16.9,18.16,16.39,291.02,262.38,28.64,NA,NA,0,0,0,2.34,153.94,82.09,114.12,273.6,124.67,0,13.96,24.29,71.44,234.35,NA,NA,NA,NA,NA,NA,NA,NA,NA,NA,NA,NA,NA,NA
"62",62,"9_1389","Nodo 3 - Pies inventariados","IFN2",NA,NA,NA,NA,10,28,1426.29,10.71,163.76,16.72,0,2.41,12.22,17.64,244.91,6.95,2.35,2.4,0.64,50.46,39.4,407.49,38.1,40.94,6.37,49.41,42.86,6.56,0.01,7.04,0,0,0,0,0,0,33.01,41.12,20.36,0,8.19,23.38,27.68,79.62,0.02,11,"Nodo 1 - Pies inventariados","IFN3",2003,29,1669.36,0,0,22.74,NA,NA,13.17,21.43,361.63,11.72,2.54,2.61,0.47,72.23,54.7,543.85,20.88,22.44,11.71,73.31,64.25,9.06,NA,NA,0,0,0,0,16.3,0,45.94,66.29,30.53,0,5.19,11.56,24.4,71.68,NA,NA,NA,NA,NA,NA,NA,NA,NA,NA,NA,NA,NA,NA
"63",63,"9_1390","Nodo 3 - Pies inventariados","IFN2",NA,NA,NA,NA,10,30,1775.02,13.09,196.55,17.23,0,2.51,11.12,14.11,156.44,6.44,2.15,2.18,0.66,56.71,45.65,429.77,36.84,39.59,5.58,52.26,44.47,7.8,0.02,7.22,0,0,0,0,0,0,36.52,42.41,21.13,0,7.59,22.8,28.51,80.03,0.03,11.1,"Nodo 1 - Pies inventariados","IFN3",2003,31,827.61,0,0,11.28,NA,NA,13.17,17.51,241.73,11.86,2.36,2.39,0.37,89.12,67.73,269.68,29.3,31.49,11.78,63.64,54.08,9.56,NA,NA,0,0,0,0,3.62,0,50.75,57.2,25.7,0,3.25,7.58,18.67,55.2,NA,NA,NA,NA,NA,NA,NA,NA,NA,NA,NA,NA,NA,NA
"64",64,"9_1391","Nodo 3 - Pies inventariados","IFN2",NA,NA,NA,NA,10,48,974.17,8.92,105.97,36.28,0.01,4.39,21.77,29.84,705.05,15.22,3.39,3.47,0.92,63.39,50.99,764.98,21.06,22.63,13.44,226.92,207.65,19.27,0.04,26.88,0,0,0,6.19,116.35,93.29,71.51,213.02,98.66,0,13.22,22.36,60.04,194.29,0.04,21.6,"Nodo 1 - Pies inventariados","IFN3",2003,49,717.97,0,0,32.03,NA,NA,23.83,33.45,885.09,17.26,3.76,3.86,0.84,58.21,51.59,660.41,21.62,23.24,17.1,212.36,197.64,14.72,NA,NA,0,0,0,30.77,120.44,92.82,45.15,200.42,93.91,0.03,17.57,45.32,53.02,209.86,NA,NA,NA,NA,NA,NA,NA,NA,NA,NA,1.68145158,95.49,0.5172375,38.0037468
"65",65,"9_1394","Nodo 3 - Pies inventariados","IFN2",NA,NA,NA,NA,10,49,1200.28,17.26,96.38,49.25,0,3.96,22.86,31.35,772.31,17.54,3.27,3.36,1.07,70.81,55.97,1026.01,16.45,17.68,15.44,359.01,329.2,29.8,0.04,28.1,0,0,0,20.77,201.62,144.94,99.73,339.44,156.42,0,16.29,25.55,81.52,279.78,0.04,20.57,"Nodo 1 - Pies inventariados","IFN3",2003,50,477.46,0,0,34.96,NA,NA,30.53,35.93,1015.16,18.89,4.39,4.47,0.75,60.89,52.58,677.43,24.23,26.03,18.74,280.41,265.99,14.42,NA,NA,0,0,0,103.51,153.11,123.23,26.07,267.09,126.38,0,12.45,16.35,57.86,213.04,NA,NA,NA,NA,NA,NA,0,0,0,NA,NA,NA,NA,NA
"66",66,"9_1398","Nodo 3 - Pies inventariados","IFN2",NA,NA,NA,NA,10,31,1357.77,10.68,222.54,27.02,0,6.6,15.92,23.06,417.7,8.35,2.87,2.96,0.93,46.01,36.19,616.12,32.51,34.94,7.37,93.39,84.1,9.29,0.04,23.22,0,0,0,0,15.89,0,54.46,82.97,39.96,0,13.67,31.79,44.72,130.13,0.05,30.63,"Nodo 1 - Pies inventariados","IFN3",2003,32,640.16,0,0,19.87,NA,NA,19.88,25.22,503.68,10.59,3.57,3.62,0.66,47.65,41.97,428.57,37.34,40.12,10.31,85.95,78.67,7.28,NA,NA,0,0,0,0,32.71,8.8,36.06,78.8,37.38,0,9.27,18.29,32.88,97.82,NA,NA,NA,NA,NA,NA,NA,NA,NA,NA,NA,NA,NA,NA
"67",67,"9_1401","Nodo 3 - Pies inventariados","IFN2",NA,NA,NA,NA,10,25,1301.85,9.78,133.88,21.12,0,2.2,14.37,18.65,273.41,8.04,2.67,2.71,0.75,51.88,43.13,494.15,34.45,37.02,7.12,74,65.19,8.81,0.02,7.53,0,0,0,0,2.07,0,53.9,64.74,30.97,0,9.74,24.23,34.96,99.9,0.02,9.77,"Nodo 1 - Pies inventariados","IFN3",2003,26,1128.23,0,0,23.31,NA,NA,16.22,21.85,375.26,14.01,3.07,3.1,0.56,85.63,64.15,529.12,21.24,22.83,14,130.98,116.41,14.57,NA,NA,0,0,0,0,49.81,12.56,69.08,122.52,55.31,0,6.42,11.97,33.7,107.4,NA,NA,NA,NA,NA,NA,0,0,0,NA,NA,NA,NA,NA
"68",68,"9_1405","Nodo 3 - Pies inventariados","IFN2",NA,NA,NA,NA,10,50,1092.55,11.22,74.56,50.94,0,3.44,24.36,32.19,815.67,15.95,3.53,3.6,1.11,65.46,49.56,1044.4,18.97,20.38,14.12,360.76,332.94,27.82,0.04,23.65,0,0,0,23.31,218.44,167.17,81.31,341.82,158.19,0,17.66,27.19,84.31,287.35,0.03,17.87,"Nodo 1 - Pies inventariados","IFN3",2003,51,679.06,0,0,44.4,NA,NA,28.85,35.74,1004.85,19.67,4.04,4.11,0.9,64.61,55.06,872.69,19.5,20.96,19.66,362.12,340.37,21.75,NA,NA,0,0,0,94.79,220.26,174.01,41.2,345.4,161.72,0,15.05,20.4,73.49,270.66,NA,NA,NA,NA,NA,NA,0,0,0,NA,NA,NA,NA,NA
"69",69,"9_1406","Nodo 3 - Pies inventariados","IFN2",NA,NA,NA,NA,10,48,931.01,7.29,75.32,45.07,0.01,3.28,24.83,31.24,767.59,15.08,3.79,3.83,1.07,57.2,48.28,919.71,21.73,23.35,13.5,285.43,265.14,20.29,0.05,20.1,0,0,0,12.8,176.99,157.01,56.49,269.33,125.98,0,17.21,27.19,74.6,244.97,0.05,16.36,"Nodo 1 - Pies inventariados","IFN3",2003,49,565.88,0,0,39.45,NA,NA,29.79,35.35,982.63,17.14,4.43,4.47,0.89,55.31,48.48,769.15,24.53,26.35,17.26,282.91,268.05,14.87,NA,NA,0,0,0,65.18,174.32,142.16,27.15,268.46,127.36,0,15.08,20.9,65.29,228.63,NA,NA,NA,NA,NA,NA,0,0,0,NA,NA,NA,NA,NA
"70",70,"9_1415","Nodo 3 - Pies inventariados","IFN2",NA,NA,NA,NA,10,36,834.51,4.81,107.21,16.53,0,2,15.88,20.05,317.64,8,3,3.03,0.6,47.4,39.9,377.28,43.27,46.5,7.12,58.36,52.08,6.28,0.01,6.85,0,0,0,0,2.66,0,39.66,51.82,24.75,0,8.03,19.06,27.37,79.2,0.02,8.89,"Nodo 1 - Pies inventariados","IFN3",2003,37,583.57,0,0,17.71,NA,NA,19.65,23.12,423.7,9.91,3.56,3.59,0.59,49.96,42.88,383.06,41.76,44.87,9.88,79.12,72,7.12,NA,NA,0,0,0,0,26.02,3.07,36.17,72.28,34.21,0,7.9,15.64,29.31,87.06,NA,NA,NA,NA,NA,NA,NA,NA,NA,NA,NA,NA,NA,NA
"71",71,"9_1427","Nodo 3 - Pies inventariados","IFN2",NA,NA,NA,NA,10,34,348.87,1.28,95.52,10.76,0,3.25,19.82,22.61,402.41,7.02,3.89,3.92,0.42,35.4,31.05,232.39,76.24,81.92,6.25,33.57,31.03,2.53,0.01,10.03,0,0,0,0,5.79,0,14.66,30.02,14.75,0,6.55,14.07,17.82,53.18,0.01,15.2,"Nodo 1 - Pies inventariados","IFN3",2003,35,229.89,0,0,8.78,NA,NA,22.05,23.69,443.34,8.72,4.35,4.37,0.25,36.78,36.82,184.48,75.61,81.25,8.73,24.88,23.23,1.66,NA,NA,0,0,0,0,10.68,0,7.07,22.66,11.04,0,3.68,7.01,10.91,32.63,NA,NA,NA,NA,NA,NA,NA,NA,NA,NA,NA,NA,NA,NA
"72",72,"9_1428","Nodo 3 - Pies inventariados","IFN2",NA,NA,NA,NA,10,42,1191.03,24.81,115.91,47.74,0.01,4.22,22.59,34.38,937.47,15.08,3.4,3.57,1.19,56.3,43.85,997.56,19.22,20.65,13.19,276.71,257.42,19.29,0.08,23.69,0,0,0,29.1,144.09,111.76,64.68,259.39,122.31,0.02,20.41,34.41,79.03,256.18,0.07,21.16,"Nodo 1 - Pies inventariados","IFN3",2003,43,1030.76,0,0,48.72,NA,NA,24.53,38.69,1186.66,16.03,4,4.24,1.37,48.67,41.43,997.17,19.43,20.88,16.03,268.35,255.03,13.32,NA,NA,0,0,0,79.98,129.2,101.31,37.87,251.07,121.17,0.45,52.67,163.89,78.01,416.19,NA,NA,NA,NA,NA,NA,NA,NA,NA,NA,7.07119878,205.13,2.3462927,187.7413139
"73",73,"9_1430","Nodo 3 - Pies inventariados","IFN2",NA,NA,NA,NA,10,25,177.34,1.02,51.03,1.21,0,0.33,9.31,9.31,68.05,3.31,2.1,2.1,0.06,35.51,35.51,31.47,227.17,244.11,3,1.94,1.65,0.29,0.01,0.52,0,0,0,0,0,0,0,1.45,0.78,0,0.81,3.2,2,6.79,0.04,1.74,"Nodo 1 - Pies inventariados","IFN3",2003,26,31.83,0,0,0.41,NA,NA,12.81,12.81,128.89,7.82,2.87,2.87,0.02,61.03,61.03,9.88,226.71,243.61,7.82,1.54,1.32,0.22,NA,NA,0,0,0,0,0,0,1.33,1.37,0.63,0,0.16,0.43,0.68,1.9,NA,NA,NA,NA,NA,NA,NA,NA,NA,NA,NA,NA,NA,NA
"74",74,"9_1432","Nodo 3 - Pies inventariados","IFN2",NA,NA,NA,NA,10,35,341.18,1.31,123.2,12.11,0,4.72,21.26,25.34,505.46,9.08,4.01,4.06,0.44,39.91,35.83,256.86,59.64,64.09,7.86,46,42.74,3.26,0.02,17.81,0,0,0,0,16.56,0,16.22,41.81,20.31,0,6.53,12.77,20.04,59.65,0.02,21.56,"Nodo 1 - Pies inventariados","IFN3",2003,36,148.54,0,0,7.19,NA,NA,24.83,26.36,558.29,10.18,4.67,4.74,0.26,40.54,38.63,146.75,80.58,86.58,10.01,31.86,30.12,1.74,NA,NA,0,0,0,2.31,18.6,7.01,6.71,29.5,14.31,0,3.76,6.45,11.9,36.43,NA,NA,NA,NA,NA,NA,NA,NA,NA,NA,NA,NA,NA,NA
"75",75,"9_1438","Nodo 3 - Pies inventariados","IFN2",NA,NA,NA,NA,10,45,1120.1,7.81,123.46,35.89,0,4.84,20.2,26.32,545.16,10.5,3.44,3.5,1.07,48.09,39.88,771.12,28.46,30.59,9.5,158.22,145,13.23,0.02,21.18,0,0,0,0,64.26,8.22,62.72,145.24,68.89,0,16.68,32.45,59.4,177.42,0.03,22.85,"Nodo 1 - Pies inventariados","IFN3",2003,46,756.87,0,0,30.97,NA,NA,22.83,30.26,721.87,13.43,3.7,3.77,0.85,55.14,44.38,645.49,27.06,29.08,13.48,176.35,163.02,13.32,NA,NA,0,0,0,4.9,95.43,67.04,48.24,164.72,77.46,0,12.64,21.59,51.27,162.95,NA,NA,NA,NA,NA,NA,NA,NA,NA,NA,NA,NA,NA,NA
"76",76,"9_1444","Nodo 3 - Pies inventariados","IFN2",NA,NA,NA,NA,10,35,745.86,4.04,176.95,8.38,0,2.44,11.96,14.24,159.16,6,2.46,2.47,0.36,41.67,42.18,205.21,60.98,65.52,4.75,20.19,17.55,2.64,0.02,6.3,0,0,0,0,0,0,13.71,16.48,8.34,0,4.68,14.46,13.87,41.35,0.03,11.11,"Nodo 1 - Pies inventariados","IFN3",2003,36,190.99,0,0,3.79,NA,NA,15.89,17.38,238.25,7.83,3.22,3.25,0.16,47.96,45.04,86.4,92.46,99.35,7.8,13.46,11.99,1.47,NA,NA,0,0,0,0,0,0,9.39,11.93,5.7,0,1.8,4.26,6.27,18.03,NA,NA,NA,NA,NA,NA,NA,NA,NA,NA,NA,NA,NA,NA
"77",77,"9_1447","Nodo 3 - Pies inventariados","IFN2",NA,NA,NA,NA,10,35,1033.53,24.08,134.5,31.64,0.01,5.41,19.74,37.09,1100.1,16.81,2.94,3.2,0.83,66.34,45.32,683.72,18.5,19.88,15.06,193.94,180.27,13.67,0.06,33.29,0,0,0,51.03,66.78,50.46,58.32,181.57,85.65,0.32,12.49,20.86,52.37,171.69,0.06,27.03,"Nodo 1 - Pies inventariados","IFN3",2003,36,851.94,0,0,24.78,NA,NA,19.25,35.82,1032.41,20.4,2.91,3.14,0.66,71.98,56.96,539.02,16.79,18.04,18.78,185.5,171.34,14.16,NA,NA,0,0,2.07,52.31,76.11,50.63,49.38,174.72,81.41,0.36,14.86,43.21,41.02,180.86,NA,NA,NA,NA,NA,NA,NA,NA,NA,NA,2.61542791,205.13,1.0707052,45.8273876
"78",78,"9_1448","Nodo 3 - Pies inventariados","IFN2",NA,NA,NA,NA,10,35,1167.26,9.7,207.88,28.42,0,6.19,17.61,24.39,468.78,9.83,3.1,3.2,0.94,45.89,40.29,631.93,29.79,32.01,8.5,107.6,97.96,9.63,0.02,24,0,0,0,0,28.85,0,51.92,96.32,46.55,0,14.12,30.32,47.03,138.01,0.02,28.7,"Nodo 1 - Pies inventariados","IFN3",2003,36,1018.59,0,0,25.81,NA,NA,17.96,26.43,550.37,14.13,3.26,3.34,0.64,63.75,53.45,571.06,22.18,23.83,13.93,133.07,120.67,12.41,NA,NA,0,0,0,0,61.43,29.42,49.8,123.97,57.33,0,8.26,14.98,37.58,118.15,NA,NA,NA,NA,NA,NA,NA,NA,NA,NA,NA,NA,NA,NA
"79",79,"9_1458","Nodo 3 - Pies inventariados","IFN2",NA,NA,NA,NA,10,30,288.79,1.68,35.82,2.63,0,0.31,10.77,11.41,102.27,3.86,2.35,2.36,0.13,35.94,33.83,66.11,152.42,163.79,3.5,4.86,4.19,0.67,0.02,0.57,0,0,0,0,0,0,3.18,3.39,1.99,0,1.72,6,4.35,14.06,0.04,1.57,"Nodo 1 - Pies inventariados","IFN3",2003,31,63.66,0,0,1.03,NA,NA,14.36,14.36,162.04,7.41,3.11,3.11,0.05,51.61,51.61,24.14,169.16,181.77,7.41,3.6,3.15,0.45,NA,NA,0,0,0,0,0,0,3.06,3.05,1.5,0,0.46,1.18,1.71,4.85,NA,NA,NA,NA,NA,NA,NA,NA,NA,NA,NA,NA,NA,NA
"80",80,"9_1459","Nodo 3 - Pies inventariados","IFN2",NA,NA,NA,NA,10,32,1164.38,11.28,206.58,23.47,0,6.7,16.02,24.21,460.4,8.91,2.83,2.97,0.81,48.33,36.79,534.33,32.9,35.35,8.29,87.18,78.9,8.28,0.02,25.2,0,0,0,0,20.65,0,41.13,77.03,37.49,0,11.49,25.68,38.84,113.51,0.04,30.84,"Nodo 1 - Pies inventariados","IFN3",2003,33,671.99,0,0,17.27,NA,NA,18.09,26.12,538.65,11.08,3.11,3.29,0.57,55.49,42.41,381.43,34.83,37.43,11.18,79.52,72.53,6.99,NA,NA,0,0,0,0,32.78,14.3,29.58,72.62,34.46,0,7.59,14.75,28.58,85.39,NA,NA,NA,NA,NA,NA,NA,NA,NA,NA,NA,NA,NA,NA
"81",81,"9_1473","Nodo 3 - Pies inventariados","IFN2",NA,NA,NA,NA,10,42,1112.78,10.97,151.13,32.88,0,5.33,19.4,26.15,538.65,10.96,3.28,3.4,1.01,48.44,41.91,713.75,27.35,29.39,9.44,142.58,130.8,11.78,0.02,22.44,0,0,0,0,62.03,11.68,52.8,130.57,62.15,0,15.76,31.08,54.43,163.42,0.03,25.22,"Nodo 1 - Pies inventariados","IFN3",2003,43,795.77,0,0,25.95,NA,NA,20.38,29.59,690.37,12.29,3.37,3.54,0.78,50.13,41.53,556.4,28.84,30.99,12.52,128.64,119.22,9.42,NA,NA,0,0,0,4.83,64.91,42.72,34.69,119.24,56.65,0,11.78,21.88,42.95,133.26,NA,NA,NA,NA,NA,NA,NA,NA,NA,NA,NA,NA,NA,NA
"82",82,"9_1474","Nodo 3 - Pies inventariados","IFN2",NA,NA,NA,NA,10,33,1623.32,18.86,174.42,41.31,0,5.79,18,25.75,521.39,12.28,2.9,2.99,1.14,60.5,47.68,913.65,20.21,21.72,10.82,209.57,188.72,20.85,0.03,29.79,0,0,0,0,69.63,33.78,99.75,192.85,89.67,0,16.11,31.73,68.38,205.89,0.03,27.45,"Nodo 1 - Pies inventariados","IFN3",2003,34,1213.11,0,0,38.26,NA,NA,20.04,29.61,690.31,15.13,3.07,3.17,0.96,68.11,51.08,823.83,18.98,20.39,15.1,240.39,218.15,22.25,NA,NA,0,0,0,7,118.61,92.61,87.3,224.86,103.65,0,13.31,23.19,63.34,203.49,NA,NA,NA,NA,NA,NA,NA,NA,NA,NA,NA,NA,NA,NA
"83",83,"9_1475","Nodo 3 - Pies inventariados","IFN2",NA,NA,NA,NA,10,30,924.83,6.4,39.95,7.7,0,0.32,10.29,11.3,100.32,5,2.13,2.13,0.33,50.06,44.25,195.74,65.75,70.66,4.5,19.35,16.37,2.98,0.02,0.79,0,0,0,0,0,0,11.73,15.23,7.78,0,3.77,12.6,12.74,36.89,0.03,1.42,"Nodo 1 - Pies inventariados","IFN3",2003,31,509.3,0,0,6.3,NA,NA,12.55,13.6,145.27,8.14,2.51,2.51,0.25,60.87,59.84,152.45,54.46,58.52,7.93,23.21,19.89,3.32,NA,NA,0,0,0,0,0,0,18.2,20.16,9.45,0,2.49,6.76,10.43,29.13,NA,NA,NA,NA,NA,NA,NA,NA,NA,NA,NA,NA,NA,NA
"84",84,"9_1476","Nodo 3 - Pies inventariados","IFN2",NA,NA,NA,NA,10,30,857.11,4.66,161.48,11.56,0.01,2.29,13.1,15.05,177.84,6.32,2.62,2.64,0.47,43.67,41.98,276.68,54.08,58.11,5.5,31.66,27.72,3.94,0.01,6.34,0,0,0,0,0,0,23.24,26.66,13.17,0,6.12,17.41,19.13,55.83,0.03,10.31,"Nodo 1 - Pies inventariados","IFN3",2003,31,413.8,0,0,9.94,NA,NA,17.48,18.83,278.56,9.89,3.31,3.32,0.36,54.09,52.53,221.33,49.71,53.42,10,43.66,39.04,4.63,NA,NA,0,0,0,0,2,0,27.93,39.7,18.55,0,4.16,8.9,16.45,48.05,NA,NA,NA,NA,NA,NA,NA,NA,NA,NA,NA,NA,NA,NA
"85",85,"9_1477","Nodo 3 - Pies inventariados","IFN2",NA,NA,NA,NA,10,30,987.68,5.94,166.02,11.85,0,2.38,12.36,15.9,198.58,5.03,2.47,2.51,0.49,44.6,31.63,287.99,63.26,67.98,4.75,30.17,26.25,3.92,0,5.86,0,0,0,0,0,0,21.07,24.67,12.47,0,6.7,19.83,19.62,58.62,0.02,11.29,"Nodo 1 - Pies inventariados","IFN3",2003,31,509.3,0,0,9.85,NA,NA,15.69,19.3,293.09,12.26,2.91,2.95,0.31,61.8,63.54,225.5,36.14,38.84,11.93,43.47,38.3,5.18,NA,NA,0,0,0,0,6.17,0,28.29,39.65,18.2,0,3.19,6.92,14.52,42.82,NA,NA,NA,NA,NA,NA,0,0,0,NA,NA,NA,NA,NA
"86",86,"9_1488","Nodo 3 - Pies inventariados","IFN2",NA,NA,NA,NA,10,41,2807.63,54.54,206.05,58.19,0,6.37,16.24,24.57,477.31,12.82,2.47,2.55,1.43,74.48,52.18,1320.36,14.72,15.82,11.15,328.7,289.96,38.73,0.03,34.85,0,0,0,0,78.98,37.63,198.45,301.81,137.77,0,19.5,39.39,96.32,292.98,0.03,30.65,"Nodo 1 - Pies inventariados","IFN3",2003,42,2069.01,0,0,53.25,NA,NA,18.1,26.38,551.97,14.83,2.84,2.91,1.3,68.66,56.21,1175.92,14.83,15.93,14.7,320.45,287.42,33.03,NA,NA,0,0,0,2.49,139.43,69.32,142.45,298.53,136.57,0,21.15,52.91,86.82,297.45,NA,NA,NA,NA,NA,NA,NA,NA,NA,NA,1.39265799,159.15,0.4790415,28.3840842
"87",87,"9_1489","Nodo 3 - Pies inventariados","IFN2",NA,NA,NA,NA,10,40,853.26,8.21,97.53,34,0,4.11,22.53,31.47,782.36,13.38,3.7,3.81,0.97,47.62,42.53,710.99,25.58,27.49,11.75,169.75,158.49,11.27,0.03,20.23,0,0,0,9.04,85.57,59.25,44.51,157.87,75.3,0,16.11,28.83,56.28,176.53,0.03,19.98,"Nodo 1 - Pies inventariados","IFN3",2003,41,693.21,0,0,33.9,NA,NA,24.95,36.35,1042.49,15.39,4.23,4.35,1.03,39.28,42.35,690.9,24.67,26.51,15.52,178.04,170.03,8,NA,NA,0,0,0,52.65,88.45,70.54,21.63,166.48,80.79,0.08,33.13,108,56.11,278.11,NA,NA,NA,NA,NA,NA,NA,NA,NA,NA,3.86343903,173.3,1.0888596,111.6547062
"88",88,"9_1490","Nodo 3 - Pies inventariados","IFN2",NA,NA,NA,NA,10,30,1567.89,15.79,218.48,26.07,0,7.15,14.55,26.84,569.65,9.77,2.59,2.72,0.91,46.75,36.42,608.1,25.84,27.77,6.94,87.46,78.94,8.51,0.03,27.44,0,0,0,0,19.01,0,42.9,75.81,37.51,0,13.4,32.34,43.16,126.4,0.03,33.8,"Nodo 1 - Pies inventariados","IFN3",2003,31,930.17,0,0,20.2,NA,NA,16.63,25.44,523.46,11.63,2.93,3.04,0.67,56.17,45.71,455.72,28.2,30.3,11.64,93.99,84.7,9.29,NA,NA,0,0,0,2.75,22.92,6.66,45.73,86.21,40.24,0,12.5,45.9,33.44,132.09,NA,NA,NA,NA,NA,NA,NA,NA,NA,NA,1.02008784,127.32,0.1820676,37.0959552
"89",89,"9_1491","Nodo 3 - Pies inventariados","IFN2",NA,NA,NA,NA,10,33,169.65,0.55,74.71,3.92,0,1.65,17.14,18.35,265.59,5.71,3.58,3.61,0.17,33.23,31.11,87.67,134.52,144.55,5.17,10.02,9.14,0.88,0.01,4.14,0,0,0,0,0,0,6.02,8.47,4.34,0,2.59,6.34,6.48,19.76,0.02,7.74,"Nodo 1 - Pies inventariados","IFN3",2003,34,77.81,0,0,2.91,NA,NA,21.84,21.79,374.57,10.84,4.31,4.32,0.11,49.74,49.74,61.42,104.61,112.41,10.84,14.07,12.92,1.15,NA,NA,0,0,0,0,5.99,0,4.62,13.1,6.14,0,1.3,2.38,4.82,14.64,NA,NA,NA,NA,NA,NA,NA,NA,NA,NA,NA,NA,NA,NA
"90",90,"9_1507","Nodo 3 - Pies inventariados","IFN2",NA,NA,NA,NA,10,47,1419.42,19.7,151.73,42.95,0.01,5.14,19.63,25.88,526.78,15.39,2.94,3.03,1.02,74.15,59.46,929.45,17.25,18.53,13.88,286.66,257.76,28.9,0.06,33.42,0,0,0,0,145.64,117.34,112.91,268.41,122.47,0,13.85,24.25,71.09,231.66,0.04,25.44,"Nodo 1 - Pies inventariados","IFN3",2003,48,309.26,0,0,18.38,NA,NA,27.51,31.99,935.93,16.29,4.14,4.17,0.42,57.57,50.92,365.52,34.9,37.51,16.29,104.9,97.37,7.53,NA,NA,0,0,0,4.58,68.48,54.55,18.97,99.2,46.27,0,5.58,8.69,25.32,85.85,NA,NA,NA,NA,NA,NA,0,0,0,NA,NA,NA,NA,NA
"91",91,"9_1508","Nodo 3 - Pies inventariados","IFN2",NA,NA,NA,NA,10,38,1206.59,7.17,149.19,33.54,0,5.26,18.81,23.34,427.75,8.84,3.34,3.38,1.09,43.98,37.87,733.65,32.58,35.01,6.84,126.65,115.43,11.22,0.02,19.78,0,0,0,0,30.46,0,64.27,113.83,54.85,0,17.37,37.24,55.52,164.98,0.02,24.92,"Nodo 1 - Pies inventariados","IFN3",2003,39,710.89,0,0,24.26,NA,NA,20.84,26.19,539.75,11.45,3.75,3.79,0.8,45.58,43.71,517.12,32.77,35.21,11.64,110.01,101.14,8.87,NA,NA,0,0,0,0,54.29,21.84,36.78,101.06,48.06,0,17.44,51.78,40.15,157.42,NA,NA,NA,NA,NA,NA,0,0,0,NA,1.76032632,95.49,0.4854075,43.6446594
"92",92,"9_1509","Nodo 3 - Pies inventariados","IFN2",NA,NA,NA,NA,10,36,998.22,6.07,130.7,27.51,0,5.45,18.73,26.71,563.88,10.96,3.29,3.35,0.88,49.13,41.04,602.38,28.88,31.03,8.47,116.85,106.32,10.53,0.04,25.19,0,0,0,0,26.89,16.95,57.5,106.33,50.52,0,12.7,26.05,45.54,134.8,0.04,25.99,"Nodo 1 - Pies inventariados","IFN3",2003,37,785.16,0,0,26.17,NA,NA,20.6,25.96,539.38,14.26,3.4,3.43,0.73,62.85,54.95,559.56,25.02,26.88,14.15,156.28,141.69,14.6,NA,NA,0,0,0,4.86,73.7,28.93,61.81,146,67.32,0,9.44,16.99,43.32,137.07,NA,NA,NA,NA,NA,NA,NA,NA,NA,NA,NA,NA,NA,NA
"93",93,"9_1524","Nodo 3 - Pies inventariados","IFN2",NA,NA,NA,NA,10,40,557.59,2.8,100.61,21.79,0,4.27,22.3,26.45,551.25,11.18,3.91,3.95,0.68,48.11,42.25,456.66,37.9,40.72,10.06,104.23,96.35,7.87,0.02,20.08,0,0,0,0,55.45,16.19,31.51,96.3,45.78,0,9.88,17.8,36.06,109.52,0.02,19.88,"Nodo 1 - Pies inventariados","IFN3",2003,41,159.15,0,0,9.35,NA,NA,27.35,29.39,687.86,15.07,4.69,4.74,0.28,55.05,51.27,186.25,52.6,56.52,15.12,61.61,57.95,3.67,NA,NA,0,0,0,9.84,38.48,35.31,8.68,58.2,27.53,0,3.66,5.4,15.48,52.07,NA,NA,NA,NA,NA,NA,0,0,0,NA,NA,NA,NA,NA
"94",94,"9_1525","Nodo 3 - Pies inventariados","IFN2",NA,NA,NA,NA,10,44,1283.52,13.8,151.4,39,0.01,5.26,19.67,27.34,591.29,14.16,3.02,3.11,0.97,70.67,51.79,843.66,19.71,21.18,12.81,248.1,223.75,24.35,0.04,32.87,0,0,0,3.13,119.73,83.7,97.84,231.91,106.31,0,13.19,23.31,64.56,207.37,0.04,25.78,"Nodo 1 - Pies inventariados","IFN3",2003,45,314.77,0,0,14.18,NA,NA,23.95,29.77,701.17,17.77,3.87,3.94,0.38,66.95,59.69,292.02,31.72,34.09,17.79,103.99,95.94,8.05,NA,NA,0,0,0,7.65,58.11,43.1,24.72,98.22,45.59,0,4.81,7.45,23.47,81.32,NA,NA,NA,NA,NA,NA,0,0,0,NA,NA,NA,NA,NA
"95",95,"9_1543","Nodo 3 - Pies inventariados","IFN2",NA,NA,NA,NA,10,40,3148.16,35.45,304.68,33.81,0.01,8.03,11.69,25.04,492.44,8.85,2.07,2.16,1.15,59.89,35.33,832.96,20.15,21.65,7.13,115.74,100.37,15.37,0.04,29.57,0,0,0,0,11.99,0,67.89,97.44,47.69,0,14.71,39.77,55.97,158.15,0.06,37.38,"Nodo 1 - Pies inventariados","IFN3",2003,41,2496.96,0,0,28.12,NA,NA,11.98,20.08,328.14,11.75,2.11,2.15,0.9,74.32,58.54,688.69,17.03,18.29,11.82,124.05,105.8,18.25,NA,NA,0,0,0,0,6.73,3.31,89.99,108.09,50.27,0,9.66,25.21,46.55,131.69,NA,NA,NA,NA,NA,NA,NA,NA,NA,NA,NA,NA,NA,NA
"96",96,"9_1549","Nodo 3 - Pies inventariados","IFN2",NA,NA,NA,NA,10,39,158.86,0.44,85.02,7.2,0,3.72,24.03,25.97,534.46,8.4,4.7,4.74,0.28,33.43,32.33,148.18,94.48,101.53,7.26,25.65,24.33,1.32,0.02,13.01,0,0,0,0,12.9,0,5.56,23.56,11.56,0,4.43,8.26,11.92,36.17,0.02,17.19,"Nodo 1 - Pies inventariados","IFN3",2003,40,56.59,0,0,3.98,NA,NA,29.92,29.76,702.96,11.23,5.75,5.77,0.15,37.73,37.73,77.48,118.4,127.23,11.23,19.43,18.73,0.7,NA,NA,0,0,0,2.47,12.23,10.36,1.71,18.23,8.9,0,2.12,3.24,6.58,20.85,NA,NA,NA,NA,NA,NA,NA,NA,NA,NA,NA,NA,NA,NA
"97",97,"9_1568","Nodo 3 - Pies inventariados","IFN2",NA,NA,NA,NA,10,30,502.66,2.9,123.59,5.08,0,1.4,11.34,12.71,126.79,6.61,2.33,2.35,0.22,52.52,51.99,126.07,67.52,72.56,6,14.75,12.62,2.13,0.02,4.27,0,0,0,0,0,0,9.86,12.22,6,0,2.35,7.14,8.41,23.89,0.04,5.85,"Nodo 1 - Pies inventariados","IFN3",2003,31,190.99,0,0,2.29,NA,NA,12.35,13.39,143.64,9.21,2.51,2.53,0.1,71.41,68.78,55.6,78.57,84.43,8.72,9.94,8.48,1.46,NA,NA,0,0,0,0,0,0,7.27,8.88,4.03,0,0.79,2.06,3.79,10.66,NA,NA,NA,NA,NA,NA,NA,NA,NA,NA,NA,NA,NA,NA
"98",98,"9_1577","Nodo 3 - Pies inventariados","IFN2",NA,NA,NA,NA,10,49,981.27,8.31,62.94,50.51,0,3.02,25.6,32.66,842.78,16.31,3.76,3.81,1.12,60.77,49.95,1022.85,19.57,21.03,14.31,348.39,323.79,24.6,0.04,20.3,0,0,0,28.55,222.86,199.52,62.67,329.49,153.84,0,18.27,27.74,83.6,283.45,0.03,15.63,"Nodo 1 - Pies inventariados","IFN3",2003,50,767.48,0,0,51.66,NA,NA,29.28,36.3,1040.04,17.17,4.22,4.27,1.1,56.07,47.3,1011.7,21.02,22.59,17.26,370.64,350.73,19.9,NA,NA,0,0,0,79.5,225.37,185.72,37.8,352.14,166.64,0.08,19.63,27.4,85.51,299.26,NA,NA,NA,NA,NA,NA,NA,NA,NA,NA,NA,NA,NA,NA
"99",99,"9_1580","Nodo 3 - Pies inventariados","IFN2",NA,NA,NA,NA,10,28,1608.29,12.37,156.44,19.79,0,2.35,12.52,17.98,253.91,6.48,2.38,2.42,0.74,52.06,36.05,479.19,38.48,41.35,5.87,60.71,52.67,8.03,0,7.01,0,0,0,0,0,0,43.48,51.26,25.03,0,9.46,26.18,32.75,93.42,0.02,10.59,"Nodo 1 - Pies inventariados","IFN3",2003,29,760.41,0,0,15.2,NA,NA,15.95,22.44,395.94,9.77,2.82,2.93,0.51,64.72,43.55,346.36,37.11,39.88,9.74,70.97,62.92,8.06,NA,NA,0,0,0,0,13.29,0,42.94,64.31,29.89,0,6.02,12.74,25.15,73.8,NA,NA,NA,NA,NA,NA,NA,NA,NA,NA,NA,NA,NA,NA
"100",100,"9_1587","Nodo 3 - Pies inventariados","IFN2",NA,NA,NA,NA,10,25,463.05,2.17,178.74,5.48,0,2.42,12.28,13.89,151.6,5.5,2.55,2.57,0.24,42.71,39.58,133.39,84.51,90.81,4.92,13.64,11.88,1.76,0.01,6.04,0,0,0,0,0,0,9.44,11.12,5.64,0,3.03,9.05,9.07,26.8,0.02,10.94,"Nodo 1 - Pies inventariados","IFN3",2003,26,127.32,0,0,2.97,NA,NA,17.23,17.86,251.22,9.42,3.46,3.48,0.09,54.12,52.76,66.36,94.04,101.05,9.28,9.04,8.08,0.96,NA,NA,0,0,0,0,0,0,6.07,8.18,3.84,0,0.96,2.1,3.64,10.55,NA,NA,NA,NA,NA,NA,NA,NA,NA,NA,NA,NA,NA,NA
"101",101,"9_1589","Nodo 3 - Pies inventariados","IFN2",NA,NA,NA,NA,10,40,549.02,3.35,135.03,18.36,0,5.03,20.64,26.46,551.22,9.93,3.71,3.84,0.63,41.24,37.55,392.49,42.96,46.16,8.76,71.44,66.53,4.91,0.02,19.48,0,0,0,0,35.9,4.69,20.34,65.1,31.61,0,9.91,19.32,30.4,91.24,0.02,23.32,"Nodo 1 - Pies inventariados","IFN3",2003,41,233.43,0,0,13.08,NA,NA,26.71,30.83,750.04,12.38,4.69,4.79,0.42,44.29,40.15,262.04,52.88,56.82,12.48,67.22,63.86,3.37,NA,NA,0,0,0,7.22,39.69,35.31,10.42,62.8,30.34,0,6.36,10.02,21.65,68.37,NA,NA,NA,NA,NA,NA,NA,NA,NA,NA,NA,NA,NA,NA
"102",102,"9_1595","Nodo 3 - Pies inventariados","IFN2",NA,NA,NA,NA,10,40,2290.26,31.05,206.32,47.5,0,6.31,16.25,23.94,451,8.17,2.77,2.87,1.49,47.82,34.11,1077.73,25.59,27.5,7.37,168.94,152.11,16.84,0.02,22.06,0,0,0,0,23.82,0,99.59,149.88,72.27,0,23.74,53.62,78.63,228.26,0.02,29.96,"Nodo 1 - Pies inventariados","IFN3",2003,41,834.68,0,0,29.46,NA,NA,21.2,26.89,569.04,11.14,3.63,3.67,0.88,49.85,41.43,625.46,31.07,33.39,11.17,139.88,128.44,11.44,NA,NA,0,0,0,0,68.15,14.74,50.29,129.26,61.03,0,13.11,24.38,48.77,147.27,NA,NA,NA,NA,NA,NA,0,0,0,NA,NA,NA,NA,NA
"103",103,"9_1596","Nodo 3 - Pies inventariados","IFN2",NA,NA,NA,NA,10,47,617.83,3.92,80.62,28.28,0,3.64,24.14,30.18,724.47,13.71,3.97,4.03,0.79,52.39,45.42,581.2,29.35,31.54,11.37,158.82,147.86,10.96,0.02,19.96,0,0,0,8.8,90.92,65.61,35.77,148.72,70.25,0,11.88,19.56,46.81,148.51,0.02,17.63,"Nodo 1 - Pies inventariados","IFN3",2003,48,385.51,0,0,26.6,NA,NA,29.64,33.83,899.97,15.56,4.56,4.6,0.52,52.02,45.99,519.35,32.74,35.18,15.64,140.56,132.94,7.62,NA,NA,0,0,0,24.89,91.87,71.19,15.13,133.38,63.16,0,8.11,11.62,34.11,116.99,NA,NA,NA,NA,NA,NA,0,0,0,NA,NA,NA,NA,NA
"104",104,"9_1602","Nodo 3 - Pies inventariados","IFN2",NA,NA,NA,NA,10,35,2945.59,51.7,164.33,55.7,0,4.25,15.52,22.59,400.7,10.9,2.51,2.58,1.54,60.96,48.27,1278.38,16.9,18.16,9.12,250.69,222.03,28.66,0.02,20.03,0,0,0,0,52.29,0,153.73,226.21,105.49,0,22.05,48.86,92.19,268.6,0.02,19.99,"Nodo 1 - Pies inventariados","IFN3",2003,36,2412.08,0,0,56.96,NA,NA,17.34,24.59,476.63,12.31,2.68,2.79,1.48,64.96,50.08,1271.6,16.53,17.77,12.35,303.48,271.41,32.07,NA,NA,0,0,0,0,108.59,37.18,150.51,279.04,128.95,0,25.03,56.74,94.29,305.01,NA,NA,NA,NA,NA,NA,NA,NA,NA,NA,1.18261182,31.83,0.4325697,23.3638566
"105",105,"9_1608","Nodo 3 - Pies inventariados","IFN2",NA,NA,NA,NA,10,27,1842.84,12.81,168.61,21.48,0.01,2.39,12.18,15.42,186.81,6.82,2.32,2.34,0.79,55.23,44.23,523.8,34.15,36.7,6.37,69.22,59.49,9.73,0.02,7.58,0,0,0,0,0,0,53.96,58.32,28.27,0,9.54,27.05,35.56,100.42,0.03,10.56,"Nodo 1 - Pies inventariados","IFN3",2003,28,636.62,0,0,14.96,NA,NA,17.3,20.77,338.95,11.23,3.1,3.14,0.49,62.27,54.09,334.22,35.28,37.91,11.33,74.72,66.45,8.26,NA,NA,0,0,0,0,15.02,0,43.77,68.36,31.57,0,5.65,11.67,24.77,73.66,NA,NA,NA,NA,NA,NA,NA,NA,NA,NA,NA,NA,NA,NA
"106",106,"9_1609","Nodo 3 - Pies inventariados","IFN2",NA,NA,NA,NA,10,42,2024.59,23.25,106.15,39.83,0.02,1.98,15.83,21.28,355.85,9.03,2.72,2.79,1.24,52.38,42.45,909.75,24.6,26.43,8,156.41,139.49,16.93,0.05,7.51,0,0,0,0,17.32,0,99.04,140.02,66.28,0,17.76,40.49,65.94,190.46,0.06,8.97,"Nodo 1 - Pies inventariados","IFN3",2003,43,1556.18,0,0,39.85,NA,NA,18.06,24.22,461.08,10.56,3.08,3.14,1.21,48.37,43.62,880.61,24,25.79,10.63,179.64,163.06,16.58,NA,NA,0,0,0,0,68,0,81.28,164.81,77.48,0,23.6,80.58,65.96,247.61,NA,NA,NA,NA,NA,NA,NA,NA,NA,NA,1.84715856,286.47,0.3784587,59.5007739
"107",107,"9_1617","Nodo 3 - Pies inventariados","IFN2",NA,NA,NA,NA,10,38,1700.37,23.09,156.67,48.34,0.01,5.42,19.03,28.06,619.52,14.18,2.99,3.09,1.27,59.66,50.53,1054.34,17.1,18.38,12.12,254.04,230.29,23.75,0.04,28.99,0,0,0,2.95,106.17,60.36,108.25,234.68,109.42,0,19.25,36.71,80.01,245.38,0.03,26.17,"Nodo 1 - Pies inventariados","IFN3",2003,39,1206.04,0,0,45.04,NA,NA,21.81,33.63,888.86,15.05,3.51,3.62,1.24,51.87,44.76,949.39,19.13,20.56,14.95,256.02,237.33,18.69,NA,NA,0,0,0,27.4,136.48,99.36,66.41,239.81,112.76,0,34.63,113,74.55,334.94,NA,NA,NA,NA,NA,NA,NA,NA,NA,NA,3.71809413,254.64,0.9545817,112.4515704
"108",108,"9_1620","Nodo 3 - Pies inventariados","IFN2",NA,NA,NA,NA,10,25,602.23,3.44,191.85,5.96,0,2.56,11.23,14.23,159.15,4.45,2.33,2.38,0.27,39.46,31.26,148.32,91.58,98.41,4.4,12.48,10.84,1.64,0.02,5.15,0,0,0,0,0,0,6.43,9.57,5.15,0,3.71,12.03,9.86,30.76,0.03,12.68,"Nodo 1 - Pies inventariados","IFN3",2003,26,127.32,0,0,2.23,NA,NA,14.95,15.36,187.37,6.61,3.15,3.17,0.1,44.33,43.06,51.75,134,143.99,6.58,6.94,6.16,0.78,NA,NA,0,0,0,0,0,0,5.18,6.01,2.93,0,1.15,2.93,3.7,10.71,NA,NA,NA,NA,NA,NA,NA,NA,NA,NA,NA,NA,NA,NA
"109",109,"9_1626","Nodo 3 - Pies inventariados","IFN2",NA,NA,NA,NA,10,36,2530.99,39.2,218.25,46.88,0,6.66,15.36,24.38,467.66,9.85,2.57,2.66,1.41,54.81,40.39,1078.85,20.19,21.69,8.94,187.24,167.06,20.18,0.02,27.29,0,0,0,0,39.27,7.27,103.47,167,79.38,0,20.77,47.18,77.6,224.93,0.02,31.29,"Nodo 1 - Pies inventariados","IFN3",2003,37,1191.89,0,0,26.17,NA,NA,16.72,25.52,512.58,11.36,2.99,3.07,0.88,48.34,44.54,589.45,25.49,27.39,11.52,113.2,102.4,10.79,NA,NA,0,0,0,0,37.49,16.37,52.14,103.13,48.66,0,19.65,79.16,43.31,190.77,NA,NA,NA,NA,NA,NA,0,0,0,NA,2.2128216,254.64,0.458352,72.34959
"110",110,"9_1688","Nodo 3 - Pies inventariados","IFN2",NA,NA,NA,NA,10,34,267.49,1.11,77.62,6.34,0,1.76,17.37,19.78,307.49,7.26,3.52,3.55,0.26,35.46,36.69,141.39,84.24,90.52,6,18.24,16.66,1.59,0.01,4.94,0,0,0,0,0,0,10.75,16.02,7.91,0,3.86,9.22,10.49,31.48,0.02,8.11,"Nodo 1 - Pies inventariados","IFN3",2003,35,265.26,0,0,5.38,NA,NA,16.08,20.62,340.28,6.89,4.06,4.09,0.18,41.45,33.44,122.49,89.07,95.71,6.86,13.49,12.53,0.95,NA,NA,0,0,0,0,3.49,0,5.86,12,5.96,0,2.72,5.86,7.23,21.76,NA,NA,NA,NA,NA,NA,NA,NA,NA,NA,NA,NA,NA,NA
"111",111,"9_1735","Nodo 3 - Pies inventariados","IFN2",NA,NA,NA,NA,10,30,596.77,3.07,154.21,7.2,0,2.41,12.39,15.29,183.51,4.47,2.57,2.6,0.32,35.94,29.21,174.79,91.68,98.51,4.08,15.08,13.27,1.81,0.01,5.01,0,0,0,0,0,0,9.97,11.87,6.3,0,4.68,14.42,11.92,37.32,0.02,12,"Nodo 1 - Pies inventariados","IFN3",2003,31,159.15,0,0,3.3,NA,NA,16.24,17.42,241.47,5.85,3.39,3.43,0.15,36.79,33.6,74.82,135.43,145.52,5.94,8.88,8.03,0.85,NA,NA,0,0,0,0,0,0,5.66,7.57,3.81,0,2.06,5.13,5.46,16.46,NA,NA,NA,NA,NA,NA,NA,NA,NA,NA,NA,NA,NA,NA
"112",112,"9_1810","Nodo 3 - Pies inventariados","IFN2",NA,NA,NA,NA,10,29,454.11,2.17,116.75,16.5,0,4.56,21.51,27.11,580.62,9.78,3.91,3.98,0.57,43.01,36.07,349.05,47.98,51.56,8.79,68.3,63.46,4.84,0.02,18.59,0,0,0,0,29.81,5.21,22.89,62.28,30.15,0,8.47,16.02,27.31,81.95,0.02,21.01,"Nodo 1 - Pies inventariados","IFN3",2003,30,304.16,0,0,14.16,NA,NA,24.35,29.94,708.62,11.65,4.31,4.39,0.46,46.5,38.9,290.37,49.24,52.91,11.52,70.48,66.12,4.36,NA,NA,0,0,0,5.01,35.69,22.55,15.58,65.69,31.42,0,6.67,11.19,23.44,72.72,NA,NA,NA,NA,NA,NA,NA,NA,NA,NA,NA,NA,NA,NA
"113",113,"9_1884","Nodo 3 - Pies inventariados","IFN2",NA,NA,NA,NA,10,40,625.4,4.21,130.92,21.65,0,5.45,21,29.16,669.48,12.51,3.55,3.65,0.66,55.35,42.9,460.78,31.96,34.35,10.58,113.33,104.15,9.17,0.03,28.21,0,0,0,3.74,50.06,38.97,39.52,105.28,49.49,0,9.06,16.16,35.84,110.55,0.03,25.98,"Nodo 1 - Pies inventariados","IFN3",2003,41,1266.17,0,0,27.53,NA,NA,16.64,31.22,774.88,12.85,3.92,4.03,0.5,34.25,41.16,620.93,21.87,23.5,12.2,96.49,90.04,6.44,NA,NA,0,0,0,12.58,47.03,37.22,24.99,90.29,42.78,0,7.56,12.35,28.94,91.63,NA,NA,NA,NA,NA,NA,NA,NA,NA,NA,5.23367958,541.11,0,NA
"114",114,"9_1959","Nodo 3 - Pies inventariados","IFN2",NA,NA,NA,NA,10,35,670.36,3.28,153.74,18.72,0,5.48,18.86,24.78,482.35,8.83,3.43,3.48,0.64,48.69,35.62,409.18,43.76,47.02,7.85,76.78,69.75,7.03,0.02,21.18,0,0,0,0,11.5,0,39.64,69.89,33.14,0,8.94,18.23,30.98,91.29,0.02,25.24,"Nodo 1 - Pies inventariados","IFN3",2003,36,519.91,0,0,18.14,NA,NA,21.08,24.92,495.03,11.12,3.74,3.77,0.58,52.2,44.62,385.63,39.45,42.39,11.15,92.19,84.34,7.85,NA,NA,0,0,0,0,43.56,9.2,32.27,85.52,40.07,0,9.44,22.92,30.02,102.46,NA,NA,NA,NA,NA,NA,NA,NA,NA,NA,0.58904598,31.83,0.1801578,13.1757102
"115",115,"9_218","Nodo 3 - Pies inventariados","IFN2",NA,NA,NA,NA,10,43,1580.82,16.06,189.25,35.5,0,6.18,16.91,25.44,511.04,9.3,2.98,3.08,1.18,42.9,36.54,797.46,27.05,29.07,7.97,121.59,110.66,10.93,0.02,22.91,0,0,0,0,23.27,0,60.41,108.01,52.58,0,18.96,42.84,58.76,173.14,0.02,29.25,"Nodo 1 - Pies inventariados","IFN3",2003,44,477.46,0,0,16.86,NA,NA,21.2,27.33,589.3,10.91,3.81,3.87,0.56,45.87,39.92,357.88,41.95,45.08,11.14,75.18,69.53,5.65,NA,NA,0,0,0,0,34.81,17.92,24.86,69.07,33.03,0,8.1,15.35,27.9,84.39,NA,NA,NA,NA,NA,NA,0,0,0,NA,NA,NA,NA,NA
"116",116,"9_2337","Nodo 3 - Pies inventariados","IFN2",NA,NA,NA,NA,10,41,3003.62,127.54,209.79,58.16,0,6.57,15.7,27.83,610.27,15.58,2.21,2.35,1.3,94.03,55.99,1330.86,11.71,12.58,13.5,392.71,344.94,47.77,0.05,43.44,0,0,0,3.26,127.32,98.3,207.95,362.9,163.89,0,17.16,32.37,96.26,309.69,0.05,33.09,"Nodo 1 - Pies inventariados","IFN3",2003,42,1152.99,0,0,40.73,NA,NA,21.21,30.89,752.1,17.73,3.09,3.17,0.91,78.26,57.41,864.54,16.61,17.85,17.78,310.64,281.3,29.34,NA,NA,0,0,0,16.98,152.14,103.9,108.7,293.31,133.66,0,13.07,23.33,67.41,237.46,NA,NA,NA,NA,NA,NA,0,0,0,NA,0.39688827,31.83,0.1992558,5.44293
"117",117,"9_2346","Nodo 3 - Pies inventariados","IFN2",NA,NA,NA,NA,10,24,313.91,2.42,0,29.94,0,0,34.85,39.42,1222.64,21.17,4.87,4.93,0.6,61.32,53.71,561.27,26.66,28.65,19.2,272.33,261.39,10.94,0.08,0,0,0,0,143.64,120.43,102.73,14.18,260.2,124.2,0.2,10.35,12.32,49.55,196.62,0.06,0,"Nodo 1 - Pies inventariados","IFN3",2003,25,298.22,0,0,31.99,NA,NA,36.95,42.05,1393.04,19.83,5.21,5.29,0.65,55.33,47.16,590.96,29.2,31.38,19.83,275.06,267.03,8.03,NA,NA,2.63,2.63,2.28,165.75,102.45,87.23,11.18,262.9,126.88,0.84,12.13,14.14,52.94,206.92,NA,NA,NA,NA,NA,NA,NA,NA,NA,NA,NA,NA,NA,NA
"118",118,"9_2351","Nodo 3 - Pies inventariados","IFN2",NA,NA,NA,NA,10,31,1014.56,9.76,189.64,23.33,0,6.3,17.11,28.35,641.71,10.07,2.95,3.12,0.78,50.59,35.51,522.44,31.19,33.51,8.93,93.39,85.31,8.07,0.02,25.53,0,0,0,4.44,25.97,0,40.9,83.76,40.54,0,11.34,23.34,38.61,113.83,0.03,29.17,"Nodo 1 - Pies inventariados","IFN3",2003,32,590.64,0,0,18.06,NA,NA,19.73,30.19,726.99,14.1,3.2,3.38,0.53,68.21,46.69,390.39,29.19,31.37,14.01,107.56,98.16,9.41,NA,NA,0,0,0,9.83,44.71,23.36,41.4,100.13,46.64,0,6.82,11.65,29.9,95.01,NA,NA,NA,NA,NA,NA,NA,NA,NA,NA,NA,NA,NA,NA
"119",119,"9_2413","Nodo 3 - Pies inventariados","IFN2",NA,NA,NA,NA,10,71,790.81,11.36,121.55,30.44,0.01,4.52,22.14,32.46,848.76,18.17,3.23,3.38,0.71,72.71,55.96,639.27,19.57,21.03,16.44,232.21,213.55,18.67,0.06,33.69,0,0,0,25.2,128.02,99.02,56.02,219.19,101.46,0.12,9.83,15.27,50.39,177.07,0.04,23.3,"Nodo 1 - Pies inventariados","IFN3",2003,72,341.09,0,0,21.52,NA,NA,28.34,34.46,960.51,18.58,4.3,4.4,0.52,63.09,53.91,424.89,29.14,31.32,18.61,167,157.32,9.68,NA,NA,0,0,2.09,34.46,92.75,76.79,21.54,159.22,74.75,0.36,7.67,10.44,35.62,128.83,NA,NA,NA,NA,NA,NA,0,0,0,NA,NA,NA,NA,NA
"120",120,"9_245","Nodo 3 - Pies inventariados","IFN2",NA,NA,NA,NA,10,41,134.24,0.38,56.8,6.22,0,2.55,24.28,24.55,474.66,6.27,4.96,4.97,0.26,26.14,25.54,127.56,137.67,147.94,5.8,17.01,16.27,0.74,0.01,6.82,0,0,0,0,10.38,0,3.44,15.03,7.73,0,4.75,9.42,10.29,32.19,0.02,12.45,"Nodo 1 - Pies inventariados","IFN3",2003,42,42.44,0,0,2.79,NA,NA,28.94,28.9,657.98,7.5,6,6.01,0.12,25.95,25.95,54.84,204.67,219.93,7.5,8.91,8.69,0.22,NA,NA,0,0,0,0,5.45,0,0.99,8.01,4.13,0,2.1,3.64,4.62,14.49,NA,NA,NA,NA,NA,NA,NA,NA,NA,NA,NA,NA,NA,NA
"121",121,"9_246","Nodo 3 - Pies inventariados","IFN2",NA,NA,NA,NA,10,45,1002.64,6.85,203.11,21.49,0,6.43,16.52,26.06,534.29,6.47,3.04,3.19,0.8,39.8,24.83,485.59,48.82,52.46,5.7,61.87,56.53,5.34,0.02,17.89,0,0,0,0,11.14,0,30.68,53.52,26.86,0,13.49,30.87,35.57,106.79,0.03,31.65,"Nodo 1 - Pies inventariados","IFN3",2003,46,120.25,0,0,6.27,NA,NA,25.76,26.32,563.29,8.32,5,5.13,0.25,33.89,31.62,126.75,109.6,117.77,8.56,21.66,20.67,0.99,NA,NA,0,0,0,0,10.46,0,4.36,19.62,9.82,0,4.45,7.83,10.38,32.47,NA,NA,NA,NA,NA,NA,0,0,0,NA,NA,NA,NA,NA
"122",122,"9_305","Nodo 3 - Pies inventariados","IFN2",NA,NA,NA,NA,10,39,642.12,4.32,98.25,26.07,0,4.1,22.74,29.35,679.4,13.59,3.86,3.92,0.77,47.92,46.32,543.87,29.03,31.2,12.06,132.33,123.11,9.22,0.03,20.76,0,0,0,5.76,74.89,51.81,33.13,122.59,58.49,0,11.84,21.2,43.15,134.68,0.02,19.5,"Nodo 1 - Pies inventariados","IFN3",2003,40,173.3,0,0,11.21,NA,NA,28.7,31.25,774.62,14.38,4.98,5.03,0.34,47.24,46.02,220.7,52.82,56.76,14.12,66.62,63.45,3.17,NA,NA,0,0,0,14.96,39.87,31.1,7.36,62.76,30.15,0,4.97,7.35,18.56,61.03,NA,NA,NA,NA,NA,NA,0,0,0,NA,NA,NA,NA,NA
"123",123,"9_355","Nodo 3 - Pies inventariados","IFN2",NA,NA,NA,NA,10,30,867.43,5.66,140.99,13.43,0,2.22,14.04,18.93,283.47,6.52,2.75,2.82,0.54,38.61,34.42,316.04,52.1,55.98,5.75,34.23,30.59,3.64,0.01,5.51,0,0,0,0,2.38,0,22.52,28.77,14.54,0,8.26,22.64,22.23,67.67,0.02,10.72,"Nodo 1 - Pies inventariados","IFN3",2003,31,618.94,0,0,14.05,NA,NA,17,21.35,360.1,9.25,3.13,3.22,0.43,48.87,43.31,315.23,43.47,46.71,9.24,46.19,41.72,4.47,NA,NA,0,0,0,0,12.42,0,23.97,41.25,19.82,0,5.62,12.32,19.6,57.36,NA,NA,NA,NA,NA,NA,NA,NA,NA,NA,NA,NA,NA,NA
"124",124,"9_382","Nodo 3 - Pies inventariados","IFN2",NA,NA,NA,NA,10,31,1605.06,18.64,208.98,30.76,0,6.65,15.62,23.76,443.39,9.98,2.69,2.82,1,52.28,42,704.8,25.01,26.88,8.26,120.26,108.13,12.13,0.04,27.59,0,0,0,0,32.17,0,58.01,106.8,51.38,0,14.14,31.61,50.91,148.05,0.04,30.92,"Nodo 1 - Pies inventariados","IFN3",2003,32,997.37,0,0,24.32,NA,NA,17.62,26.54,556.09,11.59,2.91,3.02,0.61,60.57,43.66,540.76,27.32,29.36,11.73,102.46,92.07,10.4,NA,NA,0,0,0,0,33.94,19.52,50.5,94.29,43.74,0,7.74,15.32,33.24,100.04,NA,NA,NA,NA,NA,NA,NA,NA,NA,NA,NA,NA,NA,NA
"125",125,"9_393","Nodo 3 - Pies inventariados","IFN2",NA,NA,NA,NA,10,29,590.18,2.89,115.61,10.66,0,2.07,15.17,18.67,274.07,5.64,3.04,3.07,0.44,36.85,30.22,246.09,72.97,78.41,5.12,27.34,24.56,2.79,0.01,5.19,0,0,0,0,0,0,18.59,22.98,11.67,0,6.6,17.25,17.65,53.16,0.02,9.79,"Nodo 1 - Pies inventariados","IFN3",2003,30,314.77,0,0,9.59,NA,NA,19.7,22.62,402.93,8.19,3.81,3.84,0.36,41.03,36.2,207.39,68.82,73.96,7.93,34.73,31.89,2.84,NA,NA,0,0,0,0,7.08,0,16.45,31.11,15.15,0,5.14,10.68,15.88,46.84,NA,NA,NA,NA,NA,NA,0,0,0,NA,NA,NA,NA,NA
"126",126,"9_467","Nodo 3 - Pies inventariados","IFN2",NA,NA,NA,NA,10,31,958.78,6.85,187.54,23.06,0,6.31,17.5,26.16,539.02,10.64,3.08,3.17,0.76,51.24,40.66,513.55,30.36,32.63,9.79,97.49,88.35,9.14,0.04,27.42,0,0,0,0,29.27,16.1,47.35,88.24,41.98,0,10.39,21.77,38.17,112.31,0.04,29.02,"Nodo 1 - Pies inventariados","IFN3",2003,32,537.59,0,0,12.46,NA,NA,17.18,21.92,382.63,12.02,3.37,3.41,0.37,60.58,54.82,278.8,35.9,38.57,11.93,57.75,51.93,5.81,NA,NA,0,0,0,0,15.38,5.8,30.58,53.39,24.68,0,4.37,8.59,18.66,56.28,NA,NA,NA,NA,NA,NA,0,0,0,NA,NA,NA,NA,NA
"127",127,"9_610","Nodo 3 - Pies inventariados","IFN2",NA,NA,NA,NA,10,45,716.87,4.86,106.34,28.37,0,4.12,22.45,27.83,609.35,12.36,3.74,3.82,0.82,51.93,44.42,593.73,30.21,32.47,10.81,147.71,136.66,11.05,0.03,20.96,0,0,0,0,79.1,66.21,41.26,137.19,64.93,0,12.22,21.25,46.96,145.36,0.03,19.46,"Nodo 1 - Pies inventariados","IFN3",2003,46,544.66,0,0,28.71,NA,NA,25.91,31.84,797.91,12.58,4.28,4.37,0.82,46.16,39.5,579.71,34.07,36.61,12.48,150.91,142.66,8.25,NA,NA,0,0,0,9.71,86.47,77.76,25.43,141.11,67.79,0,13.39,21.34,47.52,150.03,NA,NA,NA,NA,NA,NA,NA,NA,NA,NA,NA,NA,NA,NA
"128",128,"9_621","Nodo 3 - Pies inventariados","IFN2",NA,NA,NA,NA,10,35,1403.52,9.54,108,27.02,0,2.01,15.66,19.27,291.77,7.66,2.88,2.92,0.94,47.3,39.74,618.8,34.85,37.45,7.12,92.42,82.33,10.09,0.02,6.67,0,0,0,0,1.97,0,63.96,81.32,39.12,0,13.36,32.08,44.73,129.29,0.02,9.09,"Nodo 1 - Pies inventariados","IFN3",2003,36,930.17,0,0,27.69,NA,NA,19.47,23.12,420.05,11.34,3.42,3.46,0.88,52.26,49.08,600.48,28.9,31.06,11.33,127.56,115.56,12,NA,NA,0,0,0,0,45.13,2.46,58.9,117.04,54.9,0,17.3,46.17,45.83,164.2,NA,NA,NA,NA,NA,NA,NA,NA,NA,NA,1.07789112,31.83,0.2530485,32.4745575
"129",129,"9_68","Nodo 3 - Pies inventariados","IFN2",NA,NA,NA,NA,10,35,1017.46,7.3,133.5,16.83,0,2.13,14.51,20.18,321.22,7.35,2.74,2.81,0.63,46.27,36.42,392.83,42.65,45.83,6.5,53.17,47.29,5.88,0.01,6.58,0,0,0,0,2.46,0,34.31,46.18,22.47,0,8.66,21.74,27.86,80.74,0.02,9.6,"Nodo 1 - Pies inventariados","IFN3",2003,36,534.05,0,0,15.45,NA,NA,19.19,22.92,414.6,9.35,3.49,3.53,0.52,51.47,40.79,336.22,46.28,49.73,9.08,69.15,62.74,6.41,NA,NA,0,0,0,0,25,0,33.21,63.29,29.81,0,6.85,13.67,25.57,75.9,NA,NA,NA,NA,NA,NA,NA,NA,NA,NA,NA,NA,NA,NA
"130",130,"9_714","Nodo 3 - Pies inventariados","IFN2",NA,NA,NA,NA,10,37,1346.7,9.83,182.33,32.05,0,5.93,17.41,24.32,464.91,10.34,3.02,3.08,1,52.13,42.51,714.84,26.36,28.33,8.67,134.96,121.53,13.43,0.02,25.61,0,0,0,0,36.05,0,75.34,122.48,57.74,0,14.26,30.34,53.06,155.4,0.02,27.57,"Nodo 1 - Pies inventariados","IFN3",2003,38,859.44,0,0,27.24,NA,NA,20.09,26.38,551.38,11.27,3.46,3.51,0.83,52.08,42.72,586.1,30.27,32.53,11.23,129.38,118.03,11.34,NA,NA,0,0,0,0,53.56,9.64,54.98,119.14,56.08,0,11.78,22.51,45.09,135.46,NA,NA,NA,NA,NA,NA,NA,NA,NA,NA,NA,NA,NA,NA
"131",131,"9_72","Nodo 3 - Pies inventariados","IFN2",NA,NA,NA,NA,10,30,410.2,1.57,192.5,10.5,0,6.2,18.05,24.57,474.34,5.91,3.52,3.68,0.44,29.2,24.07,232.07,83.48,89.7,4.19,25.28,23.66,1.62,0.01,15.15,0,0,0,0,9.25,0,9.17,21.69,11.24,0,7.95,18.44,17.38,55.01,0.03,31.22,"Nodo 1 - Pies inventariados","IFN3",2003,31,106.1,0,0,3.93,NA,NA,21.71,21.36,382.32,7.35,4.29,4.42,0.16,34.6,34.4,82.88,132.09,141.94,7.26,13.42,12.67,0.75,NA,NA,0,0,0,0,5.32,0,3.99,12.19,6.02,0,2.44,4.76,6.5,19.71,NA,NA,NA,NA,NA,NA,NA,NA,NA,NA,NA,NA,NA,NA
"132",132,"9_76","Nodo 3 - Pies inventariados","IFN2",NA,NA,NA,NA,10,30,786.09,4.17,121.81,13.04,0,1.94,14.53,16.5,213.75,6.45,2.88,2.89,0.52,41.89,39.11,304.17,55.28,59.4,5.75,36.96,32.75,4.21,0.01,5.38,0,0,0,0,0,0,27.88,31.22,15.56,0,7.12,18.86,21.58,63.13,0.02,8.87,"Nodo 1 - Pies inventariados","IFN3",2003,31,763.94,0,0,14.56,NA,NA,15.58,20.22,321.5,9.12,3.39,3.41,0.44,55.35,45.12,333.87,39.65,42.61,8.93,46.87,42.3,4.57,NA,NA,0,0,0,0,4.31,0,27.11,42.14,20.1,0,5.83,12.69,20.04,58.66,NA,NA,NA,NA,NA,NA,NA,NA,NA,NA,NA,NA,NA,NA
"133",133,"9_77","Nodo 3 - Pies inventariados","IFN2",NA,NA,NA,NA,10,30,606.29,3.27,195.76,6.29,0,2.51,11.49,13.62,145.74,4.97,2.39,2.42,0.28,39.77,36.45,155.64,81.8,87.9,4.5,13.95,12.12,1.83,0.02,5.63,0,0,0,0,0,0,8.97,10.9,5.76,0,3.72,11.91,10.41,31.79,0.04,11.83,"Nodo 1 - Pies inventariados","IFN3",2003,31,222.82,0,0,2.84,NA,NA,12.74,14.42,165.62,6.96,2.67,2.7,0.13,45.94,48.27,68.5,96.26,103.44,5.78,8.25,7.21,1.04,NA,NA,0,0,0,0,0,0,5.7,7.02,3.42,0,1.43,4.11,4.7,13.68,NA,NA,NA,NA,NA,NA,NA,NA,NA,NA,NA,NA,NA,NA
"134",134,"9_903","Nodo 3 - Pies inventariados","IFN2",NA,NA,NA,NA,10,20,28.24,0.06,0,2.33,0,0,32.4,31.72,824.56,11.19,7.77,7.77,0.07,35.28,35.28,44.45,168.13,180.67,10.75,6.59,6.63,-0.04,0.02,0,0,0,0,2.99,1.72,0,0,6.16,3.15,0,1.17,1.62,2.69,8.62,0.03,0,"Nodo 1 - Pies inventariados","IFN3",2003,21,28.29,0,0,2.8,NA,NA,35.52,35.43,990.86,9.66,7.75,7.75,0.07,27.26,27.26,52.31,194.63,209.15,9.66,5.7,5.75,-0.05,NA,NA,0,0,0,2.82,1.69,0,0,5.27,2.73,0,1.27,1.83,2.64,8.47,NA,NA,NA,NA,NA,NA,NA,NA,NA,NA,NA,NA,NA,NA
"135",135,"9_904","Nodo 3 - Pies inventariados","IFN2",NA,NA,NA,NA,10,19,136.25,0.48,57.37,8.87,0,3.52,28.78,29.6,735.29,7.54,5.49,5.7,0.35,28.19,25.48,174.35,113.58,122.05,7.16,27.73,27.14,0.59,0.01,10.67,0,0,0,2.33,11.08,0,3.78,25.11,12.89,0.29,7.49,12.34,14.67,47.68,0.01,18.12,"Nodo 1 - Pies inventariados","IFN3",2003,20,408.29,0,0,11.42,NA,NA,18.87,29.23,709.38,7.22,6.03,6.26,0.19,33.86,24.72,249.54,68.51,73.62,7,13.69,13.66,0.03,NA,NA,0,0,0,1.53,3.76,0,1.13,12.37,6.49,0.31,4.59,7.36,7.97,26.71,NA,NA,NA,NA,NA,NA,NA,NA,NA,NA,NA,NA,NA,NA
"136",136,"9_919","Nodo 3 - Pies inventariados","IFN2",NA,NA,NA,NA,10,48,606.22,3.78,104.24,24.79,0,4.5,22.82,28.64,646.64,11.78,3.86,3.94,0.74,50.59,41.14,516.71,34.48,37.05,10.5,126.99,117.79,9.2,0.02,22.4,0,0,0,2.95,70.56,42.11,33.98,118.24,55.96,0,10.96,18.98,41.04,126.93,0.02,21.43,"Nodo 1 - Pies inventariados","IFN3",2003,49,848.83,0,0,34.12,NA,NA,22.62,32.02,808.62,14.94,4.15,4.25,0.57,58.25,46.64,712.67,22.98,24.69,14.79,110.94,104.58,6.36,NA,NA,0,0,0,14.51,62.42,56.31,19.65,103.72,49.69,0,11.41,25.1,32.93,119.13,NA,NA,NA,NA,NA,NA,NA,NA,NA,NA,0.86023758,31.83,0.305568,17.079978
"137",137,"9_924","Nodo 3 - Pies inventariados","IFN2",NA,NA,NA,NA,10,45,753.28,5.3,185.63,13.89,0,4.5,15.32,22.67,404.64,7.18,2.86,3.01,0.54,40.31,31.67,319.76,50.74,54.52,6.25,42.06,38.18,3.88,0.02,13.76,0,0,0,0,6.82,0,21.04,36.1,18.14,0,8,19.53,22.99,68.66,0.02,21.01,"Nodo 1 - Pies inventariados","IFN3",2003,46,519.91,0,0,10.5,NA,NA,16.03,22.29,395.27,7.47,2.99,3.17,0.41,39.59,33.53,238.94,58.68,63.05,7.52,33.67,30.83,2.84,NA,NA,0,0,0,0,9.52,0,13.51,29.65,14.65,0,6.08,14.48,17.37,52.58,NA,NA,NA,NA,NA,NA,NA,NA,NA,NA,NA,NA,NA,NA
"139",139,"9_959","Nodo 3 - Pies inventariados","IFN2",NA,NA,NA,NA,10,39,652.28,6.31,152.84,22.84,0,5.39,21.11,28.47,636.97,12.62,3.47,3.66,0.68,53.16,44.31,485.37,31.04,33.35,11.62,119.04,110.43,8.61,0.02,27.52,0,0,0,0,62.11,53.14,29,110.44,52.47,0,9.87,17.31,37.81,117.45,0.02,25.43,"Nodo 1 - Pies inventariados","IFN3",2003,40,820.53,0,0,27.18,NA,NA,20.54,33.35,877.2,14.75,3.65,3.9,0.5,46.77,44.22,581.65,23.67,25.44,14.73,103.05,97.33,5.72,NA,NA,0,0,0,14.69,61.55,55.32,13.65,96.69,46.24,0,8.67,17.81,29.14,101.87,NA,NA,NA,NA,NA,NA,NA,NA,NA,NA,1.86845283,190.98,0.1390971,NA
