"","PLOT_ID","Hoja_arboles","INVENTORY_ID_IFN2","T_IFN2","N_IFN2","N_muerto_IFN2","N_incorporado_IFN2","G_IFN2","G_muerta_IFN2","G_incorporada_IFN2","dg_IFN2","Do_IFN2","Seccion_domi.nte_IFN2","Ho_IFN2","d_copa_IFN2","Do_copa_IFN2","FCC_IFN2","Esbeltez_(hq/dq)","Esbeltez_(h100/d100)","SDI_IFN2","Hart_IFN2","Hart_tresbolillo_IFN2","SI_IFN2","VOB_IFN2","VUB_IFN2","VBARK_IFN2","V_muerto_IFN2","V_incorporado_IFN2","V_sierra_gruesa_IFN2","V_sierra_IFN2","V_sierra_canter_IFN2","V_trituracion_IFN2","WSW_IFN2","WB2_t_IFN2","WTBL_IFN2","WR_IFN2","WT_IFN2","WT_muerta_IFN2","WT_incorporada_IFN2","W_descorchado","V_descorchado","INVENTORY_ID_IFN3","Nombre_modelo","T_IFN3","N_IFN3","G_IFN3","dg_IFN3","Do_IFN3","Seccion_domi.nte_IFN3","Ho_IFN3","d_copa_IFN3","Do_copa_IFN3","FCC_IFN3","Esbeltez (hq/dq)","Esbeltez (h100/d100)","SDI_IFN3","Hart_IFN3","SI_IFN3","VOB_IFN3","VUB_IFN3","VBARK_IFN3","V_sierra_gruesa_IFN3","V_sierra_IFN3","V_sierra_canter_IFN3","V_trituracion_IFN3","WSW_IFN3","WB2_t_IFN3","WTBL_IFN3","WR_IFN3","WT_IFN3","G_incorporada_IFN3","N_incorporado_IFN3","V_incorporado_IFN3","WT_incorporada_IFN3","G_cortada_IFN3","N_cortado_IFN3","V_cortado_IFN3","WT_cortada_IFN3","G_muerta_IFN3","N_muerto_IFN3","V_muerto_IFN3","WT_muerta_IFN3"
"1","16_2992","Nodo 3 - Pies inventariados","IFN2",20,50.84,0.23,0,3.81,0.02,0,30.87,15.44,380.52,5.53,4.6,4.63,0.08,35.82,35.82,71.68,253.6,272.51,27.76,14.91,10.15,4.77,0.03,0,0,2.67,8.79,13.93,6.88,0.7,1.46,2.59,11.63,0.02,0,.,.,"IFN3","Ppi.ster_me__sim__v01",20,178.4,3.09,14.86,15.72,260.05,6.29,3.17,3.22,0.04,39.75,40.04,76.44,118.98,16.85,6.1,4.04,2.06,0,0,2.48,5.58,2.8,0.22,0.61,0.92,4.55,0.80097012,127.32,0,0,.,.,.,.,.,.,.,.
"2","16_2992","Nodo 3 - Pies inventariados","IFN2",20,50.84,0.23,0,3.81,0.02,0,30.87,15.44,380.52,5.53,4.6,4.63,0.08,35.82,35.82,71.68,253.6,272.51,27.76,14.91,10.15,4.77,0.03,0,0,2.67,8.79,13.93,6.88,0.7,1.46,2.59,11.63,0.02,0,.,.,"IFN3","Ppi.ster_me__sim__v01",20,178.4,3.09,14.86,15.72,260.05,6.29,3.17,3.22,0.04,39.75,40.04,76.44,118.98,16.85,6.1,4.04,2.06,0,0,2.48,5.58,2.8,0.22,0.61,0.92,4.55,0.80097012,127.32,0,0,.,.,.,.,.,.,.,.
"3","19_1047","Nodo 3 - Pies inventariados","IFN2",35,1009.95,5.1,0,30.49,0.1,0,19.61,26.3,550,8.75,2.92,2.97,0.7,42.65,33.26,679.77,35.97,38.66,16.89,118.35,77.91,40.44,0.25,0,0,0,41.01,106.69,56.21,4.67,13.13,19.53,93.53,0.19,0,.,.,"IFN3","Ppi.ster_me__sim__v01",35,657.84,18.72,19.03,25.68,525.83,8.54,2.91,2.96,0.45,39.03,33.25,421.94,45.66,16.08,66.59,43.73,22.86,0,0,14.2,59.84,32.58,2.81,8.01,11.82,55.22,4.42772865,187.45,15.2922489,12.4180695,0,0,0,0,.,.,.,.
"4","19_1051","Nodo 3 - Pies inventariados","IFN2",30,535.53,2.06,0,20.69,0.05,0,22.18,26.76,564.98,8.66,3.39,3.42,0.49,36.92,32.35,440.62,49.92,53.64,19.14,79.29,52.63,26.67,0.14,0,0,0,38.43,72.43,38.53,3.55,9.22,14.41,65.72,0.11,0,.,.,"IFN3","Ppi.ster_me__sim__v01",30,481,15.98,20.57,25.56,516.25,8.65,3.18,3.22,0.39,34.34,33.86,349.95,52.7,17.26,55.06,36.35,18.71,0,0,23.78,49.21,27.52,2.58,6.98,10.62,47.7,3.3719369,106.11,13.1554819,10.829103,0,0,0,0,.,.,.,.
"5","19_1052","Nodo 3 - Pies inventariados","IFN2",35,1795.01,15.83,0,44.9,0.27,0,17.85,26.45,551.91,9.32,2.58,2.64,0.99,42.91,35.25,1036.63,25.31,27.2,18.16,168.02,110.18,57.84,0.44,0,0,0,48.35,151.27,80.05,6.4,18.91,27.29,132.64,0.36,0,.,.,"IFN3","Ppi.ster_me__sim__v01",35,1145.92,25.86,16.95,25.95,536.95,7.71,2.48,2.62,0.62,37.51,29.7,608.51,38.34,15.17,81.08,52.98,28.11,0,2.51,27.15,71.32,41.24,3.77,10.91,15.89,71.8,4.64611932,201.6,13.758169,12.4377362,0,0,0,0,.,.,.,.
"6","19_1062","Nodo 3 - Pies inventariados","IFN2",30,1012.82,5.77,0,23.61,0.08,0,17.23,22.88,411.99,9.23,2.6,2.65,0.56,44.77,40.35,552.27,34.03,36.57,19.44,88.09,57.51,30.58,0.15,0,0,0,24.91,79.12,41.67,3.15,9.78,13.72,68.32,0.12,0,.,.,"IFN3","Ppi.ster_me__sim__v01",30,622.47,17.83,19.09,25.05,493.12,8.4,2.92,2.97,0.43,39.34,33.53,401.32,47.73,17.47,64.04,42.06,21.98,0,0,18.46,57.37,31.22,2.66,7.62,11.23,52.74,10.1691498,392.58,36.0172099,29.3477763,0,0,0,0,.,.,.,.
"7","19_1064","Nodo 3 - Pies inventariados","IFN2",35,1007.84,7.22,0,35.23,0.18,0,21.1,26.43,550.58,9.75,3.09,3.14,0.78,43.73,36.89,764.44,32.3,34.71,18.33,152.89,101.53,51.36,0.36,0,0,0,74.06,139.99,70.59,5.84,15.53,23.9,115.85,0.27,0,.,.,"IFN3","Ppi.ster_me__sim__v01",35,495.15,16.2,20.41,26.88,571.22,10.5,3.52,3.57,0.37,45.85,39.07,355.76,42.8,18.31,72.77,48.73,24.04,0,2.27,43.14,67.53,33.25,2.89,7.1,11.44,54.68,8.2724509,318.33,35.5788436,26.6098205,0,0,0,0,.,.,.,.
"8","19_1065","Nodo 3 - Pies inventariados","IFN2",30,762.79,1.16,0,13.61,0.02,0,15.07,21.13,352.46,9.73,2.73,2.75,0.28,52.97,46.04,334.5,37.22,39.99,19.44,51.67,33.86,17.81,0.04,0,0,0,16.99,47.11,23.04,1.57,4.87,6.85,36.33,0.03,0,.,.,"IFN3","Ppi.ster_me__sim__v01",30,1641.06,27.32,14.56,25.31,505.31,11.28,2.38,2.53,0.52,53.24,44.56,680.16,21.89,20.87,104.11,68.63,35.48,0,0,44.37,94.45,46.22,3.31,9.65,14.03,73.22,17.88565586,1135.29,71.4777127,49.9619549,0,0,0,0,.,.,.,.
"9","19_1067","Nodo 3 - Pies inventariados","IFN2",35,1424.22,8.17,0,36.08,0.14,0,17.96,24.81,485.68,8.54,2.66,2.71,0.82,41.27,34.43,830.91,31.02,33.33,16.8,127.87,83.57,44.31,0.28,0,0,0,37.26,114.27,61.97,5.01,15.12,21.59,103.69,0.23,0,.,.,"IFN3","Ppi.ster_me__sim__v01",35,541.13,18.48,20.85,24.84,485.5,8,3.21,3.25,0.45,35.41,32.23,402.64,53.7,15.54,64.5,42.55,21.96,0,0,29.84,58.29,32.15,2.98,8.09,12.31,55.53,4.82697839,134.41,17.3430484,15.0213942,0,0,0,0,.,.,.,.
"10","19_1074","Nodo 3 - Pies inventariados","IFN2",30,475.04,2.42,0,13.68,0.04,0,19.15,23.5,435.2,7.02,2.98,3.04,0.34,33.9,29.88,307.73,65.33,70.21,16.32,42.43,27.77,14.66,0.06,0,0,0,14.36,37.74,21.81,2.04,5.85,8.62,38.32,0.06,0,.,.,"IFN3","Ppi.ster_me__sim__v01",30,717.97,21.46,19.51,24.81,485.86,7.51,3,3.04,0.52,32.82,30.27,479.36,49.7,16.28,66.21,43.38,22.83,0,0,18.15,58.21,34.17,3.24,9.22,13.64,60.27,10.78106303,389.05,33.4389841,29.9619161,.,.,.,.,.,.,.,.
"11","19_2185","Nodo 3 - Pies inventariados","IFN2",21,508.05,1.25,0,9.44,0.01,0,15.38,15.62,191.53,7.13,2.46,2.46,0.24,45.15,45.69,230.21,62.18,66.82,21.05,31.56,20.3,11.27,0.03,0,0,0,0,27.54,15.16,1.04,3.72,4.8,24.72,0.03,0,.,.,"IFN3","Ppi.ster_me__sim__v01",20,222.82,2.83,12.72,13.26,138.18,6.78,2.1,2.1,0.08,53.56,51.13,74.16,98.8,19.52,9.41,5.97,3.44,0,0,0,8.18,4.4,0.25,1.05,1.24,6.94,.,.,.,.,.,.,.,.,.,.,.,.
"12","19_2197","Nodo 3 - Pies inventariados","IFN2",31,225.33,1.02,0,14.37,0.05,0,28.49,31.92,801.93,9.66,4.36,4.41,0.34,33.16,30.26,278.81,68.97,74.11,19.99,62.57,42.45,20.12,0.11,0,0,12.37,32.05,57.96,30.19,3.31,6.95,12.29,52.74,0.1,0,.,.,"IFN3","Ppi.ster_me__sim__v01",30,173.3,10.53,27.82,31.25,769.41,9.63,4.28,4.36,0.26,31.93,30.83,206.21,78.86,18.91,44.24,29.99,14.25,0,10.04,20.73,40.88,21.63,2.41,5.08,8.97,38.09,.,.,.,.,.,.,.,.,.,.,.,.
"13","19_2200","Nodo 3 - Pies inventariados","IFN2",21,728.49,3.62,0,17.07,0.05,0,17.27,21.9,378.69,8.74,2.67,2.7,0.42,40.57,39.93,398.9,42.38,45.54,24.44,59.09,38.52,20.57,0.07,0,0,0,15.96,52.9,28.69,2.26,7.06,9.87,47.87,0.06,0,.,.,"IFN3","Ppi.ster_me__sim__v01",20,523.44,9.77,15.42,19.95,313.84,9.92,2.36,2.42,0.24,58.07,49.74,238.12,44.05,23.6,43.33,28.23,15.1,0,0,12.12,38.71,18.95,1.18,3.92,5.27,29.32,.,.,.,.,.,.,.,.,.,.,.,.
"14","19_241","Nodo 3 - Pies inventariados","IFN2",30,665.65,2.8,0,15.17,0.03,0,17.04,21.72,370.72,10.79,2.61,2.64,0.37,51.73,49.66,356.4,35.93,38.61,20.49,64.99,42.5,22.49,0.08,0,0,0,13.85,58.73,29.12,1.96,6.23,8.63,45.94,0.06,0,.,.,"IFN3","Ppi.ster_me__sim__v01",30,891.27,18.32,16.18,21.63,367.79,10.5,2.44,2.49,0.43,55.36,48.53,438.7,31.9,20.08,80.61,52.63,27.98,0,0,19.34,73.3,35.56,2.29,7.45,10.16,55.46,10.37883993,604.77,43.7748441,29.8094316,.,.,.,.,.,.,.,.
"15","19_242","Nodo 3 - Pies inventariados","IFN2",30,63.47,0.19,0,2.69,0,0,23.24,14.64,269.21,6.37,3.74,3.76,0.07,43.5,43.5,56.35,197.15,211.85,18.71,12.69,8.49,4.2,0.01,0,0,0,7.97,11.77,5.76,0.49,1.22,1.94,9.4,0.01,0,.,.,"IFN3","Ppi.ster_me__sim__v01",30,120.25,4.85,22.65,23.04,421.43,8.87,3.62,3.64,0.13,38.73,38.49,102.42,102.85,17.93,19.94,13.27,6.66,0,0,10.99,18.24,9.46,0.85,2.17,3.42,15.9,2.99118522,74.28,12.5948814,9.9002974,.,.,.,.,.,.,.,.
"16","19_248","Nodo 3 - Pies inventariados","IFN2",35,109.33,0.31,0,4.88,0.01,0,23.83,23.85,453.54,11.41,3.73,3.76,0.12,48.24,47.86,101.12,83.79,90.04,18.52,26.16,17.61,8.56,0.03,0,0,2.4,16.29,24.34,11.37,0.91,2.22,3.59,18.09,0.02,0,.,.,"IFN3","Ppi.ster_me__sim__v01",35,113.18,6.71,27.47,27.67,613.45,10.15,4.28,4.32,0.17,37.7,36.69,131.97,92.6,18.21,32.76,22.26,10.49,0,5.62,18.59,30.43,14.99,1.49,3.21,5.58,25.27,3.1663738,56.6,13.925864,11.1998665,.,.,.,.,.,.,.,.
"17","19_259","Nodo 3 - Pies inventariados","IFN2",35,511.61,4.76,0,22.35,0.14,0,23.59,30.58,741.85,12.36,3.43,3.54,0.5,46.95,40.43,465.35,35.76,38.42,21.26,114.44,77.15,37.29,0.25,0,0,14.81,62.14,106.33,50.82,4.41,10.32,17.1,82.66,0.17,0,.,.,"IFN3","Ppi.ster_me__sim__v01",35,456.24,22.97,25.32,32,814.84,12.5,3.7,3.79,0.51,44.78,39.05,465.72,37.47,20.69,120.73,81.77,38.95,0,18.86,65.11,112.83,53.59,4.82,10.79,18.35,87.55,7.83991981,173.33,41.3390234,29.1442349,0,0,0,0,.,.,.,.
"18","19_262","Nodo 3 - Pies inventariados","IFN2",40,1413.33,15.53,0,52.08,0.42,0,21.66,28.71,647.9,11.55,3.03,3.1,1.07,49.58,40.22,1118.89,23.04,24.76,19.04,262,175.13,86.88,0.97,0,0,4.36,143.07,243.1,115.28,9.06,23.24,36.52,184.1,0.67,0,.,.,"IFN3","Ppi.ster_me__sim__v01",40,633.08,27.85,23.67,28.61,644.21,13.35,3.44,3.48,0.6,52.88,46.66,578.98,29.77,20.2,160.32,107.98,52.34,0,4.65,98.15,150.32,67.82,5.18,12.68,20.5,106.17,6.60110235,141.5,38.7731225,25.438021,0,0,0,0,.,.,.,.
"19","19_270","Nodo 3 - Pies inventariados","IFN2",35,91.68,0.28,0,6.75,0.02,0,30.61,27.86,674.64,11.58,4.71,4.74,0.16,41.54,41.54,127.49,90.23,96.96,20.71,38.84,26.64,12.2,0.05,0,0,10.7,21.27,36.53,17.11,1.67,3.33,6.07,28.18,0.05,0,.,.,"IFN3","Ppi.ster_me__sim__v01",35,99.03,8.28,32.62,31.68,827.5,11.53,4.95,5.05,0.2,36.39,36.39,152.74,87.15,19.81,44.45,30.64,13.8,0,18.66,16.4,41.75,20.38,2.29,4.2,8.04,34.91,2.2740465,42.45,11.2290155,8.402553,.,.,.,.,.,.,.,.
"20","19_271","Nodo 3 - Pies inventariados","IFN2",35,1395.13,19.58,0,53.98,0.54,0,22.2,30.24,718.58,13.83,3.02,3.1,1.05,60.92,45.75,1149.37,19.36,20.8,23.37,336.04,226.14,109.9,1.62,0,0,20.23,195.32,314.75,137.35,9.7,24.3,38.7,210.05,0.98,0,.,.,"IFN3","Ppi.ster_me__sim__v01",35,445.63,24.72,26.58,32.14,814.07,15.77,3.77,3.84,0.52,57.78,49.06,492.28,30.04,23.98,171.48,117.12,54.36,0,36.12,105.83,162.25,69.19,5.36,11.75,20.26,106.56,7.28562275,141.5,49.4968415,30.3946245,0,0,0,0,.,.,.,.
"21","19_274","Nodo 3 - Pies inventariados","IFN2",35,482.28,2.26,0,22.73,0.07,0,24.5,28.82,652.91,11.44,3.66,3.7,0.52,41.64,39.71,466.61,39.79,42.76,20.59,108.66,73.09,35.57,0.21,0,0,4.4,63.03,100.84,49.5,4.4,10.47,17.21,81.58,0.16,0,.,.,"IFN3","Ppi.ster_me__sim__v01",35,311.24,22.24,30.16,33.77,897.8,12.56,4.47,4.5,0.5,39.42,37.18,422.58,45.14,20.62,120.08,82.13,37.95,0,32.81,63.37,112.62,53.97,5.37,10.91,19.72,89.98,11.45047715,169.8,61.1383295,45.566679,0,0,0,0,.,.,.,.
"22","19_561","Nodo 3 - Pies inventariados","IFN2",45,233.04,1.52,0,25.26,0.13,0,37.15,43.83,1527.81,14.57,5.33,5.44,0.54,35.23,33.24,444.32,44.96,48.31,20.85,153.37,107.3,46.07,0.39,0,9.54,96.04,38.89,145.09,68.51,8.2,13.42,27.47,117.6,0.31,0,.,.,"IFN3","Ppi.ster_me__sim__v01",45,151.23,13.28,33.44,37.03,1116.65,13.73,4.87,5.04,0.3,40.57,37.06,242.91,59.25,19.43,80.38,55.83,24.55,6.3,44.39,24.2,75.81,35.61,4,6.89,13.66,60.16,1.78758764,10.18,10.5210809,8.8725317,0,0,0,0,1.19897244,31.83,6.222765,4.2286155
"23","19_564","Nodo 3 - Pies inventariados","IFN2",25,31.76,0.07,0,1.61,0,0,25.4,8.07,160.95,2.91,4.2,4.2,0.04,36.05,36.05,32.6,610.16,655.66,20.5,6.8,4.56,2.24,0,0,0,0,5.31,6.31,3.25,0.31,0.74,1.23,5.53,0,0,.,.,"IFN3","Ppi.ster_me__sim__v01",25,42.44,2.22,25.8,10.93,221.88,3.32,4.25,4.26,0.06,30.42,30.42,44.68,461.71,18.65,8.05,5.39,2.66,0,0,4.32,7.35,4.08,0.44,1.03,1.72,7.27,1.34791485,28.3,4.849205,4.3170235,.,.,.,.,.,.,.,.
"24","19_568","Nodo 3 - Pies inventariados","IFN2",30,982.5,4.26,0,25.76,0.07,0,18.27,23.54,438.02,7.67,2.77,2.81,0.61,41.2,32.58,589.51,41.6,44.71,17.75,91.86,60.03,31.84,0.15,0,0,0,22.91,82.02,44.46,3.58,10.81,15.44,74.29,0.14,0,.,.,"IFN3","Ppi.ster_me__sim__v01",30,1036.28,27.51,18.39,24.91,488.73,8.21,2.76,2.81,0.64,42.09,32.97,628.13,37.83,17.25,100.59,65.85,34.74,0,0,24.79,89.92,48.34,3.91,11.6,16.74,80.59,11.85104317,484.54,44.4864502,34.7831396,.,.,.,.,.,.,.,.
"25","19_578","Nodo 3 - Pies inventariados","IFN2",35,663.23,5.22,0,18.74,0.09,0,18.97,26.42,549.49,12.16,2.79,2.88,0.43,54.02,46.03,422.95,31.93,34.31,20.61,94.14,62.53,31.61,0.15,0,0,0,44.77,87,40.75,2.91,8.08,12.11,63.85,0.11,0,.,.,"IFN3","Ppi.ster_me__sim__v01",35,498.69,12.82,18.09,24.5,475.21,10.57,2.69,2.8,0.31,54.92,43.12,294.4,42.38,18.48,60.26,39.81,20.44,0,0,25.19,55.13,26.59,1.93,5.47,8.08,42.07,7.08583074,311.24,32.6820265,22.8617979,0,0,0,0,.,.,.,.
"26","19_582","Nodo 3 - Pies inventariados","IFN2",30,962.81,13.34,0,37.51,0.35,0,22.27,29.08,664.79,12.18,3.15,3.25,0.8,48.99,41.89,797.61,26.45,28.42,23.57,192.84,129.45,63.39,0.57,0,0,6.43,112.35,179.6,84.82,6.92,17,27.37,136.11,0.4,0,.,.,"IFN3","Ppi.ster_me__sim__v01",30,364.29,17.9,25.02,29.55,688.04,11.92,3.72,3.78,0.41,46.71,40.36,364.67,43.94,21.65,95.22,64.28,30.94,0,7.06,57.76,88.84,41.89,3.58,8.32,13.87,67.65,7.0838862,127.35,37.5378275,27.1406905,0,0,0,0,.,.,.,.
"27","19_591","Nodo 3 - Pies inventariados","IFN2",40,308.21,6.56,0,19.07,0.3,0,28.07,38.36,1170.47,13.32,3.9,4.21,0.43,40.48,34.73,372.2,42.75,45.94,20.37,104.56,72.09,32.48,0.21,0,0,55.84,33.17,97.93,47.32,5.18,9.58,18.21,80.29,0.16,0,.,.,"IFN3","Ppi.ster_me__sim__v01",40,422.43,21.34,25.36,37.83,1133.02,12.99,3.42,3.8,0.48,41.46,34.34,432.44,37.45,19.86,112.65,77.29,35.36,0,46.55,43.51,104.98,51.17,5.43,10.52,19.44,86.57,5.0238033,125.35,23.1956505,17.8576634,.,.,.,.,.,.,.,.
"28","19_593","Nodo 3 - Pies inventariados","IFN2",35,1933.34,22.49,0,58.97,0.49,0,19.71,26.37,546.35,12.16,2.75,2.8,1.19,51.68,46.12,1312.15,18.7,20.1,21.52,286.34,189.92,96.42,1.23,0,0,0,125.07,263.92,125.56,9.13,25.47,38.08,198.25,0.86,0,.,.,"IFN3","Ppi.ster_me__sim__v01",35,866.51,30.11,21.03,28.31,630.65,11.27,3.07,3.14,0.67,47.14,39.82,654.03,30.13,19.22,140.5,93.6,46.89,0,2.24,63.4,129.23,63.32,5.12,13.34,20.76,102.54,10.59196436,336.01,50.0541771,35.9386846,0,0,0,0,0.68058906,31.83,2.9535057,2.0256612
"29","19_596","Nodo 3 - Pies inventariados","IFN2",30,1420.69,11.7,0,41.09,0.22,0,19.19,24.84,484.87,9.33,2.8,2.86,0.91,41.68,37.57,923.38,28.43,30.55,20.14,157.85,103.92,53.93,0.41,0,0,0,58.6,142.18,75.18,6.19,17.61,26.04,125.03,0.34,0,.,.,"IFN3","Ppi.ster_me__sim__v01",30,1488.98,30.23,16.08,23.32,429.16,7.62,2.36,2.47,0.71,40.52,32.65,725.45,34.03,16.7,98.21,63.86,34.35,0,0,23.1,85.86,48.76,4,12.45,17.44,82.66,4.00755308,265.26,11.8972218,10.5681915,.,.,.,.,3.06876213,190.98,10.1053884,7.9839189
"30","19_601","Nodo 3 - Pies inventariados","IFN2",30,791.68,4.1,0,17.48,0.05,0,16.76,23.99,452.87,9.48,2.57,2.62,0.43,40.79,39.51,412.91,37.5,40.29,19.26,60.45,39.43,21.02,0.07,0,0,0,15.65,53.5,29.28,2.3,7.2,10.04,48.82,0.07,0,.,.,"IFN3","Ppi.ster_me__sim__v01",30,1202.5,26.13,16.63,27.08,576.73,8.99,2.53,2.67,0.6,39.11,33.2,619.22,32.08,18.12,90.17,59.24,30.93,0,0,28.42,80.16,44.1,3.82,10.87,16.01,74.8,18.00282582,877.12,62.8653376,51.563688,.,.,.,.,.,.,.,.
"31","19_602","Nodo 3 - Pies inventariados","IFN2",30,349.01,1.13,0,7.65,0.02,0,16.7,19.89,311.83,9.59,2.63,2.65,0.19,53.53,48.21,180.96,55.83,59.99,17.21,32.61,21.26,11.35,0.03,0,0,0,6.51,29.53,14.56,0.95,3.11,4.25,22.88,0.03,0,.,.,"IFN3","Ppi.ster_me__sim__v01",30,951.39,18.53,15.75,22.05,382.1,8.25,2.37,2.46,0.45,44.08,37.43,448.07,39.29,17.39,64.01,41.6,22.42,0,0,17.48,56.28,30.89,2.36,7.55,10.39,51.18,14.01722159,792.22,47.2642394,37.7983058,.,.,.,.,.,.,.,.
"32","19_603","Nodo 3 - Pies inventariados","IFN2",35,222.1,0.72,0,8.35,0.02,0,21.88,24.3,468.41,9.59,3.43,3.46,0.21,40.47,39.48,178.8,69.94,75.15,16.98,34.86,23.17,11.69,0.05,0,0,0,17.9,31.91,16.38,1.42,3.71,5.76,27.26,0.03,0,.,.,"IFN3","Ppi.ster_me__sim__v01",35,555.27,18.2,20.43,27.37,595.21,9.71,3.07,3.15,0.43,43.33,35.48,399.64,43.69,17.54,76.67,50.89,25.77,0,4.56,31.59,70.14,35.72,3.03,8,12.34,59.09,11.6112372,403.2,47.6434408,36.4973952,.,.,.,.,.,.,.,.
"33","19_604","Nodo 3 - Pies inventariados","IFN2",25,981.06,5.7,0,27.23,0.1,0,18.8,24.54,473.87,9.69,2.81,2.86,0.63,44.97,39.5,616.65,32.94,35.39,22.92,109.89,72.29,37.59,0.21,0,0,0,35.08,99.25,51.07,3.97,11.57,16.87,83.49,0.16,0,.,.,"IFN3","Ppi.ster_me__sim__v01",25,940.78,26.52,18.94,26.48,552.04,9.65,2.78,2.88,0.61,41.62,36.42,598.73,33.8,20.99,105.8,69.96,35.83,0,0,46.76,95.76,49.82,4.15,11.45,17.2,82.62,11.32956806,459.8,42.6474822,34.3814633,.,.,.,.,.,.,.,.
"34","19_606","Nodo 3 - Pies inventariados","IFN2",30,760.29,3.66,0,16.82,0.05,0,16.78,22.73,407.81,9.21,2.56,2.61,0.41,47.39,40.52,397.18,39.38,42.31,18.89,64.86,42.3,22.56,0.09,0,0,0,19.91,58.15,30.21,2.18,6.91,9.59,48.89,0.07,0,.,.,"IFN3","Ppi.ster_me__sim__v01",30,756.87,19.47,18.1,23.06,419.6,9.77,2.75,2.78,0.46,48.83,42.36,447.17,37.2,19.26,81.7,53.59,28.11,0,0,21.31,74.26,37.23,2.69,8.15,11.62,59.69,9.27521276,410.26,38.1121114,27.5711797,.,.,.,.,.,.,.,.
"35","19_609","Nodo 3 - Pies inventariados","IFN2",30,1402.83,11.88,0,37.95,0.2,0,18.56,26.96,571.97,10.85,2.69,2.76,0.84,46.23,40.23,863.37,24.62,26.45,21.97,159.02,104.84,54.17,0.39,0,0,0,54.47,144.82,73.1,5.62,16.16,23.7,118.57,0.3,0,.,.,"IFN3","Ppi.ster_me__sim__v01",30,1542.03,29.99,15.74,26.41,550.12,10.06,2.26,2.39,0.69,47.42,38.08,725.5,25.32,19.34,113.71,74.36,39.34,0,0,33.49,101.13,53.4,4.06,12.38,17.47,87.31,4.93178805,346.6,17.3461514,13.1821315,.,.,.,.,.,.,.,.
"36","19_611","Nodo 3 - Pies inventariados","IFN2",30,158.76,0.4,0,6.01,0.01,0,21.95,22.59,401.31,9.52,3.49,3.49,0.15,42.88,42.14,128.43,83.37,89.59,18.89,26.47,17.59,8.88,0.03,0,0,0,16.48,24.42,12.16,0.99,2.65,4.08,19.89,0.03,0,.,.,"IFN3","Ppi.ster_me__sim__v01",30,399.66,17.58,23.67,28.95,666.18,11.35,3.52,3.61,0.41,43.5,39.2,365.54,44.08,20.94,84.75,57,27.75,0,7.56,44.84,78.51,38.45,3.42,8.09,13.31,63.26,14.12312952,328.95,69.0320897,51.1109189,.,.,.,.,.,.,.,.
"37","19_613","Nodo 3 - Pies inventariados","IFN2",30,155.49,0.13,0,5.86,0,0,21.9,25.22,514.98,10.85,4.13,4.15,0.12,40.11,43.04,125.37,73.88,79.39,19.79,26.81,18.16,8.65,0.02,0,0,4.49,17.23,25.1,11.86,1.05,2.37,4.01,19.29,0.02,0,.,.,"IFN3","Ppi.ster_me__sim__v01",30,190.99,8.69,24.07,28.43,646.78,12.15,4.19,4.24,0.18,41.24,42.72,179.52,59.57,21.99,42.66,29.06,13.6,0,10.19,24.01,39.99,18.64,1.68,3.62,6.32,30.26,3.85354025,70.75,20.195729,14.6088845,.,.,.,.,.,.,.,.
"38","19_616","Nodo 3 - Pies inventariados","IFN2",35,707.39,3.5,0,31.27,0.11,0,23.72,27.87,610.33,11.11,3.49,3.52,0.69,44.03,39.87,649.47,33.83,36.36,20.04,151.47,101.59,49.88,0.35,0,0,0,90.58,140.63,68.26,5.79,14.23,22.96,111.23,0.27,0,.,.,"IFN3","Ppi.ster_me__sim__v01",35,679.06,31.44,24.28,30.55,733.71,11.92,3.51,3.58,0.68,46.05,39.03,647.43,32.18,20.06,162.48,109.52,52.96,0,13.84,93.9,151.26,72.04,6.18,14.53,24.04,116.79,10.56231249,215.78,53.9648472,39.5121434,.,.,.,.,.,.,.,.
"39","19_617","Nodo 3 - Pies inventariados","IFN2",35,519.76,3.68,0,18.51,0.09,0,21.3,26.9,569.03,9.69,3.22,3.29,0.44,38.33,36.03,400.27,45.26,48.63,18.02,72.63,48.25,24.38,0.11,0,0,0,39.64,66.06,34.95,3.18,8.23,12.85,59.2,0.1,0,.,.,"IFN3","Ppi.ster_me__sim__v01",35,417.34,18.75,23.92,29.47,684.98,9.35,3.63,3.69,0.45,35.62,31.73,388.34,52.36,17.02,74.54,49.87,24.67,0,4.73,40.48,68.15,36.28,3.61,8.61,14.12,62.62,6.22529338,148.56,24.5837875,20.4443098,.,.,.,.,.,.,.,.
"40","42_1858","Nodo 3 - Pies inventariados","IFN2",25,984.94,1.83,0,14.62,0.02,0,13.75,19.32,293.41,7.84,2.51,2.53,0.3,49.04,40.6,371.81,40.63,43.66,18.93,39.85,25.74,14.11,0.03,0,0,0,4.03,35.38,19.48,1.45,4.89,6.55,32.38,0.03,0,.,.,"IFN3","Ppi.ster_me__sim__v01",27,700.28,10.15,13.59,20.57,333.68,8.99,2.53,2.6,0.17,56.41,43.67,259.38,42.05,18.78,25.91,16.89,9.01,0,0,6.81,23.5,12.05,0.87,2.75,3.82,19.5,.,.,.,.,.,.,.,.,.,.,.,.
"41","42_1890","Nodo 3 - Pies inventariados","IFN2",30,832.76,1.92,0,23.74,0.04,0,19.05,29.79,699.59,9.88,3.34,3.41,0.5,46.48,33.15,534.92,35.09,37.7,20.83,96.08,64.18,31.9,0.12,0,0,7.09,43.57,88.4,44.57,3.97,9.8,15.74,74.08,0.08,0,.,.,"IFN3","Ppi.ster_me__sim__v01",32,399.66,.,18.87,30.37,733.01,11.96,4.27,4.33,0.21,51.68,39.36,252.74,41.84,20.8,48.56,33.12,15.44,0,12.86,24.41,45.41,21.72,2.08,4.37,7.73,35.91,.,.,.,.,0,0,0,0,.,.,.,.
"42","42_1902","Nodo 3 - Pies inventariados","IFN2",25,665.74,2.71,0,15.3,0.03,0,17.11,22.89,413.47,7.45,2.65,2.69,0.38,42.6,32.53,358.87,52.04,55.92,19.88,52.81,34.33,18.48,0.07,0,0,0,7.94,46.59,25.65,2.01,6.31,8.78,42.74,0.06,0,.,.,"IFN3","Ppi.ster_me__sim__v01",27,251.11,5.92,17.33,20.66,339.49,7.94,2.73,2.79,0.15,44.72,38.42,138.2,79.51,18.2,21.79,14.22,7.57,0,0,4.8,19.49,10.38,0.8,2.46,3.48,17.13,.,.,.,.,.,.,.,.,.,.,.,.
"43","42_1927","Nodo 3 - Pies inventariados","IFN2",30,190.69,0.29,0,6.87,0,0,21.42,24.86,494.08,11.01,3.8,3.83,0.15,47.3,44.28,148.27,65.77,70.68,21.48,28.8,19.37,9.43,0.02,0,0,4.76,16.87,26.75,12.99,1.13,2.72,4.44,21.28,0.02,0,.,.,"IFN3","Ppi.ster_me__sim__v01",32,155.62,4.77,19.76,21.03,356.74,10.7,3.39,3.43,0.08,53.99,50.9,106.1,74.9,19.66,17.22,11.5,5.71,0,0,10.25,16.06,7.51,0.58,1.5,2.33,11.92,.,.,.,.,.,.,.,.,.,.,.,.
"44","42_1928","Nodo 3 - Pies inventariados","IFN2",30,585.1,2,0,14.27,0.04,0,17.62,23.45,440.93,9.42,2.9,2.95,0.29,43.67,40.17,330.91,43.9,47.17,21.7,42.64,28.04,14.6,0.05,0,0,2.35,10.67,38.6,20.65,1.74,5.01,7.34,34.73,0.05,0,.,.,"IFN3","Ppi.ster_me__sim__v01",32,268.8,.,18.42,20.9,345.03,9.27,3.15,3.18,0.09,47.4,44.34,163.37,65.81,17.92,14.68,9.7,4.98,0,0,6.85,13.51,6.75,0.53,1.49,2.21,10.98,.,.,.,.,0,0,0,0,.,.,.,.
"45","42_1980","Nodo 3 - Pies inventariados","IFN2",27,1000.53,0.38,0,20.95,0,0,16.33,28.58,680.94,10.24,3.58,3.66,0.38,57.93,35.84,499.9,30.86,33.16,22.65,75.52,50.87,24.65,0.03,0,0,11.27,39.54,69.75,35.09,3.36,7.65,12.83,58.92,0.02,0,.,.,"IFN3","Ppi.ster_me__sim__v01",29,807.94,.,14.79,25.77,543.64,11.8,3.63,3.7,0.18,71.09,45.8,343.49,29.81,21.93,42.85,28.92,13.93,0,4.11,22.92,40.09,18.69,1.6,3.66,6.13,30.09,.,.,.,.,0,0,0,0,.,.,.,.
"46","44_1589","Nodo 3 - Pies inventariados","IFN2",35,31.76,0.08,0,1.99,0,0,28.25,8.97,199.13,3.11,4.63,4.63,0.05,34.62,34.62,38.77,571.21,613.8,16.8,8.9,6.02,2.88,0.01,0,0,0,6.29,8.22,4.24,0.44,0.95,1.65,7.28,0.01,0,.,.,"IFN3","Ppi.ster_me__sim__v01",36,14.15,0.8,26.82,3.79,79.93,1.13,4.54,4.54,0.02,29.66,29.66,15.86,2362.56,15.12,2.93,1.97,0.96,0,0,1.53,2.69,1.49,0.17,0.38,0.64,2.67,.,.,.,.,.,.,.,.,.,.,.,.
"47","44_1615","Nodo 3 - Pies inventariados","IFN2",35,833.91,0.77,0,15.03,0.01,0,15.15,29.87,741.02,9.02,3.3,3.51,0.28,46.43,30.2,368.66,38.39,41.25,17.59,47.67,32.02,15.66,0.02,0,0,9.37,13.45,43.8,23.14,2.47,5.44,9.29,40.34,0.02,0,.,.,"IFN3","Ppi.ster_me__sim__v01",35,908.95,.,17.02,29.41,697.95,8.46,3.9,4.01,0.22,47.19,28.77,486.05,39.19,15.92,35.79,24.11,11.69,0,8.07,14.82,32.77,17.95,2.05,4.43,7.69,32.13,10.95983905,597.71,9.458143,8.214641,0,0,0,0,.,.,.,.
"48","44_164","Nodo 3 - Pies inventariados","IFN2",42,667.23,4.75,0,33.89,0.18,0,25.43,33.43,880.3,12.2,3.66,3.74,0.73,42.65,36.51,686.08,31.72,34.09,19.05,169.71,114.79,54.92,0.48,0,0,30.24,88.13,157.96,76.7,7.11,15.93,27.09,126.81,0.35,0,.,.,"IFN3","Ppi.ster_me__sim__v01",43,601.25,25.28,23.14,31.64,788.97,10.8,3.38,3.5,0.58,39.95,34.13,529.96,37.76,16.51,110.08,73.9,36.18,0,12.39,53.44,101.4,51.84,4.96,11.63,19.24,87.68,.,.,.,.,.,.,.,.,0.87643905,63.66,3.3701604,2.3095848
"49","44_168","Nodo 3 - Pies inventariados","IFN2",40,952.1,2.83,0,19.25,0.03,0,16.04,18.29,262.73,6.61,2.51,2.51,0.47,40.88,36.13,462.31,49.05,52.71,12.37,60.61,39.06,21.55,0.08,0,0,0,0,52.95,30,2.24,7.71,10.22,50.17,0.07,0,.,.,"IFN3","Ppi.ster_me__sim__v01",41,477.46,9.23,15.69,18.71,275.04,7.09,2.49,2.52,0.24,40.55,37.88,223.52,64.58,12.82,28.67,18.48,10.19,0,0,0,24.91,14.26,1.08,3.69,4.91,23.95,.,.,.,.,.,.,.,.,.,.,.,.
"50","44_317","Nodo 3 - Pies inventariados","IFN2",40,759.57,0.84,0,21.36,0.02,0,18.92,26.18,538.44,11.42,3.48,3.5,0.34,52.21,43.62,482.43,31.77,34.14,18.7,72.34,48.45,23.89,0.07,0,0,0,41.05,67.24,32.21,2.63,6.61,10.52,51.97,0.05,0,.,.,"IFN3","Ppi.ster_me__sim__v01",41,512.83,.,19.36,25.72,523.27,11.48,3.23,3.27,0.17,56.87,44.65,338.14,38.46,17.54,32.59,21.68,10.9,0,0,18.44,30.04,14.63,1.15,3.07,4.71,23.55,.,.,.,.,0,0,0,0,.,.,.,.
