"","X.2","X.1","X","PLOT_ID","Hoja_arboles.x","INVENTORY_ID_IFN2","Anho.x","T_IFN2","N_IFN2","N_muerto_IFN2","N_incorporado_IFN2","G_IFN2","G_muerta_IFN2","G_incorporada_IFN2","dg_IFN2","Do_IFN2","Seccion_dominante_IFN2","Ho_IFN2","d_copa_IFN2","Do_copa_IFN2","FCC_IFN2","Esbeltez.x","Esbeltez_dominante.x","SDI_IFN2","Hart_IFN2","Hart_tresbolillo_IFN2","SI_IFN2","VOB_IFN2","VUB_IFN2","VBARK_IFN2","V_muerto_IFN2","V_incorporado_IFN2","V_desenrollo.x","V_chapa.x","V_sierra_gruesa_IFN2","V_sierra_IFN2","V_sierra_canter_IFN2","V_postes.x","V_estacas.x","V_trituracion_IFN2","WSW_IFN2","WTHICKB_IFN2","WB2_7_IFN2","WTBL_IFN2","WR_IFN2","WT_IFN2","WT_muerta_IFN2","WT_incorporada_IFN2","Hoja_arboles.y","INVENTORY_ID_IFN3","Anho.y","T_IFN3","N_IFN3","N_muerto_IFN3.x","N_incorporado_IFN3.x","G_IFN3","G_muerta_IFN3.x","G_incorporada_IFN3.x","dg_IFN3","Do_IFN3","Seccion_dominante_IFN3","Ho_IFN3","d_copa_IFN3","Do_copa_IFN3","FCC_IFN3","Esbeltez.y","Esbeltez_dominante.y","SDI_IFN3","Hart_IFN3","Hart_tresbolillo_IFN3","SI_IFN3","VOB_IFN3","VUB_IFN3","VBARK_IFN3","V_muerto_IFN3.x","V_incorporado_IFN3.x","V_desenrollo.y","V_chapa.y","V_sierra_gruesa_IFN3","V_sierra_IFN3","V_sierra_canter_IFN3","V_postes.y","V_estacas.y","V_trituracion_IFN3","WSW_IFN3","WTHICKB_IFN3","WB2_7_IFN3","WTBL_IFN3","WR_IFN3","WT_IFN3","WT_muerta_IFN3.x","WT_incorporada_IFN3.x","G_incorporada_IFN3.y","N_incorporado_IFN3.y","V_incorporado_IFN3.y","WT_incorporada_IFN3.y","G_cortada_IFN3","N_cortado_IFN3","V_cortado_IFN3","WT_cortada_IFN3","G_muerta_IFN3.y","N_muerto_IFN3.y","V_muerto_IFN3.y","WT_muerta_IFN3.y"
"1",1,1,1,"40_1022","Nodo 3 - Pies inventariados","IFN2",10,35,1054.52,0,110.21,46.93,NA,4.54,23.8,33.56,889.31,15.48,3.54,3.65,1.1,60.4,46.12,967.76,19.9,21.38,11.87,299.41,277.92,21.49,0,27.08,0,0,0,23.84,167.05,136.75,68.57,281.71,132.05,0,17.81,28.06,77.67,255.59,NA,18.8,"Nodo 1 - Pies inventariados","IFN3",2004,37,802.85,0,0,32.94,NA,NA,22.85,34.35,935.28,14.53,3.5,3.7,0.86,58.33,42.29,686.19,24.29,26.1,14.44,196.56,183.4,13.16,NA,NA,0,0,0,26.65,96.65,75.22,49.12,184.45,87.14,0.02,13.34,21.2,54.52,176.22,NA,NA,NA,NA,NA,NA,NA,NA,NA,NA,0.61619697,31.83,3.6088854,3.0926028
"2",2,2,2,"40_1033","Nodo 3 - Pies inventariados","IFN2",10,35,1224.57,0,160,40.42,NA,5.66,20.5,27.29,587.69,12.53,3.35,3.42,1.12,53.01,45.92,865.22,22.8,24.5,8.71,201.01,184.08,16.93,0,26.43,0,0,0,0,92.97,39.54,74.24,186.05,87.46,0,17.21,32.01,66.9,203.58,NA,22.37,"Nodo 1 - Pies inventariados","IFN3",2004,37,700.28,0,0,22.43,NA,NA,20.19,26.48,555.81,11.66,3.48,3.54,0.69,55.19,44.04,482.01,32.4,34.82,11.47,113.31,103.28,10.03,NA,NA,0,0,0,2.26,44.83,12.33,46.44,104.8,49.07,0,9.32,17.43,37.13,112.95,NA,NA,NA,NA,NA,NA,0,0,0,NA,NA,NA,NA,NA
"3",3,3,3,"40_1062","Nodo 3 - Pies inventariados","IFN2",10,38,1161.53,0,142.94,29.29,NA,4.12,17.92,24.41,468.04,10.54,3.16,3.22,0.94,49.12,43.17,648.52,27.84,29.92,6.87,118.7,107.45,11.25,0,16.68,0,0,0,0,32.57,0,62.95,107.46,51.06,0,13.63,28.82,48.48,141.99,NA,15.89,"Nodo 1 - Pies inventariados","IFN3",2004,40,679.06,0,0,16.67,NA,NA,17.68,22.88,415.29,9.74,3.23,3.31,0.58,49.6,42.57,370.29,39.4,42.34,9.72,65.97,59.69,6.27,NA,NA,0,0,0,0,10.24,0,34.38,59.49,28.36,0,7.94,16.82,27.59,80.71,NA,NA,NA,NA,NA,NA,NA,NA,NA,NA,NA,NA,NA,NA
"4",4,4,4,"40_1089","Nodo 3 - Pies inventariados","IFN2",10,42,453.07,0,120.61,18.83,NA,4.84,23,26.08,535.94,10.43,4.09,4.12,0.6,46.64,40,391.68,45.04,48.4,7.79,89.53,83.09,6.44,0,21.33,0,0,0,0,49.97,15.12,24.17,82.88,39.48,0,8.73,15.52,31.17,94.9,NA,18.97,"Nodo 1 - Pies inventariados","IFN3",2004,44,275.87,0,0,10.5,NA,NA,22.02,24.85,491.34,10.52,4.07,4.12,0.33,47.26,42.33,220.88,57.25,61.52,10.59,42.58,39.4,3.18,NA,NA,0,0,0,0,21.57,2.71,14.08,39.34,18.72,0,4.41,8.02,15.42,46.57,NA,NA,NA,NA,NA,NA,NA,NA,NA,NA,NA,NA,NA,NA
"5",5,5,5,"40_1141","Nodo 3 - Pies inventariados","IFN2",10,29,930.86,0,103.26,41.34,NA,4.48,23.78,29.13,667.31,13.65,3.73,3.77,1.04,56.57,46.86,852.71,24.01,25.8,10.19,246.42,227.64,18.78,0,24.72,0,0,0,2.72,149.09,111.57,59.19,231.32,108.16,0,16.17,26.59,68.42,219.33,NA,18.25,"Nodo 1 - Pies inventariados","IFN3",2004,31,650.77,0,0,29.92,NA,NA,24.19,31.2,766.88,14.38,3.85,3.91,0.78,58.3,46.09,614.53,27.26,29.29,14.51,187.56,173.81,13.75,NA,NA,0,0,0,14.03,113.51,88.49,43.08,176.7,82.58,0,11.44,18.24,49.52,161.78,NA,NA,NA,NA,NA,NA,NA,NA,NA,NA,NA,NA,NA,NA
"6",6,6,6,"40_1145","Nodo 3 - Pies inventariados","IFN2",10,38,520.53,0,74.89,28.82,NA,3.56,26.55,33.66,893.22,13.24,4.3,4.38,0.78,50.52,39.34,578.35,33.1,35.57,9.81,166.83,157.22,9.61,0,19.31,0,0,0,22.59,97.51,87.97,27.27,157.41,74.7,0,12.54,19.24,47.7,154.18,NA,14.69,"Nodo 1 - Pies inventariados","IFN3",2004,40,205.13,0,0,12.58,NA,NA,27.95,32.66,846.96,12.25,4.83,4.97,0.4,45.92,37.49,249.31,57.02,61.27,12.48,68.09,64.98,3.11,NA,NA,0,0,0,17.6,35.88,32.79,10.02,63.8,30.87,0,6.11,9.15,20.83,66.96,NA,NA,NA,NA,NA,NA,0,0,0,NA,NA,NA,NA,NA
"7",7,7,7,"40_1396","Nodo 3 - Pies inventariados","IFN2",10,28,29.43,0,0,4.04,NA,0,41.79,40.54,1371.38,11.1,7.82,8.04,0.15,27.39,27.39,72.3,166.05,178.44,8.12,18.8,19.23,-0.42,0,0,0,0,0,10.53,4.5,3.09,0.36,17.69,9.13,1,2.84,3.5,6.68,23.16,NA,0,"Nodo 1 - Pies inventariados","IFN3",2004,30,10.19,0,0,2.4,NA,NA,54.73,54.69,2352.43,9.96,11.05,11.06,0.1,18.21,18.21,40.13,314.64,338.1,9.96,9.25,9.83,-0.57,NA,NA,0,0,2.2,6.84,0,0,0,8.62,4.67,1.29,2.23,2.54,3.97,14.7,NA,NA,NA,NA,NA,NA,0,0,0,NA,NA,NA,NA,NA
"8",8,8,8,"40_1808","Nodo 3 - Pies inventariados","IFN2",10,35,2550.74,0,131.58,45.6,NA,2.32,15.09,20.44,328.9,10.14,2.56,2.6,1.35,59.64,49.62,1054.02,19.52,20.97,7,193.14,169.81,23.33,0,9.06,0,0,0,0,11.05,0,135.62,173.43,80.68,0,18.3,42.38,75.48,216.84,NA,8.15,"Nodo 1 - Pies inventariados","IFN3",2004,37,1114.08,0,0,18.99,NA,NA,14.73,20.88,343.18,10.24,2.7,2.78,0.68,47.7,49.04,441.63,29.26,31.44,10.19,70.16,62.74,7.43,NA,NA,0,0,0,0,12.61,0,39.15,62.29,29.81,0,9.37,24.25,31.44,94.87,NA,NA,NA,NA,NA,NA,0,0,0,NA,NA,NA,NA,NA
"9",9,9,9,"42_1194","Nodo 3 - Pies inventariados","IFN2",10,32,1166.99,0,180.23,25.77,NA,4.61,16.77,23.48,433.02,11.47,2.92,2.98,0.82,57.5,48.86,580.11,25.51,27.42,7.87,116.69,104.27,12.42,0,21.16,0,0,0,0,27.75,0,66.35,105.53,49.54,0,10.49,22.35,42.66,125.04,NA,17.13,"Nodo 1 - Pies inventariados","IFN3",2004,34,1779,0,0,21.71,NA,NA,12.47,21.16,354.82,10.76,2.64,2.73,0.44,68.36,50.87,526.33,22.03,23.67,10.66,62.98,55.5,7.48,NA,NA,0,0,0,0,12.23,0,39.86,56.66,26.37,0,5.17,11.38,22.46,65.38,NA,NA,NA,NA,NA,NA,NA,NA,NA,NA,NA,NA,NA,NA
"10",10,10,10,"42_124","Nodo 3 - Pies inventariados","IFN2",10,22,271.35,0,80.37,7.02,NA,1.77,18.15,18.82,278.22,8.82,3.56,3.56,0.27,47.49,46.85,154.92,68.85,73.99,5.87,27.7,24.98,2.72,0,6.43,0,0,0,0,0,0,18.19,25.19,11.87,0,3.27,7.04,11.62,33.8,NA,6.27,"Nodo 1 - Pies inventariados","IFN3",2004,24,222.82,0,0,6.45,NA,NA,19.2,20.71,337.67,10.14,3.69,3.7,0.24,51.71,48.99,140.39,66.04,70.97,10.04,29.26,26.48,2.78,NA,NA,0,0,0,0,6.64,0,14.77,26.76,12.58,0,2.77,5.57,10.68,31.6,NA,NA,NA,NA,NA,NA,NA,NA,NA,NA,NA,NA,NA,NA
"11",11,11,11,"42_586","Nodo 3 - Pies inventariados","IFN2",10,28,867.25,0,135.13,15.54,NA,2.2,15.1,18.25,262.19,8.03,2.88,2.9,0.57,50.18,44,359.06,42.27,45.42,5.07,54.97,48.6,6.38,0,7.05,0,0,0,0,0,0,42.18,47.89,23.09,0,7.19,17.5,25.72,73.5,NA,7.75,"Nodo 1 - Pies inventariados","IFN3",2004,30,254.65,0,0,5.02,NA,NA,15.84,18.17,259.85,8.19,3.17,3.2,0.2,48.31,45.05,114.61,76.55,82.26,8.02,17.96,16,1.95,NA,NA,0,0,0,0,0,0,12.55,15.95,7.6,0,2.38,5.62,8.31,23.91,NA,NA,NA,NA,NA,NA,NA,NA,NA,NA,NA,NA,NA,NA
"14",14,14,14,"42_828","Nodo 3 - Pies inventariados","IFN2",10,30,477.66,0,95.68,6.49,NA,1.4,13.15,14.64,168.42,7.24,2.65,2.66,0.27,53.14,49.46,155.27,63.18,67.89,4.5,21.62,18.76,2.86,0,4.6,0,0,0,0,0,0,17.33,18.73,8.91,0,2.89,7.78,10.74,30.33,NA,4.66,"Nodo 1 - Pies inventariados","IFN3",2004,32,286.48,0,0,3.39,NA,NA,12.28,13.01,135.06,7.49,2.51,2.53,0.14,61.96,57.6,82.53,78.85,84.73,7.43,12.42,10.62,1.8,NA,NA,0,0,0,0,0,0,8.96,10.59,5.05,0,1.34,3.65,5.61,15.65,NA,NA,NA,NA,NA,NA,NA,NA,NA,NA,NA,NA,NA,NA
"15",16,17,17,"5_1035","Nodo 3 - Pies inventariados","IFN2",10,45,568.87,0,70.19,32.96,NA,3.32,27.16,37.38,1099.98,13.78,4.31,4.44,0.88,48.07,36.87,657.64,30.43,32.7,10.12,186.17,177.06,9.11,0,17.31,0,0,0,41.97,96.41,70.48,29.15,174.58,84.13,0.04,15.09,22.71,54.55,176.51,NA,13.79,"Nodo 1 - Pies inventariados","IFN3",2002,45,611.86,0,0,37.29,NA,NA,27.85,38.41,1165.17,14.66,4.3,4.44,0.95,50.04,38.16,739.31,27.58,29.64,14.66,222.62,211.99,10.63,NA,NA,0,0,0,57.57,116.06,93.03,32.08,209.64,100.72,0.21,16.62,24.29,61.71,203.55,NA,NA,8.89629855,187.48,52.4556245,47.40466,NA,NA,NA,NA,0.7198105,14.15,4.3727745,3.8608275
"16",17,18,18,"5_1037","Nodo 3 - Pies inventariados","IFN2",10,30,1776.44,0,121.23,37.84,NA,2.17,16.47,21.98,379.66,9.23,2.86,2.9,1.17,52.54,41.97,855.7,25.72,27.63,6.37,152.82,136.44,16.37,0,7.99,0,0,0,0,20.12,0,97.46,137.08,64.83,0,16.65,37.14,62.64,181.25,NA,7.76,"Nodo 1 - Pies inventariados","IFN3",2002,30,594.18,0,0,16.03,NA,NA,18.53,23.05,417.68,8.89,3.45,3.52,0.58,42.5,38.55,351.9,46.17,49.61,8.89,58.36,53.38,4.98,NA,NA,0,0,0,0,13.5,0,26.84,52.64,25.36,0,8.45,18.05,26.53,78.4,NA,NA,3.67796746,102.58,13.9943978,18.228563,0,0,0,NA,NA,NA,NA,NA
"17",18,19,19,"5_390","Nodo 3 - Pies inventariados","IFN2",10,20,357.73,0,103.09,4.86,NA,1.4,13.15,13.8,149.49,7.24,2.68,2.68,0.2,55.13,52.44,116.25,73.07,78.52,4.5,16.78,14.52,2.26,0,4.69,0,0,0,0,0,0,12.09,14.38,6.9,0,2.09,5.59,8.04,22.63,NA,4.5,"Nodo 1 - Pies inventariados","IFN3",2002,20,1559.72,0,0,13.11,NA,NA,10.35,15.65,194.37,5.64,2.06,2.11,0.55,45.87,36.03,333.05,44.92,48.27,5.5,30.45,26.12,4.33,NA,NA,0,0,0,0,0,0,17.6,22.61,12.41,0,7.18,23.73,21.7,65.03,NA,NA,11.55559503,1400.52,26.4185817,57.5737857,NA,NA,NA,NA,NA,NA,NA,NA
"18",19,20,20,"5_614","Nodo 3 - Pies inventariados","IFN2",10,25,951.5,0,92.06,23.13,NA,1.89,17.59,21.52,364.16,9.78,3.17,3.2,0.76,51.77,45.44,514.53,33.15,35.62,7.53,97.26,87.34,9.92,0,7.24,0,0,0,0,20.41,0,57.33,88.13,41.5,0,10.14,21.68,38.29,111.61,NA,6.71,"Nodo 1 - Pies inventariados","IFN3",2002,25,1106.59,0,0,20.81,NA,NA,15.48,25.63,575.28,9.81,2.63,2.71,0.57,49.39,38.27,478.04,30.65,32.94,9.59,53.3,47.15,6.15,NA,NA,0,0,0,0,4.14,0,35.17,46.56,22.4,0,7.47,18.54,25.92,74.34,NA,NA,2.40233742,254.64,6.2364519,NA,NA,NA,NA,NA,NA,NA,NA,NA
"19",20,21,21,"5_615","Nodo 3 - Pies inventariados","IFN2",10,30,1325.56,0,144.27,43.08,NA,5.66,20.34,31.97,808.74,10.46,3.36,3.49,1.27,46.69,32.73,924.01,26.25,28.21,6.65,181.82,168.12,13.69,0,21.9,0,0,0,7.46,66.87,13.89,68.54,166.2,79.88,0,21.5,40.69,71.3,213.37,NA,23.6,"Nodo 1 - Pies inventariados","IFN3",2002,30,548.2,0,0,30.22,NA,NA,26.49,36.56,1063.72,11.06,4.45,4.59,0.91,40.03,30.25,606.8,38.61,41.49,10.94,137.59,131.66,5.93,NA,NA,0,0,0,25.35,69.72,27.72,23.68,127.54,62.56,0.23,16.56,26.58,50.02,155.95,NA,NA,6.27488825,113.2,29.440773,32.14597,0,0,0,NA,0.92638032,31.83,4.1296242,4.5236796
"20",21,22,22,"5_667","Nodo 3 - Pies inventariados","IFN2",10,30,293.31,0,91.71,14.34,NA,4.16,24.95,29.59,692.66,10.17,4.55,4.62,0.49,39.25,34.36,292.36,57.43,61.72,7.35,61.45,58.17,3.27,0,16.33,0,0,0,3.82,37.15,9.66,11.77,56.55,27.64,0,7.76,13.36,23.74,72.5,NA,16.79,"Nodo 1 - Pies inventariados","IFN3",2002,30,102.57,0,0,6.73,NA,NA,28.9,28.33,665.39,8.81,5.49,5.64,0.26,31.16,31.09,132.21,112.09,120.45,8.76,25.85,25.2,0.65,NA,NA,0,0,0,5.08,12.91,3.19,2.9,23.74,11.97,0.01,4.49,7.22,11.14,34.82,NA,NA,0.93602481,31.83,2.8538778,4.6118487,0,0,0,NA,NA,NA,NA,NA
"21",22,23,23,"5_669","Nodo 3 - Pies inventariados","IFN2",10,25,786.69,0,118.24,17.2,NA,2.17,16.68,20.8,339.95,8.48,3.15,3.19,0.63,44.58,40.76,387.61,42.06,45.2,5.37,59.02,53.13,5.89,0,6.72,0,0,0,0,5.01,0,35.67,52.2,25.25,0,8.77,20.23,28.46,82.71,NA,8.02,"Nodo 1 - Pies inventariados","IFN3",2002,25,845.29,0,0,21.58,NA,NA,18.03,25,494.37,8.81,3.29,3.39,0.76,42.48,35.26,477.15,39.02,41.93,8.81,75.29,68.89,6.4,NA,NA,0,0,0,0,18.23,0,36.6,67.05,32.73,0,11.85,25.83,35.73,106.14,NA,NA,11.80305444,498.69,41.8477388,57.4653083,NA,NA,NA,NA,NA,NA,NA,NA
"22",23,24,24,"5_670","Nodo 3 - Pies inventariados","IFN2",10,25,1028.72,0,137.45,17.89,NA,2.36,14.88,20.14,319.4,8.14,2.83,2.87,0.67,46.52,40.42,414.85,38.3,41.15,4.87,57.88,51.38,6.5,0,6.99,0,0,0,0,2.79,0,39.18,50.35,24.41,0,8.97,22.41,29.61,85.4,NA,8.78,"Nodo 1 - Pies inventariados","IFN3",2002,25,880.66,0,0,21.19,NA,NA,17.5,23.61,438.71,8.37,3.28,3.35,0.77,38.64,35.45,471.95,40.26,43.26,8.35,66,60.31,5.69,NA,NA,0,0,0,0,11.64,0,34.8,58.17,28.66,0,12.43,28.58,35.08,104.75,NA,NA,13.10060759,615.39,38.5703412,64.9118953,NA,NA,NA,NA,NA,NA,NA,NA
"23",24,25,25,"5_672","Nodo 3 - Pies inventariados","IFN2",10,30,135.45,0,18.74,10.82,NA,1.11,31.9,34.07,931.47,10.49,5.8,5.93,0.37,33.59,30.79,207.48,81.91,88.02,7.5,47.78,46.84,0.94,0,4.24,0,0,0,17.71,22.94,11.01,3.56,44.69,22.26,0.12,6.69,9.79,17.92,56.77,NA,4.68,"Nodo 1 - Pies inventariados","IFN3",2002,30,254.22,0,0,9.07,NA,NA,21.31,31.05,789.1,10.07,6,6.1,0.28,39.64,32.43,192.21,62.29,66.94,9.63,33.23,32.63,0.59,NA,NA,0,0,0,11.8,16.87,9.76,2.38,30.81,15.5,0.28,4.99,7.36,12.88,41.01,NA,NA,2.07759704,173.3,4.1758065,NA,NA,NA,NA,NA,NA,NA,NA,NA
"24",25,26,26,"5_707","Nodo 3 - Pies inventariados","IFN2",10,28,988.17,0,132.27,36.53,NA,5.17,21.7,27.31,587.49,12.34,3.6,3.65,1.03,50.96,45.2,771.07,25.77,27.69,8.59,182.01,167.52,14.49,0,24.36,0,0,0,0,83.89,37.02,61,168.7,79.59,0,15.79,28.6,60.47,184.45,NA,20.51,"Nodo 1 - Pies inventariados","IFN3",2002,28,901.88,0,0,36.64,NA,NA,22.74,30.35,726.55,14.07,3.59,3.66,0.95,57.06,46.36,764.21,23.66,25.43,14.07,217.05,200.37,16.68,NA,NA,0,0,0,5.22,123.83,92.89,58.48,203.39,95.2,0,14.28,24.02,60.64,194.14,NA,NA,12.56949364,258.23,77.0454149,67.6566257,NA,NA,NA,NA,NA,NA,NA,NA
"25",26,27,27,"5_708","Nodo 3 - Pies inventariados","IFN2",10,41,1057.97,0,127.79,39.71,NA,5.07,21.86,28.91,657.25,11.52,3.59,3.66,1.12,49.6,39.84,836.56,26.69,28.68,7.97,192.6,178,14.59,0,22.85,0,0,0,0,95.94,37.63,61.13,178.38,84.58,0,17.83,32.02,65.73,200.16,NA,20.35,"Nodo 1 - Pies inventariados","IFN3",2002,41,838.22,0,0,27.57,NA,NA,20.47,27.18,581.98,10.61,3.55,3.64,0.87,46.71,39.03,590.54,32.57,34.99,10.51,119.16,109.79,9.37,NA,NA,0,0,0,0,54.25,9.33,42.4,109.41,52.17,0,13.4,25.88,45.64,137.09,NA,NA,5.43546873,145.03,23.9530136,27.2325316,NA,NA,NA,NA,0.45561462,31.83,1.9693221,2.1316551
"26",27,28,28,"5_721","Nodo 3 - Pies inventariados","IFN2",10,20,97.88,0,66.05,2.91,NA,1.68,19.45,19.45,297.11,7.74,4.02,4.02,0.12,39.79,39.79,63.08,130.6,140.33,5,10.14,9.29,0.85,0,5.36,0,0,0,0,0,0,4.78,9.1,4.41,0,1.57,3.35,4.81,14.14,NA,6.26,"Nodo 1 - Pies inventariados","IFN3",2002,20,1460.69,0,0,24.05,NA,NA,14.48,21.33,360.37,7.42,2.68,2.74,0.86,48.47,34.77,561.53,35.28,37.91,7.37,77.76,68.91,8.85,NA,NA,0,0,0,0,2.45,0,51.25,67.34,32.74,0,12.1,30.14,39.8,114.78,NA,NA,23.34452537,1446.5,75.076113,111.2700222,NA,NA,NA,NA,NA,NA,NA,NA
"27",28,29,29,"5_724","Nodo 3 - Pies inventariados","IFN2",10,28,1168.19,0,153.14,37.5,NA,5.84,20.22,28.59,644.18,12.74,3.26,3.34,1.02,58.03,44.55,805.51,22.97,24.69,9.87,202.26,184.44,17.82,0,30.07,0,0,0,4.47,87.63,54.76,78.41,187.33,87.63,0,14.79,27.03,62.06,191.52,NA,23.34,"Nodo 1 - Pies inventariados","IFN3",2002,28,739.19,0,0,28.1,NA,NA,22,29.49,686.92,12.73,3.67,3.76,0.82,51.15,43.17,591.04,28.9,31.05,12.71,144.29,133.61,10.68,NA,NA,0,0,0,6.9,78.61,42.53,40.74,134.3,63.48,0,12.23,21.61,46.51,143.83,NA,NA,8.00721665,205.16,40.9927063,41.0063552,NA,NA,NA,NA,NA,NA,NA,NA
"28",29,30,30,"5_725","Nodo 3 - Pies inventariados","IFN2",10,29,558.25,0,105.54,24.37,NA,4.6,23.57,30.21,722,11.76,4.09,4.15,0.75,44.26,38.93,503.74,35.99,38.67,8.26,113.45,106.19,7.25,0,20.16,0,0,0,3.81,54.12,23.41,27.64,104.94,50.46,0,11.81,20.68,40.33,123.28,NA,18.46,"Nodo 1 - Pies inventariados","IFN3",2002,29,509.3,0,0,28.09,NA,NA,26.5,34.06,920.1,13.17,4.39,4.48,0.8,44.05,38.67,563.96,33.65,36.16,13.3,149.05,141.65,7.4,NA,NA,0,0,0,23.52,85.45,75.28,21.58,139.88,67.3,0.1,13.96,23.16,46.49,151.01,NA,NA,11.96337369,215.78,62.6848226,62.6916841,NA,NA,NA,NA,NA,NA,NA,NA
"29",30,31,31,"5_733","Nodo 3 - Pies inventariados","IFN2",10,36,1403.61,0,102.07,63.34,NA,4.32,23.97,31.27,768.93,14.59,3.58,3.62,1.45,55.83,46.67,1304.06,18.29,19.66,10.81,380.25,352.17,28.08,0,24.25,0,0,0,15.39,234.15,180.54,86.1,357.18,167.33,0,24.8,40.64,104.85,337.62,NA,17.9,"Nodo 1 - Pies inventariados","IFN3",2002,36,912.49,0,0,45.49,NA,NA,25.19,33.22,869.71,14.42,3.84,3.91,1.1,55.78,43.4,924.9,22.96,24.67,14.47,281.71,262.84,18.87,NA,NA,0,0,0,20.16,175.52,139.34,53.91,265.41,124.88,0,18.04,28.15,75.29,246.36,NA,NA,10.4688492,198.1,63.708111,56.433313,0,0,0,NA,NA,NA,NA,NA
"30",31,32,32,"5_980","Nodo 3 - Pies inventariados","IFN2",10,30,86.25,0,54.42,2.87,NA,1.57,20.57,20.57,332.31,7.19,4.29,4.29,0.12,34.98,34.98,61.31,149.66,160.82,4.5,9.18,8.51,0.67,0,4.56,0,0,0,0,5.19,0,3.89,8.28,4.04,0,1.72,3.63,4.74,14.14,NA,6.26,"Nodo 1 - Pies inventariados","IFN3",2002,30,14.15,0,0,0.86,NA,NA,27.8,27.8,606.99,6.5,6.14,6.14,0.04,23.38,23.38,17.04,409.03,439.53,6.5,2.36,2.3,0.06,NA,NA,0,0,0,0,1.35,0,0.32,2.08,1.09,0,0.71,1.3,1.42,4.52,NA,NA,NA,NA,NA,NA,NA,NA,NA,NA,NA,NA,NA,NA
"31",32,33,33,"5_984","Nodo 3 - Pies inventariados","IFN2",10,30,745.96,0,116.42,29.77,NA,4.92,22.54,28.63,647.12,11.26,3.86,3.91,0.9,46.21,39.32,622.37,32.52,34.95,7.93,138.57,128.63,9.94,0,21.53,0,0,0,3.36,72.41,27.97,39.49,127.72,61.12,0,13.99,25.18,49.28,149.56,NA,19.78,"Nodo 1 - Pies inventariados","IFN3",2002,30,484.54,0,0,20.13,NA,NA,23,29.49,685,10,4.15,4.22,0.68,38.99,33.92,418.74,45.43,48.82,10,80.47,75.61,4.85,NA,NA,0,0,0,2.25,39.7,12.83,21.47,73.49,35.93,0,11.01,20.24,33.32,100.49,NA,NA,4.50622315,84.9,19.06854,22.7810755,0,0,0,NA,NA,NA,NA,NA
"32",33,34,34,"5_995","Nodo 3 - Pies inventariados","IFN2",10,30,1121.54,0,170.15,35.84,NA,5.84,20.17,27.38,592.8,10.25,3.45,3.54,1.11,44.95,37.44,770.39,29.12,31.3,6.59,146.06,134.78,11.27,0,22.33,0,0,0,0,57.74,10.54,52.58,133.05,64.04,0,18.05,35.28,59.32,176.69,NA,23.51,"Nodo 1 - Pies inventariados","IFN3",2002,30,820.53,0,0,27.8,NA,NA,20.77,28.53,643.58,9.21,3.61,3.76,0.91,40.75,32.28,593.2,37.92,40.74,9.12,106.24,99.11,7.13,NA,NA,0,0,0,2.42,47.47,3.34,31.8,96.26,47.09,0,15.25,29.36,46.01,137.72,NA,NA,8.8990482,183.95,34.251773,44.5664155,NA,NA,NA,NA,NA,NA,NA,NA
"33",34,35,35,"9_1043","Nodo 3 - Pies inventariados","IFN2",10,34,390.43,0,121.63,15.74,NA,4.91,22.66,26.34,548.94,8.65,4.27,4.31,0.57,34.97,32.85,328.7,58.47,62.83,5.34,55.42,52.11,3.31,0,16.12,0,0,0,0,27.27,0,15.16,50.3,24.76,0,9.39,18.12,26.06,78.33,NA,20.47,"Nodo 1 - Pies inventariados","IFN3",2003,35,198.06,0,0,7.68,NA,NA,22.23,24.94,497,9.06,4.22,4.29,0.29,42.22,36.32,161.2,78.45,84.3,9.02,31.48,29.34,2.15,NA,NA,0,0,0,0,15.05,0,10.81,28.76,13.94,0,4.06,7.53,12.72,38.25,NA,NA,NA,NA,NA,NA,NA,NA,NA,NA,NA,NA,NA,NA
"34",35,36,36,"9_1095","Nodo 3 - Pies inventariados","IFN2",10,29,1500.64,0,163.73,35.17,NA,4.24,17.27,22.55,399.6,11.02,2.96,2.99,1.06,56.7,48.86,785.78,23.43,25.17,7.25,159.93,142.8,17.12,0,19.36,0,0,0,0,23.4,0,100.29,145.58,67.85,0,14.31,30.32,58.21,170.69,NA,15.95,"Nodo 1 - Pies inventariados","IFN3",2003,30,937.25,0,0,21.58,NA,NA,17.12,21.37,359.67,10.07,3.08,3.13,0.72,52.67,47.15,483.23,32.43,34.84,10.04,90.37,80.98,9.39,NA,NA,0,0,0,0,10.61,2.47,54.94,81.81,38.48,0,9.44,20.44,35.72,104.07,NA,NA,NA,NA,NA,NA,NA,NA,NA,NA,NA,NA,NA,NA
"35",36,37,37,"9_1133","Nodo 3 - Pies inventariados","IFN2",10,41,3132.37,0,189.77,85.55,NA,6.29,18.65,26.98,574.11,15.26,2.61,2.67,1.76,77.97,56.55,1875.25,11.71,12.58,11.42,574.56,511.76,62.8,0,39.87,0,0,0,3.19,209.03,122.83,282.22,537.1,243.16,0,26.48,47.94,141.6,459.17,NA,25.96,"Nodo 1 - Pies inventariados","IFN3",2003,42,873.58,0,0,25.25,NA,NA,19.18,26.55,557.3,13.9,3.41,3.45,0.82,53.41,52.37,549.53,24.34,26.15,13.82,131.44,119.19,12.25,NA,NA,0,0,0,2.4,59.66,34.37,52.11,121.3,56.63,0,18.56,59.04,41.79,176.02,NA,NA,NA,NA,NA,NA,0,0,0,NA,3.78608301,222.81,1.5695373,63.4114077
"36",37,38,38,"9_1204","Nodo 3 - Pies inventariados","IFN2",10,25,1806.29,0,246.56,38,NA,7.19,16.37,25.28,501.91,7.89,2.89,2.95,1.24,47.59,31.21,860.62,29.82,32.05,5.12,134.79,121.02,13.76,0,22.54,0,0,0,0,14.88,0,86.5,118.92,57.5,0,18.88,42.83,62.9,182.1,NA,29.79,"Nodo 1 - Pies inventariados","IFN3",2003,26,746.26,0,0,14.85,NA,NA,15.92,21.69,372.08,10.27,2.86,2.96,0.51,58.96,47.36,338.6,35.63,38.29,10.23,65.25,58.11,7.14,NA,NA,0,0,0,0,16.85,0,37.36,59.09,27.61,0,6.12,13.32,24.57,71.63,NA,NA,NA,NA,NA,NA,0,0,0,NA,NA,NA,NA,NA
"37",38,39,39,"9_1226","Nodo 3 - Pies inventariados","IFN2",10,25,1020.33,0,129.06,19.11,NA,2.22,15.44,19.3,292.87,10.01,2.81,2.83,0.64,59.68,51.87,439.11,31.27,33.61,7.25,83.27,73.28,9.99,0,9.04,0,0,0,0,6.96,0,60.78,75.4,34.82,0,7.54,17.25,31.63,91.23,NA,7.5,"Nodo 1 - Pies inventariados","IFN3",2003,26,1527.89,0,0,20.07,NA,NA,12.93,19.67,304.94,11.57,2.53,2.6,0.37,77.76,58.82,482.05,22.11,23.76,11.41,56.98,49.76,7.22,NA,NA,0,0,0,0,4.52,0,39.07,51.28,23.64,0,4,8.98,19,55.62,NA,NA,NA,NA,NA,NA,NA,NA,NA,NA,NA,NA,NA,NA
"38",39,40,40,"9_1227","Nodo 3 - Pies inventariados","IFN2",10,25,1002,0,110.73,21.94,NA,2.09,16.7,19.87,310.08,10.63,3.02,3.04,0.73,55.39,53.53,494.51,29.71,31.92,7.25,94.81,84.31,10.5,0,8.25,0,0,0,0,11.11,0,62.67,86.22,40.06,0,9.08,20,36.32,105.46,NA,7.2,"Nodo 1 - Pies inventariados","IFN3",2003,26,763.94,0,0,14.76,NA,NA,15.68,20.68,336.02,11.11,3.25,3.27,0.43,64.11,53.72,337.8,32.57,35,11.11,60.11,53.78,6.33,NA,NA,0,0,0,0,12.53,0,34.93,55.01,25.55,0,5.13,10.67,21.05,62.4,NA,NA,NA,NA,NA,NA,NA,NA,NA,NA,NA,NA,NA,NA
"39",40,41,41,"9_1231","Nodo 3 - Pies inventariados","IFN2",10,30,1170.51,0,120.09,26.13,NA,2.25,16.86,21.07,348.98,11.2,2.97,3,0.83,57.01,53.19,587.41,26.09,28.03,7.75,117.84,104.94,12.91,0,9.33,0,0,0,0,14.19,0,74.6,106.79,49.86,0,10.54,22.76,43.25,126.41,NA,7.87,"Nodo 1 - Pies inventariados","IFN3",2003,31,2146.82,0,0,27.87,NA,NA,12.86,21.21,354.18,11.61,2.76,2.85,0.48,78.38,54.74,670.47,18.59,19.97,11.65,76.93,68.39,8.55,NA,NA,0,0,0,0,18.87,0,42.89,70.34,32.49,0,5.77,12.14,25.59,76.01,NA,NA,NA,NA,NA,NA,NA,NA,NA,NA,NA,NA,NA,NA
"40",41,42,42,"9_1232","Nodo 3 - Pies inventariados","IFN2",10,25,1281.53,0,135.62,24.67,NA,2.27,15.65,18.69,274.25,8.78,2.86,2.89,0.84,51.94,46.98,564.86,31.82,34.19,5.87,93.86,83.17,10.7,0,7.89,0,0,0,0,0,0,68.66,83.63,39.52,0,11,25.87,40.83,117.21,NA,7.96,"Nodo 1 - Pies inventariados","IFN3",2003,26,795.77,0,0,13.21,NA,NA,14.54,19.31,293.04,9.15,2.69,2.75,0.46,58.43,47.4,308.24,38.72,41.61,9.24,51.58,45.39,6.2,NA,NA,0,0,0,0,5.6,0,34.95,45.86,21.56,0,5.2,12.31,20.93,60,NA,NA,NA,NA,NA,NA,NA,NA,NA,NA,NA,NA,NA,NA
"41",42,43,43,"9_1234","Nodo 3 - Pies inventariados","IFN2",10,30,936.45,0,140.67,24.57,NA,4.11,18.28,23.96,451.14,12.26,3.19,3.24,0.77,53.96,51.16,541.38,26.66,28.64,8.75,114.96,103.89,11.07,0,19.9,0,0,0,0,40.27,18.38,55.7,104.75,49.36,0,10.3,21.06,40.67,121.4,NA,15.62,"Nodo 1 - Pies inventariados","IFN3",2003,31,1138.84,0,0,23.04,NA,NA,16.05,23.58,439.63,13.24,2.98,3.04,0.4,74.5,56.12,524.39,22.39,24.06,13.07,72.13,64.53,7.6,NA,NA,0,0,0,0,24.05,8.84,37.69,66.7,30.66,0,4.86,9.85,21.86,67.22,NA,NA,NA,NA,NA,NA,0,0,0,NA,NA,NA,NA,NA
"42",43,44,44,"9_1237","Nodo 3 - Pies inventariados","IFN2",10,35,1425.77,0,159.6,48.62,NA,5.62,20.84,28.09,621.09,12.78,3.24,3.33,1.24,57.56,45.47,1036.6,20.73,22.27,9.82,268.21,245.56,22.65,0,29.41,0,0,0,0,139.31,74.28,89.64,249.19,116.68,0,19.2,34.28,80.47,250.63,NA,22.43,"Nodo 1 - Pies inventariados","IFN3",2003,36,438.56,0,0,18.02,NA,NA,22.87,28.78,653.07,13.83,3.89,3.95,0.54,55.02,48.04,375.4,34.53,37.11,13.79,102.12,94.45,7.67,NA,NA,0,0,0,2.44,58.66,34.46,27.58,95.54,44.88,0,7.29,12.31,29.83,94.31,NA,NA,NA,NA,NA,NA,0,0,0,NA,NA,NA,NA,NA
"43",44,45,45,"9_1243","Nodo 3 - Pies inventariados","IFN2",10,30,1855.29,0,168.24,55.39,NA,6.04,19.5,26.4,547.52,13.5,3.03,3.08,1.38,61.44,51.14,1200.79,17.2,18.48,9.62,308.03,278.26,29.77,0,32.48,0,0,0,0,126.48,60.88,134,287.11,132.21,0,20.79,39.29,91.69,283.97,NA,24.26,"Nodo 1 - Pies inventariados","IFN3",2003,31,1308.61,0,0,35.15,NA,NA,18.49,24.93,489.39,15.36,3.01,3.05,0.86,73.48,61.59,772.16,18,19.34,15.35,226.56,202.75,23.8,NA,NA,0,0,0,0,102.57,62.1,101.55,212.21,96.34,0,10.91,19.76,56.9,183.91,NA,NA,NA,NA,NA,NA,0,0,0,NA,NA,NA,NA,NA
"44",45,46,46,"9_1244","Nodo 3 - Pies inventariados","IFN2",10,30,2412.2,0,120.37,50.5,NA,2.2,16.33,21.86,375.29,12.59,2.61,2.65,1.33,67.8,57.6,1144.37,16.17,17.38,9,265.48,234,31.48,0,10.76,0,0,0,0,41.54,5.53,175.68,243.04,111.18,0,17.56,37.07,83.58,249.4,NA,7.65,"Nodo 1 - Pies inventariados","IFN3",2003,31,1573.87,0,0,31.2,NA,NA,15.89,21.66,368.57,13.81,2.52,2.59,0.83,84.79,63.75,711.9,18.26,19.62,13.72,197.4,172.36,25.04,NA,NA,0,0,0,0,39.42,7.6,126.49,182.81,81.9,0,9.26,18.57,51.64,161.37,NA,NA,NA,NA,NA,NA,0,0,0,NA,NA,NA,NA,NA
"45",46,47,47,"9_1253","Nodo 3 - Pies inventariados","IFN2",10,30,1152.64,0,126.97,46.6,NA,5.21,22.69,28.65,645.71,15.61,3.45,3.49,1.1,62.41,54.48,972.69,18.87,20.28,11.69,300.64,275.55,25.09,0,31.95,0,0,0,3.04,171.24,137.33,84.05,283.31,130.92,0,16.62,27.62,77.14,252.3,NA,21.51,"Nodo 1 - Pies inventariados","IFN3",2003,31,827.61,0,0,21.45,NA,NA,18.17,27.92,614.01,15.97,3.62,3.66,0.47,69.8,57.2,473.36,21.76,23.39,15.8,110.49,100.99,9.49,NA,NA,0,0,0,2.22,59.39,29.46,35.04,103.91,47.99,0,6,10.08,28.21,92.27,NA,NA,NA,NA,NA,NA,0,0,0,NA,NA,NA,NA,NA
"46",47,48,48,"9_1254","Nodo 3 - Pies inventariados","IFN2",10,39,1972.1,0,157.73,64.17,NA,5.77,20.35,29.21,671.2,16.44,2.9,2.98,1.38,70.84,56.3,1376.24,13.69,14.72,12.69,435.5,394.73,40.77,0,37.8,0,0,0,5.89,235.01,178.62,147.5,409,187.55,0,21.06,36.19,106.22,351.02,NA,24.18,"Nodo 1 - Pies inventariados","IFN3",2003,40,710.89,0,0,29.8,NA,NA,23.1,29.9,703.46,18.13,3.49,3.55,0.67,75.16,60.62,619.09,20.69,22.23,18.02,226.29,206.6,19.68,NA,NA,0,0,0,11.54,135.43,109.6,59.66,214.58,98.16,0,8.99,13.89,48.01,169.06,NA,NA,NA,NA,NA,NA,0,0,0,NA,NA,NA,NA,NA
"47",48,49,49,"9_1255","Nodo 3 - Pies inventariados","IFN2",10,30,1088.82,0,183.41,28.93,NA,6.62,18.39,27.96,616.15,10.37,3.16,3.26,0.91,50.88,37.09,636.3,29.22,31.39,6.63,124.96,113.79,11.17,0,27.16,0,0,0,0,40.91,19.32,57.1,113.9,54.06,0,13.18,26.52,47.88,141.64,NA,26.55,"Nodo 1 - Pies inventariados","IFN3",2003,31,159.15,0,0,4.41,NA,NA,18.78,19.85,310.72,12.08,3.56,3.57,0.16,63.82,60.85,96.46,65.62,70.52,11.82,24.25,21.68,2.56,NA,NA,0,0,0,0,6.49,0,13.43,22.56,10.3,0,1.6,3.09,7.3,22.29,NA,NA,NA,NA,NA,NA,0,0,0,NA,NA,NA,NA,NA
"48",49,50,50,"9_1257","Nodo 3 - Pies inventariados","IFN2",10,25,2096.95,0,155.27,53.23,NA,4.19,17.98,23.34,427.89,13.55,2.79,2.83,1.32,68.59,58.05,1177.66,16.12,17.32,10,306.21,272.51,33.7,0,24.16,0,0,0,0,92.25,18.36,170.85,283.88,129.48,0,18.15,35.35,88.11,271.1,NA,16.22,"Nodo 1 - Pies inventariados","IFN3",2003,26,1602.16,0,0,35.78,NA,NA,16.86,23.18,423.28,13.47,2.78,2.83,1.01,68.94,58.11,804.28,18.54,19.93,13.49,205.89,182.26,23.63,NA,NA,0,0,0,0,58.55,13.46,121.06,190.37,86.6,0,16.7,50.38,59.22,212.9,NA,NA,NA,NA,NA,NA,NA,NA,NA,NA,1.83885093,190.98,0.595221,37.979556
"49",50,51,51,"9_1260","Nodo 3 - Pies inventariados","IFN2",10,25,2036.55,0,158.52,49.22,NA,4.26,17.54,23.4,430.51,12.18,2.83,2.87,1.32,61.36,52.02,1095.56,18.2,19.56,8.77,248.3,221.75,26.55,0,21.45,0,0,0,0,69.78,10.62,140.08,227.65,105.36,0,18.58,37.87,81.47,243.27,NA,16.26,"Nodo 1 - Pies inventariados","IFN3",2003,26,470.39,0,0,14.68,NA,NA,19.93,24.29,486.95,13.51,3.37,3.39,0.38,62.6,55.64,316.41,34.12,36.67,13.29,76.21,68.26,7.95,NA,NA,0,0,0,0,31.99,7.82,37.18,71.15,32.43,0,4.27,7.93,20.84,65.47,NA,NA,NA,NA,NA,NA,0,0,0,NA,0.53289786,31.83,0,NA
"50",51,52,52,"9_1278","Nodo 3 - Pies inventariados","IFN2",10,20,1181.77,0,163.18,18.73,NA,2.29,14.21,15.41,186.41,6.76,2.72,2.73,0.69,49.81,43.85,439.53,43.06,46.27,4,62.39,54.69,7.71,0,6.82,0,0,0,0,0,0,47.17,54.87,25.98,0,8.74,22.58,31.01,88.31,NA,8.18,"Nodo 1 - Pies inventariados","IFN3",2003,21,763.94,0,0,8.75,NA,NA,12.07,16.15,204.98,8.7,2.86,2.87,0.16,60.11,53.85,213.76,41.59,44.7,8.7,17.89,15.64,2.25,NA,NA,0,0,0,0,0,0,13.82,15.83,7.43,0,1.75,4.19,7.22,20.59,NA,NA,NA,NA,NA,NA,NA,NA,NA,NA,NA,NA,NA,NA
"51",52,53,53,"9_1287","Nodo 3 - Pies inventariados","IFN2",10,25,1300.37,0,189.82,37.52,NA,6.38,19.17,26.85,567.91,13.85,3.08,3.16,1.02,61.81,51.56,816.81,20.03,21.52,9.65,205.56,185.96,19.6,0,34.08,0,0,0,0,77.07,48.49,88.28,189.85,88.36,0,14.28,26.86,62.1,191.6,NA,25.1,"Nodo 1 - Pies inventariados","IFN3",2003,26,817,0,0,18.43,NA,NA,16.95,26.87,576.76,13.35,3.2,3.32,0.53,48.57,49.69,413.84,26.21,28.16,12.87,76.03,69.14,6.89,NA,NA,0,0,0,4.54,32.76,21.05,29.34,70.3,32.85,0,14.93,62.03,25.19,135,NA,NA,NA,NA,NA,NA,0,0,0,NA,2.45721234,222.81,0.6369183,68.2107351
"52",53,54,54,"9_1295","Nodo 3 - Pies inventariados","IFN2",10,20,337.99,0,83.34,8.41,NA,1.78,17.8,20.31,324.98,8.84,3.48,3.5,0.33,44.02,43.55,186.47,61.5,66.09,5.6,30.57,27.67,2.9,0,5.91,0,0,0,0,5.57,0,17.29,27.48,13.15,0,4.21,9.36,13.92,40.63,NA,6.52,"Nodo 1 - Pies inventariados","IFN3",2003,21,265.26,0,0,6.45,NA,NA,17.6,22.41,405.71,9.05,3.35,3.43,0.2,29.71,40.38,143.5,67.84,72.89,9.06,14.43,13.33,1.1,NA,NA,0,0,0,0,7.44,0,5.24,13.04,6.33,0,9.24,50.05,7.67,73.29,NA,NA,NA,NA,NA,NA,NA,NA,NA,NA,1.33393164,127.32,0.2062584,56.9731536
"53",54,55,55,"9_1339","Nodo 3 - Pies inventariados","IFN2",10,30,2006.55,0,178.03,57.2,NA,6.16,19.05,26.89,569.12,13.66,2.86,2.96,1.38,67.08,50.82,1247.2,16.34,17.56,10.18,333.4,300.49,32.92,0,33.38,0,0,0,0,140.64,72.49,143.18,310.01,142.77,0,20.49,37.53,94.68,295.48,NA,24.67,"Nodo 1 - Pies inventariados","IFN3",2003,31,715.99,0,0,20.4,NA,NA,19.05,29.39,693.07,16.07,3.28,3.41,0.36,76.68,54.67,444.89,23.26,25,16.05,87.57,79.87,7.7,NA,NA,0,0,0,2.37,48.84,41.61,25.32,82.08,37.95,0,4.45,7.51,21.72,71.63,NA,NA,NA,NA,NA,NA,0,0,0,NA,NA,NA,NA,NA
"54",55,56,56,"9_1341","Nodo 3 - Pies inventariados","IFN2",10,36,1689.97,0,126.71,66.59,NA,4.94,22.4,33.59,888.62,15.91,3.17,3.28,1.43,65.2,47.37,1394.39,15.29,16.43,12,440.33,405.19,35.14,0,30.67,0,0,0,30.59,235.92,189.61,121.37,414.74,192.52,0,23.77,38.3,110.22,364.82,NA,20.82,"Nodo 1 - Pies inventariados","IFN3",2003,37,519.91,0,0,26.48,NA,NA,25.47,32.73,851.53,19.18,3.81,3.91,0.59,71.57,58.61,536.97,22.86,24.57,19.13,208.57,193.89,14.69,NA,NA,0,0,0,37.73,121.54,94.63,36.7,197.97,92.12,0.02,8.31,11.79,42.55,154.8,NA,NA,NA,NA,NA,NA,0,0,0,NA,NA,NA,NA,NA
"55",56,57,57,"9_1342","Nodo 3 - Pies inventariados","IFN2",10,35,2456.13,0,181.98,69.93,NA,6.18,19.04,26.48,551.35,13.93,2.84,2.9,1.62,66.16,52.58,1524.93,14.49,15.57,10,405.31,364.29,41.03,0,34.27,0,0,0,0,151.8,69.27,187.59,376.71,173.09,0,24.74,46.1,115.74,359.67,NA,24.83,"Nodo 1 - Pies inventariados","IFN3",2003,36,626.01,0,0,16.2,NA,NA,18.15,23.89,449.68,15.37,3.21,3.29,0.53,55.32,64.34,357.55,26,27.94,15.42,92.8,83.71,9.09,NA,NA,0,0,0,0,46.31,27.6,35.11,86.29,39.77,0,12.97,47.38,26.82,126.93,NA,NA,NA,NA,NA,NA,0,0,0,NA,2.51125968,222.81,0.8078454,52.7337159
"56",57,58,58,"9_1343","Nodo 3 - Pies inventariados","IFN2",10,35,2437.38,0,152.62,80.23,NA,5.55,20.47,27.28,584.94,14.76,2.92,2.99,1.71,67.86,54.09,1718.09,13.73,14.75,10.91,510.36,461.77,48.59,0,33.43,0,0,0,0,265.12,160.99,192.59,478.03,219.4,0,27.45,48.04,132.79,427.68,NA,22.95,"Nodo 1 - Pies inventariados","IFN3",2003,36,735.65,0,0,27.55,NA,NA,21.84,27.81,608.28,17.54,3.36,3.4,0.67,74.92,63.07,580.54,21.02,22.59,17.49,205.2,185.74,19.46,NA,NA,0,0,0,2.29,110.28,76.54,67.85,194,88.25,0,8.49,13.86,45.6,156.19,NA,NA,NA,NA,NA,NA,0,0,0,NA,NA,NA,NA,NA
"57",58,59,59,"9_1351","Nodo 3 - Pies inventariados","IFN2",10,35,2176.85,0,157.35,70.41,NA,5.64,20.29,26.11,536.05,13.21,3.03,3.08,1.63,62.51,50.58,1511.18,16.23,17.44,9.56,405.32,367.06,38.26,0,30.3,0,0,0,0,183.69,96.18,158.08,377.69,174.4,0,25.87,46.77,116.55,363.59,NA,22.69,"Nodo 1 - Pies inventariados","IFN3",2003,36,717.97,0,0,25.04,NA,NA,21.07,25.42,509.54,13.76,3.5,3.52,0.7,61.94,54.13,532.43,27.12,29.14,13.78,148.78,135.03,13.75,NA,NA,0,0,0,0,76.86,22.64,53.34,139.37,64.16,0,9.09,16.14,41.45,130.85,NA,NA,NA,NA,NA,NA,0,0,0,NA,NA,NA,NA,NA
"58",59,60,60,"9_1357","Nodo 3 - Pies inventariados","IFN2",10,30,955.52,0,96.09,21.74,NA,1.97,17.02,21.68,369.36,11.75,2.95,2.99,0.67,64.36,54.2,487.47,27.53,29.59,10.41,112.65,100,12.65,0,9.61,0,0,0,0,20.26,0,68.22,103.76,47.51,0,7.87,16.27,35.98,107.63,NA,6.75,"Nodo 1 - Pies inventariados","IFN3",2003,31,544.66,0,0,16.61,NA,NA,19.7,27.44,601.84,16.16,3.34,3.36,0.19,71.28,58.91,359.12,26.51,28.48,15.59,40.79,36.52,4.27,NA,NA,0,0,0,0,15.04,10.16,19.74,38.24,17.35,0,2.15,3.94,10.79,34.23,NA,NA,NA,NA,NA,NA,0,0,0,NA,NA,NA,NA,NA
"59",60,61,61,"9_1360","Nodo 3 - Pies inventariados","IFN2",10,25,649.51,0,126.07,29.07,NA,5.22,23.87,30.52,733.54,10.69,4.05,4.16,0.88,41.8,35.02,599.01,36.71,39.45,7.44,132.44,124.84,7.6,0,21.9,0,0,0,2.99,72.11,59.08,26.12,122.15,59.32,0,14.78,25.75,48.11,147.95,NA,21.46,"Nodo 1 - Pies inventariados","IFN3",2003,26,272.33,0,0,16.52,NA,NA,27.79,32.16,816.57,14.89,4.87,4.91,0.4,53.79,46.3,327.73,40.7,43.73,14.8,92.19,87.62,4.57,NA,NA,0,0,0,17.56,57.16,48.34,9.37,87.24,41.63,0,5.94,8.53,23.7,79.8,NA,NA,NA,NA,NA,NA,0,0,0,NA,NA,NA,NA,NA
"60",61,62,62,"9_1361","Nodo 3 - Pies inventariados","IFN2",10,35,1635.12,0,128.45,61.07,NA,5.05,21.81,27.1,577.87,13.51,3.38,3.41,1.5,54.68,49.84,1287.32,18.31,19.67,9.55,328.77,301.32,27.45,0,25.5,0,0,0,0,178.56,82.34,107.47,306.39,143.17,0,24.65,43.91,101.08,312.81,NA,20.33,"Nodo 1 - Pies inventariados","IFN3",2003,36,1294.46,0,0,43.16,NA,NA,20.6,27.27,586.93,16.45,3.13,3.17,1.02,70.83,60.32,922.77,16.9,18.16,16.39,291.02,262.38,28.64,NA,NA,0,0,0,2.34,153.94,82.09,114.12,273.6,124.67,0,13.96,24.29,71.44,234.35,NA,NA,NA,NA,NA,NA,NA,NA,NA,NA,NA,NA,NA,NA
"61",62,63,63,"9_1389","Nodo 3 - Pies inventariados","IFN2",10,28,1397.63,0,124.4,25.95,NA,2.19,15.37,20.8,340.57,9.21,2.78,2.81,0.87,54.7,44.29,596.91,29.03,31.19,6.37,102.19,90.29,11.9,0,7.84,0,0,0,0,9.41,0,72.72,90.51,42.9,0,11.2,26.25,42.95,123.3,NA,7.79,"Nodo 1 - Pies inventariados","IFN3",2003,29,1669.36,0,0,22.74,NA,NA,13.17,21.43,361.63,11.72,2.54,2.61,0.47,72.23,54.7,543.85,20.88,22.44,11.71,73.31,64.25,9.06,NA,NA,0,0,0,0,16.3,0,45.94,66.29,30.53,0,5.19,11.56,24.4,71.68,NA,NA,NA,NA,NA,NA,NA,NA,NA,NA,NA,NA,NA,NA
"62",63,64,64,"9_1390","Nodo 3 - Pies inventariados","IFN2",10,30,1758.23,0,166.68,28.08,NA,2.42,14.26,17.2,232.53,8.63,2.57,2.59,0.92,60.12,50.16,658.17,27.64,29.7,5.58,113.67,98.95,14.72,0,8.93,0,0,0,0,0,0,90.08,100.64,47.01,0,11.14,27.19,46.47,131.82,NA,8.07,"Nodo 1 - Pies inventariados","IFN3",2003,31,827.61,0,0,11.28,NA,NA,13.17,17.51,241.73,11.86,2.36,2.39,0.37,89.12,67.73,269.68,29.3,31.49,11.78,63.64,54.08,9.56,NA,NA,0,0,0,0,3.62,0,50.75,57.2,25.7,0,3.25,7.58,18.67,55.2,NA,NA,NA,NA,NA,NA,NA,NA,NA,NA,NA,NA,NA,NA
"63",64,65,65,"9_1391","Nodo 3 - Pies inventariados","IFN2",10,48,970.93,0,93.81,47.11,NA,4.14,24.85,32.94,858.17,17.47,3.62,3.69,1.04,64.49,53.02,961.03,18.37,19.74,13.44,337.8,312.76,25.03,0,27.91,0,0,0,32.73,209.73,149.33,69.9,319.79,148.6,0.01,16.39,24.96,77.97,267.93,NA,17.67,"Nodo 1 - Pies inventariados","IFN3",2003,49,717.97,0,0,32.03,NA,NA,23.83,33.45,885.09,17.26,3.76,3.86,0.84,58.21,51.59,660.41,21.62,23.24,17.1,212.36,197.64,14.72,NA,NA,0,0,0,30.77,120.44,92.82,45.15,200.42,93.91,0.03,17.57,45.32,53.02,209.86,NA,NA,NA,NA,NA,NA,NA,NA,NA,NA,1.68145158,95.49,0.5172375,38.0037468
"64",65,66,66,"9_1394","Nodo 3 - Pies inventariados","IFN2",10,49,1197.79,0,76.63,63.81,NA,3.7,26.04,34.65,943.67,19.85,3.49,3.57,1.2,70.69,57.29,1286.67,14.56,15.64,15.44,522.88,485.35,37.54,0,28.54,0,0,0,103.74,315.88,239.25,93.31,496.7,230.61,0,20.45,29.13,105.62,385.8,NA,16.95,"Nodo 1 - Pies inventariados","IFN3",2003,50,477.46,0,0,34.96,NA,NA,30.53,35.93,1015.16,18.89,4.39,4.47,0.75,60.89,52.58,677.43,24.23,26.03,18.74,280.41,265.99,14.42,NA,NA,0,0,0,103.51,153.11,123.23,26.07,267.09,126.38,0,12.45,16.35,57.86,213.04,NA,NA,NA,NA,NA,NA,0,0,0,NA,NA,NA,NA,NA
"65",66,67,67,"9_1398","Nodo 3 - Pies inventariados","IFN2",10,31,1329.96,0,184.05,37.28,NA,6.23,18.89,25.96,529.68,10.64,3.2,3.27,1.11,50.41,40.99,814.58,25.77,27.7,7.37,163.99,149.24,14.76,0,26.11,0,0,0,0,62.43,13.97,74.83,149.55,70.91,0,16.72,33.56,61.71,182.89,NA,24.48,"Nodo 1 - Pies inventariados","IFN3",2003,32,640.16,0,0,19.87,NA,NA,19.88,25.22,503.68,10.59,3.57,3.62,0.66,47.65,41.97,428.57,37.34,40.12,10.31,85.95,78.67,7.28,NA,NA,0,0,0,0,32.71,8.8,36.06,78.8,37.38,0,9.27,18.29,32.88,97.82,NA,NA,NA,NA,NA,NA,NA,NA,NA,NA,NA,NA,NA,NA
"66",67,68,68,"9_1401","Nodo 3 - Pies inventariados","IFN2",10,25,1327.49,0,149.74,33.27,NA,4.16,17.86,22.59,400.72,10.99,3.07,3.11,1.01,54.8,48.67,737.14,24.97,26.83,7.12,150.09,134.84,15.25,0,18.96,0,0,0,0,39.46,0,81.84,136.72,64.07,0,13.96,28.93,55.06,162.02,NA,15.81,"Nodo 1 - Pies inventariados","IFN3",2003,26,1128.23,0,0,23.31,NA,NA,16.22,21.85,375.26,14.01,3.07,3.1,0.56,85.63,64.15,529.12,21.24,22.83,14,130.98,116.41,14.57,NA,NA,0,0,0,0,49.81,12.56,69.08,122.52,55.31,0,6.42,11.97,33.7,107.4,NA,NA,NA,NA,NA,NA,0,0,0,NA,NA,NA,NA,NA
"67",68,69,69,"9_1405","Nodo 3 - Pies inventariados","IFN2",10,50,1092.38,0,63.17,65.2,NA,3.17,27.57,35.48,990.93,18.26,3.73,3.79,1.23,66.02,51.48,1296.22,16.57,17.8,14.12,521.65,487.2,34.45,0,23.74,0,0,0,96.44,330.39,252.04,71,495.45,231.49,0,21.81,30.49,107.92,391.71,NA,14.49,"Nodo 1 - Pies inventariados","IFN3",2003,51,679.06,0,0,44.4,NA,NA,28.85,35.74,1004.85,19.67,4.04,4.11,0.9,64.61,55.06,872.69,19.5,20.96,19.66,362.12,340.37,21.75,NA,NA,0,0,0,94.79,220.26,174.01,41.2,345.4,161.72,0,15.05,20.4,73.49,270.66,NA,NA,NA,NA,NA,NA,0,0,0,NA,NA,NA,NA,NA
"68",69,70,70,"9_1406","Nodo 3 - Pies inventariados","IFN2",10,48,924.97,0,61.99,57.28,NA,3.01,28.08,34.57,939.57,17.38,4,4.04,1.18,58.63,50.28,1133.56,18.92,20.33,13.5,415.45,390.41,25.04,0,20.2,0,0,0,60.34,264.25,213.48,49.86,394.62,185.5,0,20.91,29.83,94.82,331.05,NA,13.17,"Nodo 1 - Pies inventariados","IFN3",2003,49,565.88,0,0,39.45,NA,NA,29.79,35.35,982.63,17.14,4.43,4.47,0.89,55.31,48.48,769.15,24.53,26.35,17.26,282.91,268.05,14.87,NA,NA,0,0,0,65.18,174.32,142.16,27.15,268.46,127.36,0,15.08,20.9,65.29,228.63,NA,NA,NA,NA,NA,NA,0,0,0,NA,NA,NA,NA,NA
"69",70,71,71,"9_1415","Nodo 3 - Pies inventariados","IFN2",10,36,895.8,0,163.68,27.79,NA,5.85,19.87,25.22,499.6,11.57,3.46,3.49,0.86,50.37,45.88,599.49,28.87,31.03,7.12,127.44,116.22,11.22,0,26.34,0,0,0,0,51.88,21.91,55.03,117.19,55.22,0,12.26,23.96,45.99,137.43,NA,22.86,"Nodo 1 - Pies inventariados","IFN3",2003,37,583.57,0,0,17.71,NA,NA,19.65,23.12,423.7,9.91,3.56,3.59,0.59,49.96,42.88,383.06,41.76,44.87,9.88,79.12,72,7.12,NA,NA,0,0,0,0,26.02,3.07,36.17,72.28,34.21,0,7.9,15.64,29.31,87.06,NA,NA,NA,NA,NA,NA,NA,NA,NA,NA,NA,NA,NA,NA
"70",71,72,72,"9_1427","Nodo 3 - Pies inventariados","IFN2",10,34,370.1,0,115.45,15.66,NA,4.79,23.21,26.16,538,9.36,4.29,4.32,0.54,40.08,35.77,325.04,55.55,59.69,6.25,64.11,59.93,4.18,0,17.98,0,0,0,0,33.37,0,16.37,58.88,28.47,0,8.28,15.21,25.92,77.89,NA,19.29,"Nodo 1 - Pies inventariados","IFN3",2003,35,229.89,0,0,8.78,NA,NA,22.05,23.69,443.34,8.72,4.35,4.37,0.25,36.78,36.82,184.48,75.61,81.25,8.73,24.88,23.23,1.66,NA,NA,0,0,0,0,10.68,0,7.07,22.66,11.04,0,3.68,7.01,10.91,32.63,NA,NA,NA,NA,NA,NA,NA,NA,NA,NA,NA,NA,NA,NA
"71",72,73,73,"9_1428","Nodo 3 - Pies inventariados","IFN2",10,42,1195.89,0,95.96,61.82,NA,3.95,25.66,37.59,1118.95,17.34,3.63,3.77,1.33,58.16,46.12,1251.36,16.68,17.93,13.19,413.73,388.47,25.25,0,24.32,0,0,0,77.16,228.63,192.41,68.41,391.3,184.58,0.23,24.47,37,102.33,348.61,NA,17.15,"Nodo 1 - Pies inventariados","IFN3",2003,43,1030.76,0,0,48.72,NA,NA,24.53,38.69,1186.66,16.03,4,4.24,1.37,48.67,41.43,997.17,19.43,20.88,16.03,268.35,255.03,13.32,NA,NA,0,0,0,79.98,129.2,101.31,37.87,251.07,121.17,0.45,52.67,163.89,78.01,416.19,NA,NA,NA,NA,NA,NA,NA,NA,NA,NA,7.07119878,205.13,2.3462927,187.7413139
"72",73,74,74,"9_1430","Nodo 3 - Pies inventariados","IFN2",10,25,231.63,0,104.31,2.94,NA,1.25,12.71,12.71,126.86,5.58,2.71,2.71,0.13,43.94,43.94,70.89,117.65,126.43,3,7.78,6.77,1.01,0,3.22,0,0,0,0,0,0,6.34,6.63,3.22,0,1.55,4.53,4.86,14.16,NA,4.44,"Nodo 1 - Pies inventariados","IFN3",2003,26,31.83,0,0,0.41,NA,NA,12.81,12.81,128.89,7.82,2.87,2.87,0.02,61.03,61.03,9.88,226.71,243.61,7.82,1.54,1.32,0.22,NA,NA,0,0,0,0,0,0,1.33,1.37,0.63,0,0.16,0.43,0.68,1.9,NA,NA,NA,NA,NA,NA,NA,NA,NA,NA,NA,NA,NA,NA
"73",74,75,75,"9_1432","Nodo 3 - Pies inventariados","IFN2",10,35,318.87,0,99.58,14.8,NA,4.45,24.31,28.45,636.78,11.31,4.38,4.42,0.49,44.06,39.75,303.65,49.53,53.22,7.86,70.13,65.74,4.39,0,19.72,0,0,0,0,39.29,23.29,14.21,64.98,31.23,0,7.13,12.26,24.5,75.13,NA,17.61,"Nodo 1 - Pies inventariados","IFN3",2003,36,148.54,0,0,7.19,NA,NA,24.83,26.36,558.29,10.18,4.67,4.74,0.26,40.54,38.63,146.75,80.58,86.58,10.01,31.86,30.12,1.74,NA,NA,0,0,0,2.31,18.6,7.01,6.71,29.5,14.31,0,3.76,6.45,11.9,36.43,NA,NA,NA,NA,NA,NA,NA,NA,NA,NA,NA,NA,NA,NA
"74",75,76,76,"9_1438","Nodo 3 - Pies inventariados","IFN2",10,45,1114.42,0,109.97,47.49,NA,4.58,23.29,29.39,679.52,12.76,3.7,3.74,1.23,51.33,43.42,984.67,23.47,25.23,9.5,254.18,235.53,18.65,0,23.02,0,0,0,2.74,145.94,106.8,64.61,237.5,111.91,0,20.19,34.62,78.6,245.32,NA,18.58,"Nodo 1 - Pies inventariados","IFN3",2003,46,756.87,0,0,30.97,NA,NA,22.83,30.26,721.87,13.43,3.7,3.77,0.85,55.14,44.38,645.49,27.06,29.08,13.48,176.35,163.02,13.32,NA,NA,0,0,0,4.9,95.43,67.04,48.24,164.72,77.46,0,12.64,21.59,51.27,162.95,NA,NA,NA,NA,NA,NA,NA,NA,NA,NA,NA,NA,NA,NA
"75",76,77,77,"9_1444","Nodo 3 - Pies inventariados","IFN2",10,35,722.01,0,149.06,12.53,NA,2.22,14.87,17.07,229.4,7.94,2.9,2.91,0.48,47.63,46.48,290.72,46.9,50.4,4.75,41.7,36.83,4.87,0,6.7,0,0,0,0,0,0,31.43,36.33,17.5,0,6.01,15.13,20.74,59.38,NA,7.82,"Nodo 1 - Pies inventariados","IFN3",2003,36,190.99,0,0,3.79,NA,NA,15.89,17.38,238.25,7.83,3.22,3.25,0.16,47.96,45.04,86.4,92.46,99.35,7.8,13.46,11.99,1.47,NA,NA,0,0,0,0,0,0,9.39,11.93,5.7,0,1.8,4.26,6.27,18.03,NA,NA,NA,NA,NA,NA,NA,NA,NA,NA,NA,NA,NA,NA
"76",77,78,78,"9_1447","Nodo 3 - Pies inventariados","IFN2",10,35,1037.32,0,114.22,41.32,NA,5.08,22.52,40,1276.83,19.13,3.22,3.42,0.95,67.21,47.83,864.06,16.23,17.44,15.06,287.17,268.19,18.98,0,33.82,0,0,0,80.02,111.78,72.77,74.19,270.32,127.43,0.87,15.22,23.34,68.4,235.25,NA,22.22,"Nodo 1 - Pies inventariados","IFN3",2003,36,851.94,0,0,24.78,NA,NA,19.25,35.82,1032.41,20.4,2.91,3.14,0.66,71.98,56.96,539.02,16.79,18.04,18.78,185.5,171.34,14.16,NA,NA,0,0,2.07,52.31,76.11,50.63,49.38,174.72,81.41,0.36,14.86,43.21,41.02,180.86,NA,NA,NA,NA,NA,NA,NA,NA,NA,NA,2.61542791,205.13,1.0707052,45.8273876
"77",78,79,79,"9_1448","Nodo 3 - Pies inventariados","IFN2",10,35,1127.9,0,158.82,38.1,NA,5.82,20.74,27.41,591.31,11.91,3.44,3.52,1.1,49.73,43.44,813.23,25.01,26.87,8.5,179.72,165.36,14.36,0,26.33,0,0,0,0,83.53,42.79,63.73,165.66,78.57,0,17.03,31.82,63.06,190.48,NA,23.08,"Nodo 1 - Pies inventariados","IFN3",2003,36,1018.59,0,0,25.81,NA,NA,17.96,26.43,550.37,14.13,3.26,3.34,0.64,63.75,53.45,571.06,22.18,23.83,13.93,133.07,120.67,12.41,NA,NA,0,0,0,0,61.43,29.42,49.8,123.97,57.33,0,8.26,14.98,37.58,118.15,NA,NA,NA,NA,NA,NA,NA,NA,NA,NA,NA,NA,NA,NA
"78",79,80,80,"9_1458","Nodo 3 - Pies inventariados","IFN2",10,30,422.12,0,167.47,6.74,NA,2.28,14.26,14.78,171.46,6.15,2.92,2.92,0.28,43.15,41.59,158.04,79.2,85.1,3.5,19.38,17.1,2.28,0,5.8,0,0,0,0,0,0,14.78,15.94,8.13,0,3.56,9.52,11.16,32.37,NA,8.51,"Nodo 1 - Pies inventariados","IFN3",2003,31,63.66,0,0,1.03,NA,NA,14.36,14.36,162.04,7.41,3.11,3.11,0.05,51.61,51.61,24.14,169.16,181.77,7.41,3.6,3.15,0.45,NA,NA,0,0,0,0,0,0,3.06,3.05,1.5,0,0.46,1.18,1.71,4.85,NA,NA,NA,NA,NA,NA,NA,NA,NA,NA,NA,NA,NA,NA
"79",80,81,81,"9_1459","Nodo 3 - Pies inventariados","IFN2",10,32,1167.09,0,198.01,32.09,NA,6.47,18.71,26.08,534.92,11.86,3.14,3.24,0.96,52.92,45.47,702.87,24.68,26.52,8.29,149.19,135.95,13.24,0,29.24,0,0,0,0,62.16,31.19,60.19,136.5,64.59,0,13.87,27.34,53.12,158.92,NA,25.05,"Nodo 1 - Pies inventariados","IFN3",2003,33,671.99,0,0,17.27,NA,NA,18.09,26.12,538.65,11.08,3.11,3.29,0.57,55.49,42.41,381.43,34.83,37.43,11.18,79.52,72.53,6.99,NA,NA,0,0,0,0,32.78,14.3,29.58,72.62,34.46,0,7.59,14.75,28.58,85.39,NA,NA,NA,NA,NA,NA,NA,NA,NA,NA,NA,NA,NA,NA
"80",81,82,82,"9_1473","Nodo 3 - Pies inventariados","IFN2",10,42,1099.55,0,126.93,43.45,NA,4.97,22.43,29.31,676.03,12.91,3.56,3.66,1.15,51.86,44.05,909.44,23.36,25.1,9.44,229.2,212.43,16.77,0,24.43,0,0,0,2.8,126.22,96.21,59.7,213.11,100.93,0,18.81,32.66,71.92,224.32,NA,20.13,"Nodo 1 - Pies inventariados","IFN3",2003,43,795.77,0,0,25.95,NA,NA,20.38,29.59,690.37,12.29,3.37,3.54,0.78,50.13,41.53,556.4,28.84,30.99,12.52,128.64,119.22,9.42,NA,NA,0,0,0,4.83,64.91,42.72,34.69,119.24,56.65,0,11.78,21.88,42.95,133.26,NA,NA,NA,NA,NA,NA,NA,NA,NA,NA,NA,NA,NA,NA
"81",82,83,83,"9_1474","Nodo 3 - Pies inventariados","IFN2",10,33,1613.37,0,145.61,56.27,NA,5.43,21.07,28.81,652.76,14.63,3.17,3.24,1.33,62.1,50.76,1196.37,17.02,18.29,10.82,336.81,307.25,29.56,0,31.02,0,0,0,0,170.48,119.33,112.76,315.26,145.99,0,20.68,36.04,93.14,295.85,NA,22.06,"Nodo 1 - Pies inventariados","IFN3",2003,34,1213.11,0,0,38.26,NA,NA,20.04,29.61,690.31,15.13,3.07,3.17,0.96,68.11,51.08,823.83,18.98,20.39,15.1,240.39,218.15,22.25,NA,NA,0,0,0,7,118.61,92.61,87.3,224.86,103.65,0,13.31,23.19,63.34,203.49,NA,NA,NA,NA,NA,NA,NA,NA,NA,NA,NA,NA,NA,NA
"82",83,84,84,"9_1475","Nodo 3 - Pies inventariados","IFN2",10,30,1068.48,0,177.21,15.85,NA,2.33,13.74,14.66,168.87,7.29,2.64,2.64,0.59,54.03,49.71,374.97,41.97,45.1,4.5,55.8,48.54,7.25,0,7.3,0,0,0,0,0,0,43.99,48.3,23.06,0,6.9,17.95,26.23,74.14,NA,7.89,"Nodo 1 - Pies inventariados","IFN3",2003,31,509.3,0,0,6.3,NA,NA,12.55,13.6,145.27,8.14,2.51,2.51,0.25,60.87,59.84,152.45,54.46,58.52,7.93,23.21,19.89,3.32,NA,NA,0,0,0,0,0,0,18.2,20.16,9.45,0,2.49,6.76,10.43,29.13,NA,NA,NA,NA,NA,NA,NA,NA,NA,NA,NA,NA,NA,NA
"83",84,85,85,"9_1476","Nodo 3 - Pies inventariados","IFN2",10,30,817.89,0,117.61,17.1,NA,2.08,16.32,18.38,265.21,8.57,3.08,3.09,0.61,48.66,46.65,387.57,40.79,43.84,5.5,63.4,56.54,6.86,0,6.99,0,0,0,0,0,0,46.13,56.5,26.86,0,7.94,18.44,28.3,81.54,NA,7.37,"Nodo 1 - Pies inventariados","IFN3",2003,31,413.8,0,0,9.94,NA,NA,17.48,18.83,278.56,9.89,3.31,3.32,0.36,54.09,52.53,221.33,49.71,53.42,10,43.66,39.04,4.63,NA,NA,0,0,0,0,2,0,27.93,39.7,18.55,0,4.16,8.9,16.45,48.05,NA,NA,NA,NA,NA,NA,NA,NA,NA,NA,NA,NA,NA,NA
"84",85,86,86,"9_1477","Nodo 3 - Pies inventariados","IFN2",10,30,963.08,0,135.47,18.11,NA,2.3,15.47,18.91,281.13,7.2,2.92,2.94,0.66,50.23,38.08,416.01,44.76,48.1,4.75,64.56,57.17,7.38,0,7.37,0,0,0,0,0,0,46.54,57.27,27.17,0,8.59,20.64,29.98,86.38,NA,8.36,"Nodo 1 - Pies inventariados","IFN3",2003,31,509.3,0,0,9.85,NA,NA,15.69,19.3,293.09,12.26,2.91,2.95,0.31,61.8,63.54,225.5,36.14,38.84,11.93,43.47,38.3,5.18,NA,NA,0,0,0,0,6.17,0,28.29,39.65,18.2,0,3.19,6.92,14.52,42.82,NA,NA,NA,NA,NA,NA,0,0,0,NA,NA,NA,NA,NA
"85",86,87,87,"9_1488","Nodo 3 - Pies inventariados","IFN2",10,41,2832.56,0,176.44,83.07,NA,6.1,19.32,27.68,604.41,15.09,2.72,2.79,1.73,74.03,54.5,1804.83,12.46,13.38,11.15,546.98,490.31,56.66,0,37.55,0,0,0,3.59,237.64,158.22,238.8,512.89,232.97,0,26.72,47.65,137.5,444.83,NA,25.25,"Nodo 1 - Pies inventariados","IFN3",2003,42,2069.01,0,0,53.25,NA,NA,18.1,26.38,551.97,14.83,2.84,2.91,1.3,68.66,56.21,1175.92,14.83,15.93,14.7,320.45,287.42,33.03,NA,NA,0,0,0,2.49,139.43,69.32,142.45,298.53,136.57,0,21.15,52.91,86.82,297.45,NA,NA,NA,NA,NA,NA,NA,NA,NA,NA,1.39265799,159.15,0.4790415,28.3840842
"86",87,88,88,"9_1489","Nodo 3 - Pies inventariados","IFN2",10,40,845.54,0,81.6,43.68,NA,3.85,25.65,34.71,951.1,15.62,3.96,4.05,1.09,50.48,44.98,884.11,22.02,23.67,11.75,257.11,242.24,14.87,0,21.13,0,0,0,43,145.32,117.59,44.93,242.09,115.1,0.01,18.92,30.03,72.29,236.36,NA,16.35,"Nodo 1 - Pies inventariados","IFN3",2003,41,693.21,0,0,33.9,NA,NA,24.95,36.35,1042.49,15.39,4.23,4.35,1.03,39.28,42.35,690.9,24.67,26.51,15.52,178.04,170.03,8,NA,NA,0,0,0,52.65,88.45,70.54,21.63,166.48,80.79,0.08,33.13,108,56.11,278.11,NA,NA,NA,NA,NA,NA,NA,NA,NA,NA,3.86343903,173.3,1.0888596,111.6547062
"87",88,89,89,"9_1490","Nodo 3 - Pies inventariados","IFN2",10,30,1575.4,0,210.2,37.05,NA,6.91,17.3,28.23,632.31,11.41,2.94,3.03,1.13,51.3,40.4,827.52,22.09,23.74,6.94,154.81,140.33,14.48,0,29.01,0,0,0,5.41,41.16,15.75,81.29,140.1,66.67,0,16.83,35.44,61.33,180.27,NA,27.5,"Nodo 1 - Pies inventariados","IFN3",2003,31,930.17,0,0,20.2,NA,NA,16.63,25.44,523.46,11.63,2.93,3.04,0.67,56.17,45.71,455.72,28.2,30.3,11.64,93.99,84.7,9.29,NA,NA,0,0,0,2.75,22.92,6.66,45.73,86.21,40.24,0,12.5,45.9,33.44,132.09,NA,NA,NA,NA,NA,NA,NA,NA,NA,NA,1.02008784,127.32,0.1820676,37.0959552
"88",89,90,90,"9_1491","Nodo 3 - Pies inventariados","IFN2",10,33,198.54,0,103.04,6.83,NA,3.43,20.92,22.54,399.68,7.83,4.14,4.16,0.27,37.98,34.73,145.38,90.66,97.42,5.17,24.03,22.26,1.77,0,11.5,0,0,0,0,10.02,0,8.71,21.6,10.58,0,3.85,7.8,11.3,33.53,NA,13.45,"Nodo 1 - Pies inventariados","IFN3",2003,34,77.81,0,0,2.91,NA,NA,21.84,21.79,374.57,10.84,4.31,4.32,0.11,49.74,49.74,61.42,104.61,112.41,10.84,14.07,12.92,1.15,NA,NA,0,0,0,0,5.99,0,4.62,13.1,6.14,0,1.3,2.38,4.82,14.64,NA,NA,NA,NA,NA,NA,NA,NA,NA,NA,NA,NA,NA,NA
"89",90,91,91,"9_1507","Nodo 3 - Pies inventariados","IFN2",10,47,1413.07,0,125.68,57.32,NA,4.78,22.73,29.01,661.96,17.65,3.19,3.25,1.17,73.77,60.83,1195.94,15.07,16.2,13.88,435.12,396.74,38.38,0,34.18,0,0,0,5.26,254.69,205.2,116.54,412.55,188.5,0,17.92,28.18,94.88,329.48,NA,20.45,"Nodo 1 - Pies inventariados","IFN3",2003,48,309.26,0,0,18.38,NA,NA,27.51,31.99,935.93,16.29,4.14,4.17,0.42,57.57,50.92,365.52,34.9,37.51,16.29,104.9,97.37,7.53,NA,NA,0,0,0,4.58,68.48,54.55,18.97,99.2,46.27,0,5.58,8.69,25.32,85.85,NA,NA,NA,NA,NA,NA,0,0,0,NA,NA,NA,NA,NA
"90",91,92,92,"9_1508","Nodo 3 - Pies inventariados","IFN2",10,38,1191.35,0,126.77,45.08,NA,4.99,21.95,26.3,543.47,9.73,3.63,3.66,1.26,47.81,37,948.74,29.78,32,6.84,212.47,195.97,16.51,0,21.4,0,0,0,0,114.48,29.56,66.2,195.97,93.11,0,20.84,38.55,74.62,227.12,NA,20.61,"Nodo 1 - Pies inventariados","IFN3",2003,39,710.89,0,0,24.26,NA,NA,20.84,26.19,539.75,11.45,3.75,3.79,0.8,45.58,43.71,517.12,32.77,35.21,11.64,110.01,101.14,8.87,NA,NA,0,0,0,0,54.29,21.84,36.78,101.06,48.06,0,17.44,51.78,40.15,157.42,NA,NA,NA,NA,NA,NA,0,0,0,NA,1.76032632,95.49,0.4854075,43.6446594
"91",92,93,93,"9_1509","Nodo 3 - Pies inventariados","IFN2",10,36,1001.69,0,128.11,36.82,NA,5.21,21.63,27.04,578.58,11.98,3.58,3.62,1.03,52.25,44.32,777.75,26.37,28.34,8.47,187.9,172.5,15.4,0,25.15,0,0,0,4.06,89.77,35.55,63.78,174.44,81.96,0,15.57,28.26,60.95,186.74,NA,20.87,"Nodo 1 - Pies inventariados","IFN3",2003,37,785.16,0,0,26.17,NA,NA,20.6,25.96,539.38,14.26,3.4,3.43,0.73,62.85,54.95,559.56,25.02,26.88,14.15,156.28,141.69,14.6,NA,NA,0,0,0,4.86,73.7,28.93,61.81,146,67.32,0,9.44,16.99,43.32,137.07,NA,NA,NA,NA,NA,NA,NA,NA,NA,NA,NA,NA,NA,NA
"92",93,94,94,"9_1524","Nodo 3 - Pies inventariados","IFN2",10,40,545.77,0,86,27.64,NA,4.01,25.4,29.64,691.78,13.44,4.19,4.22,0.76,51.1,45.35,560.96,31.84,34.21,10.06,158.26,147.87,10.39,0,21.42,0,0,0,3.05,105.03,88.05,29.13,148.42,70.26,0,11.58,18.58,45.76,146.18,NA,16.2,"Nodo 1 - Pies inventariados","IFN3",2003,41,159.15,0,0,9.35,NA,NA,27.35,29.39,687.86,15.07,4.69,4.74,0.28,55.05,51.27,186.25,52.6,56.52,15.12,61.61,57.95,3.67,NA,NA,0,0,0,9.84,38.48,35.31,8.68,58.2,27.53,0,3.66,5.4,15.48,52.07,NA,NA,NA,NA,NA,NA,0,0,0,NA,NA,NA,NA,NA
"93",94,95,95,"9_1525","Nodo 3 - Pies inventariados","IFN2",10,44,1265.01,0,119.09,51.64,NA,4.78,22.8,30.35,727.32,16.57,3.28,3.34,1.11,70.63,54.6,1076.47,16.97,18.24,12.81,375.72,343.45,32.27,0,33.06,0,0,0,8.78,217.46,167.02,103.05,354.49,163.18,0,16.81,26.67,85.47,292.14,NA,20.38,"Nodo 1 - Pies inventariados","IFN3",2003,45,314.77,0,0,14.18,NA,NA,23.95,29.77,701.17,17.77,3.87,3.94,0.38,66.95,59.69,292.02,31.72,34.09,17.79,103.99,95.94,8.05,NA,NA,0,0,0,7.65,58.11,43.1,24.72,98.22,45.59,0,4.81,7.45,23.47,81.32,NA,NA,NA,NA,NA,NA,0,0,0,NA,NA,NA,NA,NA
"94",95,96,96,"9_1543","Nodo 3 - Pies inventariados","IFN2",10,40,3132.19,0,253.25,53.02,NA,7.77,14.68,28.38,632.47,11.15,2.42,2.48,1.51,62.37,39.29,1233.92,16.02,17.22,7.13,230.78,202.93,27.85,0,33.58,0,0,0,0,24.66,22.85,157.92,206.66,96.42,0,20.79,47.8,87.76,252.77,NA,30.79,"Nodo 1 - Pies inventariados","IFN3",2003,41,2496.96,0,0,28.12,NA,NA,11.98,20.08,328.14,11.75,2.11,2.15,0.9,74.32,58.54,688.69,17.03,18.29,11.82,124.05,105.8,18.25,NA,NA,0,0,0,0,6.73,3.31,89.99,108.09,50.27,0,9.66,25.21,46.55,131.69,NA,NA,NA,NA,NA,NA,NA,NA,NA,NA,NA,NA,NA,NA
"95",96,97,97,"9_1549","Nodo 3 - Pies inventariados","IFN2",10,39,132.34,0,58.07,7.79,NA,3.01,27.38,28.37,639.88,10.47,5.15,5.19,0.28,37.64,36.92,155.21,83,89.19,7.26,35.11,33.57,1.55,0,12.44,0,0,0,4.13,20.2,12.4,4.57,32.65,15.95,0,4.22,6.89,12.9,39.96,NA,12.2,"Nodo 1 - Pies inventariados","IFN3",2003,40,56.59,0,0,3.98,NA,NA,29.92,29.76,702.96,11.23,5.75,5.77,0.15,37.73,37.73,77.48,118.4,127.23,11.23,19.43,18.73,0.7,NA,NA,0,0,0,2.47,12.23,10.36,1.71,18.23,8.9,0,2.12,3.24,6.58,20.85,NA,NA,NA,NA,NA,NA,NA,NA,NA,NA,NA,NA,NA,NA
"96",97,98,98,"9_1568","Nodo 3 - Pies inventariados","IFN2",10,30,539.11,0,157.14,9.13,NA,2.42,14.69,16.05,202.33,8.89,2.85,2.87,0.35,56.04,55.42,212.55,48.42,52.03,6,35.62,31.21,4.41,0,8.9,0,0,0,0,0,0,28.04,31.68,14.83,0,3.81,9.28,15.12,43.04,NA,7.85,"Nodo 1 - Pies inventariados","IFN3",2003,31,190.99,0,0,2.29,NA,NA,12.35,13.39,143.64,9.21,2.51,2.53,0.1,71.41,68.78,55.6,78.57,84.43,8.72,9.94,8.48,1.46,NA,NA,0,0,0,0,0,0,7.27,8.88,4.03,0,0.79,2.06,3.79,10.66,NA,NA,NA,NA,NA,NA,NA,NA,NA,NA,NA,NA,NA,NA
"97",98,99,99,"9_1577","Nodo 3 - Pies inventariados","IFN2",10,49,980.44,0,53.8,64,NA,2.75,28.83,35.97,1021.34,18.6,3.95,4,1.23,61.83,51.71,1258.1,17.17,18.45,14.31,500.17,470.2,29.97,0,20.16,0,0,0,107.67,318.9,246.28,54.74,475.96,223.41,0.06,22.27,30.69,105.93,382.36,NA,12.53,"Nodo 1 - Pies inventariados","IFN3",2003,50,767.48,0,0,51.66,NA,NA,29.28,36.3,1040.04,17.17,4.22,4.27,1.1,56.07,47.3,1011.7,21.02,22.59,17.26,370.64,350.73,19.9,NA,NA,0,0,0,79.5,225.37,185.72,37.8,352.14,166.64,0.08,19.63,27.4,85.51,299.26,NA,NA,NA,NA,NA,NA,NA,NA,NA,NA,NA,NA,NA,NA
"98",99,100,100,"9_1580","Nodo 3 - Pies inventariados","IFN2",10,28,1598.99,0,134.76,30.81,NA,2.27,15.66,21.25,354.65,8.8,2.77,2.81,0.99,55.97,41.4,705.39,28.43,30.55,5.87,125.29,110.78,14.52,0,8.44,0,0,0,0,9.26,0,87.65,111.81,52.63,0,13.06,29.91,50.99,146.6,NA,7.89,"Nodo 1 - Pies inventariados","IFN3",2003,29,760.41,0,0,15.2,NA,NA,15.95,22.44,395.94,9.77,2.82,2.93,0.51,64.72,43.55,346.36,37.11,39.88,9.74,70.97,62.92,8.06,NA,NA,0,0,0,0,13.29,0,42.94,64.31,29.89,0,6.02,12.74,25.15,73.8,NA,NA,NA,NA,NA,NA,NA,NA,NA,NA,NA,NA,NA,NA
"99",100,101,101,"9_1587","Nodo 3 - Pies inventariados","IFN2",10,25,430.79,0,144.31,7.64,NA,2.21,15.02,16.5,214.26,7.55,2.99,3,0.3,49.12,45.77,176.67,63.82,68.58,4.92,26.29,23.22,3.07,0,6.87,0,0,0,0,0,0,18.26,22.65,11.03,0,3.58,8.85,12.64,36.11,NA,7.61,"Nodo 1 - Pies inventariados","IFN3",2003,26,127.32,0,0,2.97,NA,NA,17.23,17.86,251.22,9.42,3.46,3.48,0.09,54.12,52.76,66.36,94.04,101.05,9.28,9.04,8.08,0.96,NA,NA,0,0,0,0,0,0,6.07,8.18,3.84,0,0.96,2.1,3.64,10.55,NA,NA,NA,NA,NA,NA,NA,NA,NA,NA,NA,NA,NA,NA
"100",101,102,102,"9_1589","Nodo 3 - Pies inventariados","IFN2",10,40,537.06,0,119.73,23.04,NA,4.6,23.37,29.58,688.98,12.22,4,4.11,0.71,45.69,41.32,477.37,35.3,37.93,8.76,110.45,103.6,6.85,0,20.39,0,0,0,3.17,62.67,38.43,24.63,102.37,49.22,0,11.08,19.11,38.14,117.55,NA,18.2,"Nodo 1 - Pies inventariados","IFN3",2003,41,233.43,0,0,13.08,NA,NA,26.71,30.83,750.04,12.38,4.69,4.79,0.42,44.29,40.15,262.04,52.88,56.82,12.48,67.22,63.86,3.37,NA,NA,0,0,0,7.22,39.69,35.31,10.42,62.8,30.34,0,6.36,10.02,21.65,68.37,NA,NA,NA,NA,NA,NA,NA,NA,NA,NA,NA,NA,NA,NA
"101",102,103,103,"9_1595","Nodo 3 - Pies inventariados","IFN2",10,40,2292.21,0,177.22,67.21,NA,6.04,19.32,26.93,570.39,10.58,3.06,3.14,1.77,51.79,39.28,1460.38,19.75,21.22,7.37,304.22,277.18,27.04,0,25.27,0,0,0,0,114.18,25.82,132.45,278.62,131.7,0,29.87,58.28,111.25,331.1,NA,24.28,"Nodo 1 - Pies inventariados","IFN3",2003,41,834.68,0,0,29.46,NA,NA,21.2,26.89,569.04,11.14,3.63,3.67,0.88,49.85,41.43,625.46,31.07,33.39,11.17,139.88,128.44,11.44,NA,NA,0,0,0,0,68.15,14.74,50.29,129.26,61.03,0,13.11,24.38,48.77,147.27,NA,NA,NA,NA,NA,NA,0,0,0,NA,NA,NA,NA,NA
"102",103,104,104,"9_1596","Nodo 3 - Pies inventariados","IFN2",10,47,609.83,0,68.7,35.7,NA,3.38,27.3,33.38,884.25,15.84,4.21,4.27,0.87,54.55,47.44,711.52,25.57,27.48,11.37,233.46,219.65,13.81,0,20.55,0,0,0,30.7,143.82,122,31.91,220.89,104.36,0.05,14.1,20.89,59.1,198.5,NA,14.32,"Nodo 1 - Pies inventariados","IFN3",2003,48,385.51,0,0,26.6,NA,NA,29.64,33.83,899.97,15.56,4.56,4.6,0.52,52.02,45.99,519.35,32.74,35.18,15.64,140.56,132.94,7.62,NA,NA,0,0,0,24.89,91.87,71.19,15.13,133.38,63.16,0,8.11,11.62,34.11,116.99,NA,NA,NA,NA,NA,NA,0,0,0,NA,NA,NA,NA,NA
"103",104,105,105,"9_1602","Nodo 3 - Pies inventariados","IFN2",10,35,3022.41,0,189.45,83.54,NA,6.22,18.76,25.87,525.79,12.1,2.79,2.86,1.94,62.36,46.76,1828.61,15.03,16.16,9.12,453.98,408.81,45.17,0,32.07,0,0,0,0,173.04,79.58,211.7,419.83,194.24,0,31.14,59.54,138.28,423.21,NA,25.02,"Nodo 1 - Pies inventariados","IFN3",2003,36,2412.08,0,0,56.96,NA,NA,17.34,24.59,476.63,12.31,2.68,2.79,1.48,64.96,50.08,1271.6,16.53,17.77,12.35,303.48,271.41,32.07,NA,NA,0,0,0,0,108.59,37.18,150.51,279.04,128.95,0,25.03,56.74,94.29,305.01,NA,NA,NA,NA,NA,NA,NA,NA,NA,NA,1.18261182,31.83,0.4325697,23.3638566
"104",105,106,106,"9_1608","Nodo 3 - Pies inventariados","IFN2",10,27,1820.46,0,133.42,33.85,NA,2.17,15.39,18.66,273.68,9.2,2.71,2.72,1.06,58.39,49.31,778.5,25.47,27.36,6.37,142.59,125.26,17.33,0,8.28,0,0,0,0,2.01,0,108.78,127.68,59.51,0,13.63,31.69,56.02,160.86,NA,7.41,"Nodo 1 - Pies inventariados","IFN3",2003,28,636.62,0,0,14.96,NA,NA,17.3,20.77,338.95,11.23,3.1,3.14,0.49,62.27,54.09,334.22,35.28,37.91,11.33,74.72,66.45,8.26,NA,NA,0,0,0,0,15.02,0,43.77,68.36,31.57,0,5.65,11.67,24.77,73.66,NA,NA,NA,NA,NA,NA,NA,NA,NA,NA,NA,NA,NA,NA
"105",106,107,107,"9_1609","Nodo 3 - Pies inventariados","IFN2",10,42,2127.49,0,185.8,62.33,NA,6.07,19.31,24.89,486.64,11.35,3.04,3.1,1.61,54.86,45.58,1354.31,19.11,20.53,8,304.86,276.68,28.18,0,27.81,0,0,0,0,117.66,30.6,134.91,281.39,131.46,0,25.71,49.78,103.16,310.11,NA,23.96,"Nodo 1 - Pies inventariados","IFN3",2003,43,1556.18,0,0,39.85,NA,NA,18.06,24.22,461.08,10.56,3.08,3.14,1.21,48.37,43.62,880.61,24,25.79,10.63,179.64,163.06,16.58,NA,NA,0,0,0,0,68,0,81.28,164.81,77.48,0,23.6,80.58,65.96,247.61,NA,NA,NA,NA,NA,NA,NA,NA,NA,NA,1.84715856,286.47,0.3784587,59.5007739
"106",107,108,108,"9_1617","Nodo 3 - Pies inventariados","IFN2",10,38,1693.92,0,127.12,65.27,NA,5.05,22.15,31.21,765.99,16.4,3.25,3.33,1.47,61.18,52.55,1370.49,14.82,15.92,12.12,401.94,368.87,33.07,0,29.31,0,0,0,19.26,211.8,164.02,121.96,376.96,175.26,0,24.4,41.26,108.03,348.96,NA,21.1,"Nodo 1 - Pies inventariados","IFN3",2003,39,1206.04,0,0,45.04,NA,NA,21.81,33.63,888.86,15.05,3.51,3.62,1.24,51.87,44.76,949.39,19.13,20.56,14.95,256.02,237.33,18.69,NA,NA,0,0,0,27.4,136.48,99.36,66.41,239.81,112.76,0,34.63,113,74.55,334.94,NA,NA,NA,NA,NA,NA,NA,NA,NA,NA,3.71809413,254.64,0.9545817,112.4515704
"107",108,109,109,"9_1620","Nodo 3 - Pies inventariados","IFN2",10,25,565.67,0,151.86,8.8,NA,2.48,14.08,17.62,243.84,6.73,2.8,2.83,0.35,47.38,38.2,207.03,62.46,67.12,4.4,27.49,24.19,3.3,0,6.88,0,0,0,0,0,0,19.76,23.72,11.49,0,4.38,11.43,14.57,41.88,NA,9.22,"Nodo 1 - Pies inventariados","IFN3",2003,26,127.32,0,0,2.23,NA,NA,14.95,15.36,187.37,6.61,3.15,3.17,0.1,44.33,43.06,51.75,134,143.99,6.58,6.94,6.16,0.78,NA,NA,0,0,0,0,0,0,5.18,6.01,2.93,0,1.15,2.93,3.7,10.71,NA,NA,NA,NA,NA,NA,NA,NA,NA,NA,NA,NA,NA,NA
"108",109,110,110,"9_1626","Nodo 3 - Pies inventariados","IFN2",10,36,2551.24,0,199.28,67.52,NA,6.4,18.36,27.07,576.38,12.18,2.85,2.92,1.71,57.81,45,1485.85,16.25,17.47,8.94,332.56,300.32,32.25,0,30.23,0,0,0,0,108.39,50.4,161.17,306.33,142.69,0,27.22,53.74,111.75,335.41,NA,25.37,"Nodo 1 - Pies inventariados","IFN3",2003,37,1191.89,0,0,26.17,NA,NA,16.72,25.52,512.58,11.36,2.99,3.07,0.88,48.34,44.54,589.45,25.49,27.39,11.52,113.2,102.4,10.79,NA,NA,0,0,0,0,37.49,16.37,52.14,103.13,48.66,0,19.65,79.16,43.31,190.77,NA,NA,NA,NA,NA,NA,0,0,0,NA,2.2128216,254.64,0.458352,72.34959
"109",110,111,111,"9_1688","Nodo 3 - Pies inventariados","IFN2",10,34,294.86,0,103.88,10.22,NA,3.52,21,23.34,427.93,9.57,4.02,4.04,0.38,40.78,41.02,217.41,60.83,65.36,6,39.82,36.83,2.99,0,13.47,0,0,0,0,13.23,0,14.1,36.35,17.5,0,5.33,10.57,16.91,50.31,NA,13.61,"Nodo 1 - Pies inventariados","IFN3",2003,35,265.26,0,0,5.38,NA,NA,16.08,20.62,340.28,6.89,4.06,4.09,0.18,41.45,33.44,122.49,89.07,95.71,6.86,13.49,12.53,0.95,NA,NA,0,0,0,0,3.49,0,5.86,12,5.96,0,2.72,5.86,7.23,21.76,NA,NA,NA,NA,NA,NA,NA,NA,NA,NA,NA,NA,NA,NA
"110",111,112,112,"9_1735","Nodo 3 - Pies inventariados","IFN2",10,30,581.38,0,135.74,10.48,NA,2.2,15.15,18.33,264.37,6.95,3,3.02,0.42,44.01,37.9,242.07,59.7,64.15,4.08,32.48,28.87,3.6,0,6.1,0,0,0,0,0,0,22.63,28.15,13.72,0,5.43,13.68,17.35,50.18,NA,8.18,"Nodo 1 - Pies inventariados","IFN3",2003,31,159.15,0,0,3.3,NA,NA,16.24,17.42,241.47,5.85,3.39,3.43,0.15,36.79,33.6,74.82,135.43,145.52,5.94,8.88,8.03,0.85,NA,NA,0,0,0,0,0,0,5.66,7.57,3.81,0,2.06,5.13,5.46,16.46,NA,NA,NA,NA,NA,NA,NA,NA,NA,NA,NA,NA,NA,NA
"111",112,113,113,"9_1810","Nodo 3 - Pies inventariados","IFN2",10,29,430.8,0,91.27,20.67,NA,4.29,24.72,30.28,723.64,12.08,4.26,4.32,0.63,46.56,39.88,422.24,39.9,42.87,8.79,105.02,98.53,6.49,0,20.37,0,0,0,3.72,59.85,37.06,21.22,97.91,46.81,0,9.58,15.97,34.21,106.58,NA,17.29,"Nodo 1 - Pies inventariados","IFN3",2003,30,304.16,0,0,14.16,NA,NA,24.35,29.94,708.62,11.65,4.31,4.39,0.46,46.5,38.9,290.37,49.24,52.91,11.52,70.48,66.12,4.36,NA,NA,0,0,0,5.01,35.69,22.55,15.58,65.69,31.42,0,6.67,11.19,23.44,72.72,NA,NA,NA,NA,NA,NA,NA,NA,NA,NA,NA,NA,NA,NA
"112",113,114,114,"9_1884","Nodo 3 - Pies inventariados","IFN2",10,40,614.91,0,116.22,27.62,NA,5.21,23.92,31.93,803.09,14.74,3.83,3.91,0.74,57.77,46.17,568.97,27.36,29.4,10.58,170.1,157.82,12.29,0,30.18,0,0,0,14.44,97.36,70.11,41.86,159.59,74.98,0,10.74,17.24,45.72,148.68,NA,21.52,"Nodo 1 - Pies inventariados","IFN3",2003,41,1266.17,0,0,27.53,NA,NA,16.64,31.22,774.88,12.85,3.92,4.03,0.5,34.25,41.16,620.93,21.87,23.5,12.2,96.49,90.04,6.44,NA,NA,0,0,0,12.58,47.03,37.22,24.99,90.29,42.78,0,7.56,12.35,28.94,91.63,NA,NA,NA,NA,NA,NA,NA,NA,NA,NA,5.23367958,541.11,0,NA
"113",114,115,115,"9_1959","Nodo 3 - Pies inventariados","IFN2",10,35,640.67,0,120.76,24.32,NA,5.21,21.98,28.06,618.42,11.11,3.77,3.81,0.73,51.98,39.61,511.57,35.55,38.2,7.85,123.38,113.47,9.91,0,23.61,0,0,0,0,63.04,21.7,39.92,114.88,53.91,0,10.49,18.73,40.25,123.39,NA,20.83,"Nodo 1 - Pies inventariados","IFN3",2003,36,519.91,0,0,18.14,NA,NA,21.08,24.92,495.03,11.12,3.74,3.77,0.58,52.2,44.62,385.63,39.45,42.39,11.15,92.19,84.34,7.85,NA,NA,0,0,0,0,43.56,9.2,32.27,85.52,40.07,0,9.44,22.92,30.02,102.46,NA,NA,NA,NA,NA,NA,NA,NA,NA,NA,0.58904598,31.83,0.1801578,13.1757102
"114",115,116,116,"9_218","Nodo 3 - Pies inventariados","IFN2",10,43,1577.86,0,170.22,49.03,NA,5.93,19.89,28.26,629.6,11.65,3.28,3.36,1.4,47.41,41.2,1057.55,21.62,23.23,7.97,212.28,194.98,17.3,0,24.72,0,0,0,0,88.31,23.52,82.86,194,92.64,0,23.15,45.24,81.15,242.18,NA,23.82,"Nodo 1 - Pies inventariados","IFN3",2003,44,477.46,0,0,16.86,NA,NA,21.2,27.33,589.3,10.91,3.81,3.87,0.56,45.87,39.92,357.88,41.95,45.08,11.14,75.18,69.53,5.65,NA,NA,0,0,0,0,34.81,17.92,24.86,69.07,33.03,0,8.1,15.35,27.9,84.39,NA,NA,NA,NA,NA,NA,0,0,0,NA,NA,NA,NA,NA
"115",116,117,117,"9_2337","Nodo 3 - Pies inventariados","IFN2",10,41,3104.59,0,183.21,84.32,NA,6.32,18.6,30.82,748.06,18.01,2.45,2.56,1.6,90.51,58.44,1849.64,9.96,10.71,13.5,646.75,575.89,70.86,0,45.53,0,0,0,17.31,259.11,174.97,295.4,607.91,273.63,0,24,40.87,139.57,478.06,NA,27.26,"Nodo 1 - Pies inventariados","IFN3",2003,42,1152.99,0,0,40.73,NA,NA,21.21,30.89,752.1,17.73,3.09,3.17,0.91,78.26,57.41,864.54,16.61,17.85,17.78,310.64,281.3,29.34,NA,NA,0,0,0,16.98,152.14,103.9,108.7,293.31,133.66,0,13.07,23.33,67.41,237.46,NA,NA,NA,NA,NA,NA,0,0,0,NA,0.39688827,31.83,0.1992558,5.44293
"116",117,118,118,"9_2346","Nodo 3 - Pies inventariados","IFN2",10,24,316.33,0,0,36.15,NA,0,38.15,42.76,1438.76,23.46,5.02,5.07,0.64,61.97,54.86,662.69,23.97,25.75,19.2,361.27,349.87,11.39,0,0,2.59,2.59,2.24,231.58,121.68,104.74,12.73,347.07,166.24,0.94,12.13,13.41,59.84,252.57,NA,0,"Nodo 1 - Pies inventariados","IFN3",2003,25,298.22,0,0,31.99,NA,NA,36.95,42.05,1393.04,19.83,5.21,5.29,0.65,55.33,47.16,590.96,29.2,31.38,19.83,275.06,267.03,8.03,NA,NA,2.63,2.63,2.28,165.75,102.45,87.23,11.18,262.9,126.88,0.84,12.13,14.14,52.94,206.92,NA,NA,NA,NA,NA,NA,NA,NA,NA,NA,NA,NA,NA,NA
"117",118,119,119,"9_2351","Nodo 3 - Pies inventariados","IFN2",10,31,1001.4,0,166.72,31.21,NA,6.06,19.92,31.37,783.17,12.26,3.27,3.41,0.91,54.26,39.06,672.92,25.79,27.71,8.93,153.44,141.2,12.24,0,28.41,0,0,0,12.03,55.54,31.56,57.95,142.15,67.09,0,13.6,24.86,51.66,157.21,NA,24.17,"Nodo 1 - Pies inventariados","IFN3",2003,32,590.64,0,0,18.06,NA,NA,19.73,30.19,726.99,14.1,3.2,3.38,0.53,68.21,46.69,390.39,29.19,31.37,14.01,107.56,98.16,9.41,NA,NA,0,0,0,9.83,44.71,23.36,41.4,100.13,46.64,0,6.82,11.65,29.9,95.01,NA,NA,NA,NA,NA,NA,NA,NA,NA,NA,NA,NA,NA,NA
"118",119,120,120,"9_2413","Nodo 3 - Pies inventariados","IFN2",10,71,783.99,0,103.36,38.78,NA,4.19,25.1,35.54,1012.74,20.47,3.47,3.6,0.8,72.45,57.6,789.3,17.45,18.75,16.44,328.16,304.98,23.18,0,33.17,2.82,2.82,2.44,66.6,193.85,155.43,56.39,312.26,144.91,0.29,12.17,17.37,64.19,238.93,NA,18.65,"Nodo 1 - Pies inventariados","IFN3",2003,72,341.09,0,0,21.52,NA,NA,28.34,34.46,960.51,18.58,4.3,4.4,0.52,63.09,53.91,424.89,29.14,31.32,18.61,167,157.32,9.68,NA,NA,0,0,2.09,34.46,92.75,76.79,21.54,159.22,74.75,0.36,7.67,10.44,35.62,128.83,NA,NA,NA,NA,NA,NA,0,0,0,NA,NA,NA,NA,NA
"119",120,121,121,"9_245","Nodo 3 - Pies inventariados","IFN2",10,41,121.26,0,43.46,7.29,NA,2.35,27.67,27.83,609.51,8.58,5.41,5.42,0.28,31.18,30.82,144.83,105.89,113.78,5.8,26.96,25.95,1.01,0,7.89,0,0,0,0,14.01,0,3.17,24.6,12.33,0,4.65,7.96,12.07,37.01,NA,9.96,"Nodo 1 - Pies inventariados","IFN3",2003,42,42.44,0,0,2.79,NA,NA,28.94,28.9,657.98,7.5,6,6.01,0.12,25.95,25.95,54.84,204.67,219.93,7.5,8.91,8.69,0.22,NA,NA,0,0,0,0,5.45,0,0.99,8.01,4.13,0,2.1,3.64,4.62,14.49,NA,NA,NA,NA,NA,NA,NA,NA,NA,NA,NA,NA,NA,NA
"120",121,122,122,"9_246","Nodo 3 - Pies inventariados","IFN2",10,45,985.7,0,179.32,28.89,NA,6.08,19.32,27.86,613.02,8.78,3.39,3.49,0.94,45.41,31.53,627.76,36.26,38.96,5.7,111.54,102.43,9.12,0,20.95,0,0,0,0,36.15,0,49.48,100.77,48.67,0,15.01,29.97,47.82,141.47,NA,24.95,"Nodo 1 - Pies inventariados","IFN3",2003,46,120.25,0,0,6.27,NA,NA,25.76,26.32,563.29,8.32,5,5.13,0.25,33.89,31.62,126.75,109.6,117.77,8.56,21.66,20.67,0.99,NA,NA,0,0,0,0,10.46,0,4.36,19.62,9.82,0,4.45,7.83,10.38,32.47,NA,NA,NA,NA,NA,NA,0,0,0,NA,NA,NA,NA,NA
"121",122,123,123,"9_305","Nodo 3 - Pies inventariados","IFN2",10,39,632.03,0,83.83,33.16,NA,3.85,25.85,32.48,832.04,15.91,4.13,4.18,0.87,50.61,48.97,669.9,25,26.87,12.06,197.47,185.57,11.9,0,21.25,0,0,0,22.54,117.06,93.62,32.34,185.92,88.17,0,13.98,22.24,54.88,179.27,NA,15.89,"Nodo 1 - Pies inventariados","IFN3",2003,40,173.3,0,0,11.21,NA,NA,28.7,31.25,774.62,14.38,4.98,5.03,0.34,47.24,46.02,220.7,52.82,56.76,14.12,66.62,63.45,3.17,NA,NA,0,0,0,14.96,39.87,31.1,7.36,62.76,30.15,0,4.97,7.35,18.56,61.03,NA,NA,NA,NA,NA,NA,0,0,0,NA,NA,NA,NA,NA
"122",123,124,124,"9_355","Nodo 3 - Pies inventariados","IFN2",10,30,884.63,0,152.52,21.8,NA,4.34,17.71,23.74,443.71,9.24,3.25,3.31,0.76,44.09,38.92,484,36.39,39.1,5.75,78.28,71.17,7.11,0,15.9,0,0,0,0,16.8,0,40.39,69.71,33.82,0,11.26,24.75,36.08,105.9,NA,17.13,"Nodo 1 - Pies inventariados","IFN3",2003,31,618.94,0,0,14.05,NA,NA,17,21.35,360.1,9.25,3.13,3.22,0.43,48.87,43.31,315.23,43.47,46.71,9.24,46.19,41.72,4.47,NA,NA,0,0,0,0,12.42,0,23.97,41.25,19.82,0,5.62,12.32,19.6,57.36,NA,NA,NA,NA,NA,NA,NA,NA,NA,NA,NA,NA,NA,NA
"123",124,125,125,"9_382","Nodo 3 - Pies inventariados","IFN2",10,31,1615.14,0,200.43,43.11,NA,6.4,18.44,26.12,536.53,12,3,3.09,1.21,55.69,45.92,947.78,20.74,22.29,8.26,206.07,186.96,19.11,0,29.28,0,0,0,0,77.81,40.35,92.54,189.49,88.83,0,18,35.39,71.36,213.58,NA,24.98,"Nodo 1 - Pies inventariados","IFN3",2003,32,997.37,0,0,24.32,NA,NA,17.62,26.54,556.09,11.59,2.91,3.02,0.61,60.57,43.66,540.76,27.32,29.36,11.73,102.46,92.07,10.4,NA,NA,0,0,0,0,33.94,19.52,50.5,94.29,43.74,0,7.74,15.32,33.24,100.04,NA,NA,NA,NA,NA,NA,NA,NA,NA,NA,NA,NA,NA,NA
"124",125,126,126,"9_393","Nodo 3 - Pies inventariados","IFN2",10,29,603.52,0,126.05,16.86,NA,3.81,18.86,22.71,405.44,8.17,3.55,3.58,0.61,41.95,35.99,368.49,49.79,53.51,5.12,60.18,54.98,5.2,0,13.22,0,0,0,0,13.81,0,30.8,53.99,26.12,0,8.9,18.97,27.9,81.89,NA,15,"Nodo 1 - Pies inventariados","IFN3",2003,30,314.77,0,0,9.59,NA,NA,19.7,22.62,402.93,8.19,3.81,3.84,0.36,41.03,36.2,207.39,68.82,73.96,7.93,34.73,31.89,2.84,NA,NA,0,0,0,0,7.08,0,16.45,31.11,15.15,0,5.14,10.68,15.88,46.84,NA,NA,NA,NA,NA,NA,0,0,0,NA,NA,NA,NA,NA
"125",126,127,127,"9_467","Nodo 3 - Pies inventariados","IFN2",10,31,937.77,0,159.68,30.57,NA,5.85,20.37,27.14,580.99,13.23,3.41,3.46,0.88,54.84,48.74,655.48,24.69,26.53,9.79,157.86,144.21,13.65,0,29.8,0,0,0,0,68.41,39.94,62.32,146.38,68.52,0,12.45,23.13,50.6,154.7,NA,22.81,"Nodo 1 - Pies inventariados","IFN3",2003,32,537.59,0,0,12.46,NA,NA,17.18,21.92,382.63,12.02,3.37,3.41,0.37,60.58,54.82,278.8,35.9,38.57,11.93,57.75,51.93,5.81,NA,NA,0,0,0,0,15.38,5.8,30.58,53.39,24.68,0,4.37,8.59,18.66,56.28,NA,NA,NA,NA,NA,NA,0,0,0,NA,NA,NA,NA,NA
"126",127,128,128,"9_610","Nodo 3 - Pies inventariados","IFN2",10,45,701.96,0,86.57,36.25,NA,3.85,25.64,31.1,760.9,14.58,4.01,4.08,0.92,54.24,46.89,733.84,25.88,27.81,10.81,222.55,208.22,14.34,0,22.09,0,0,0,13.28,138.47,110.28,40.82,209.67,98.93,0,14.59,22.67,60,196.2,NA,15.9,"Nodo 1 - Pies inventariados","IFN3",2003,46,544.66,0,0,28.71,NA,NA,25.91,31.84,797.91,12.58,4.28,4.37,0.82,46.16,39.5,579.71,34.07,36.61,12.48,150.91,142.66,8.25,NA,NA,0,0,0,9.71,86.47,77.76,25.43,141.11,67.79,0,13.39,21.34,47.52,150.03,NA,NA,NA,NA,NA,NA,NA,NA,NA,NA,NA,NA,NA,NA
"127",128,129,129,"9_621","Nodo 3 - Pies inventariados","IFN2",10,35,1423.49,0,118.42,40.86,NA,3.69,19.12,22.65,402.79,9.42,3.24,3.28,1.2,50.73,41.62,890.06,28.12,30.22,7.12,179.93,163.12,16.81,0,15.71,0,0,0,0,53.06,0,86.79,164.55,77.5,0,18.19,36.67,67.63,199.99,NA,14.3,"Nodo 1 - Pies inventariados","IFN3",2003,36,930.17,0,0,27.69,NA,NA,19.47,23.12,420.05,11.34,3.42,3.46,0.88,52.26,49.08,600.48,28.9,31.06,11.33,127.56,115.56,12,NA,NA,0,0,0,0,45.13,2.46,58.9,117.04,54.9,0,17.3,46.17,45.83,164.2,NA,NA,NA,NA,NA,NA,NA,NA,NA,NA,1.07789112,31.83,0.2530485,32.4745575
"128",129,130,130,"9_68","Nodo 3 - Pies inventariados","IFN2",10,35,1085.69,0,194.42,29.29,NA,6.41,18.54,25.22,499.68,9.51,3.24,3.31,0.93,49,37.7,643.14,31.92,34.3,6.5,121.29,110.31,10.98,0,24.38,0,0,0,0,36.93,0,58.64,110.22,52.41,0,13.73,28.07,48.49,142.7,NA,25.22,"Nodo 1 - Pies inventariados","IFN3",2003,36,534.05,0,0,15.45,NA,NA,19.19,22.92,414.6,9.35,3.49,3.53,0.52,51.47,40.79,336.22,46.28,49.73,9.08,69.15,62.74,6.41,NA,NA,0,0,0,0,25,0,33.21,63.29,29.81,0,6.85,13.67,25.57,75.9,NA,NA,NA,NA,NA,NA,NA,NA,NA,NA,NA,NA,NA,NA
"129",130,131,131,"9_714","Nodo 3 - Pies inventariados","IFN2",10,37,1319.67,0,145.46,43.63,NA,5.55,20.52,27.43,591.22,12.69,3.33,3.37,1.18,54.97,46.29,933.89,21.68,23.3,8.67,223.95,204.25,19.7,0,26.98,0,0,0,0,94.35,28.82,90.11,208.08,97.04,0,17.87,33.16,72.22,220.3,NA,22.1,"Nodo 1 - Pies inventariados","IFN3",2003,38,859.44,0,0,27.24,NA,NA,20.09,26.38,551.38,11.27,3.46,3.51,0.83,52.08,42.72,586.1,30.27,32.53,11.23,129.38,118.03,11.34,NA,NA,0,0,0,0,53.56,9.64,54.98,119.14,56.08,0,11.78,22.51,45.09,135.46,NA,NA,NA,NA,NA,NA,NA,NA,NA,NA,NA,NA,NA,NA
"130",131,132,132,"9_72","Nodo 3 - Pies inventariados","IFN2",10,30,386.82,0,167.54,12.56,NA,5.78,20.34,27.57,598.07,8.17,3.83,3.96,0.48,36.13,29.63,269.5,62.24,66.88,4.19,41.63,38.98,2.65,0,17.71,0,0,0,0,13.63,0,14.32,37.66,18.52,0,7.66,15.47,20.8,62.45,NA,24.42,"Nodo 1 - Pies inventariados","IFN3",2003,31,106.1,0,0,3.93,NA,NA,21.71,21.36,382.32,7.35,4.29,4.42,0.16,34.6,34.4,82.88,132.09,141.94,7.26,13.42,12.67,0.75,NA,NA,0,0,0,0,5.32,0,3.99,12.19,6.02,0,2.44,4.76,6.5,19.71,NA,NA,NA,NA,NA,NA,NA,NA,NA,NA,NA,NA,NA,NA
"131",132,133,133,"9_76","Nodo 3 - Pies inventariados","IFN2",10,30,754.71,0,86.26,18.98,NA,1.86,17.89,19.85,309.57,8.75,3.33,3.34,0.66,46.77,44.05,420.31,41.62,44.73,5.75,72.67,65.52,7.14,0,6.51,0,0,0,0,6.5,0,45.07,65.28,31.13,0,9.05,19.74,31.41,91.33,NA,6.85,"Nodo 1 - Pies inventariados","IFN3",2003,31,763.94,0,0,14.56,NA,NA,15.58,20.22,321.5,9.12,3.39,3.41,0.44,55.35,45.12,333.87,39.65,42.61,8.93,46.87,42.3,4.57,NA,NA,0,0,0,0,4.31,0,27.11,42.14,20.1,0,5.83,12.69,20.04,58.66,NA,NA,NA,NA,NA,NA,NA,NA,NA,NA,NA,NA,NA,NA
"132",133,134,134,"9_77","Nodo 3 - Pies inventariados","IFN2",10,30,561.51,0,147.71,9.26,NA,2.42,14.49,17.01,227.19,7.25,2.88,2.89,0.37,46.77,42.61,216.18,58.23,62.58,4.5,29.65,26.17,3.48,0,7.17,0,0,0,0,0,0,22.31,25.83,12.43,0,4.55,11.69,15.33,43.99,NA,8.73,"Nodo 1 - Pies inventariados","IFN3",2003,31,222.82,0,0,2.84,NA,NA,12.74,14.42,165.62,6.96,2.67,2.7,0.13,45.94,48.27,68.5,96.26,103.44,5.78,8.25,7.21,1.04,NA,NA,0,0,0,0,0,0,5.7,7.02,3.42,0,1.43,4.11,4.7,13.68,NA,NA,NA,NA,NA,NA,NA,NA,NA,NA,NA,NA,NA,NA
"133",134,135,135,"9_903","Nodo 3 - Pies inventariados","IFN2",10,20,28.29,0,0,2.64,NA,0,34.45,33.44,932.02,12.33,8.15,8.15,0.07,36.88,36.88,49.58,152.47,163.84,10.75,9.62,9.71,-0.09,0,0,0,0,0,6.31,1.76,0,0,9.08,4.61,0.1,1.23,1.54,3.2,10.68,NA,0,"Nodo 1 - Pies inventariados","IFN3",2003,21,28.29,0,0,2.8,NA,NA,35.52,35.43,990.86,9.66,7.75,7.75,0.07,27.26,27.26,52.31,194.63,209.15,9.66,5.7,5.75,-0.05,NA,NA,0,0,0,2.82,1.69,0,0,5.27,2.73,0,1.27,1.83,2.64,8.47,NA,NA,NA,NA,NA,NA,NA,NA,NA,NA,NA,NA,NA,NA
"134",135,136,136,"9_904","Nodo 3 - Pies inventariados","IFN2",10,19,108.46,0,29.1,8.84,NA,2.02,32.22,31.8,837.73,10.04,5.95,6.14,0.32,32.21,31.56,169.07,95.68,102.82,7.16,36.06,35.48,0.59,0,7,0,0,0,8.35,17.58,12.75,2.92,33.39,16.86,0.57,6.17,9,14.64,47.24,NA,9.34,"Nodo 1 - Pies inventariados","IFN3",2003,20,408.29,0,0,11.42,NA,NA,18.87,29.23,709.38,7.22,6.03,6.26,0.19,33.86,24.72,249.54,68.51,73.62,7,13.69,13.66,0.03,NA,NA,0,0,0,1.53,3.76,0,1.13,12.37,6.49,0.31,4.59,7.36,7.97,26.71,NA,NA,NA,NA,NA,NA,NA,NA,NA,NA,NA,NA,NA,NA
"135",136,137,137,"9_919","Nodo 3 - Pies inventariados","IFN2",10,48,604.18,0,98.42,31.43,NA,4.25,25.74,31.78,796.03,14.06,4.1,4.17,0.82,53.48,44.24,635.68,28.93,31.09,10.5,190.29,178.19,12.1,0,23.75,0,0,0,13.95,120.8,105.26,34.11,179.52,84.66,0,12.86,20.03,52.03,169.58,NA,17.5,"Nodo 1 - Pies inventariados","IFN3",2003,49,848.83,0,0,34.12,NA,NA,22.62,32.02,808.62,14.94,4.15,4.25,0.57,58.25,46.64,712.67,22.98,24.69,14.79,110.94,104.58,6.36,NA,NA,0,0,0,14.51,62.42,56.31,19.65,103.72,49.69,0,11.41,25.1,32.93,119.13,NA,NA,NA,NA,NA,NA,NA,NA,NA,NA,0.86023758,31.83,0.305568,17.079978
"136",137,138,138,"9_924","Nodo 3 - Pies inventariados","IFN2",10,45,753.88,0,180.92,21.28,NA,6.52,18.96,26.32,543.9,9.44,3.36,3.49,0.72,44.94,35.86,464.63,38.59,41.47,6.25,84.81,78.04,6.77,0,24.41,0,0,0,0,38.53,0,30.53,76.91,37.08,0,10.7,21.68,35.23,104.69,NA,26.07,"Nodo 1 - Pies inventariados","IFN3",2003,46,519.91,0,0,10.5,NA,NA,16.03,22.29,395.27,7.47,2.99,3.17,0.41,39.59,33.53,238.94,58.68,63.05,7.52,33.67,30.83,2.84,NA,NA,0,0,0,0,9.52,0,13.51,29.65,14.65,0,6.08,14.48,17.37,52.58,NA,NA,NA,NA,NA,NA,NA,NA,NA,NA,NA,NA,NA,NA
"138",139,140,140,"9_959","Nodo 3 - Pies inventariados","IFN2",10,39,638.35,0,132.59,28.83,NA,5.06,23.98,31.71,790.38,14.96,3.76,3.91,0.77,55.65,47.19,593.49,26.45,28.42,11.62,175.35,164.09,11.26,0,28.24,0,0,0,22.97,104.28,83.47,33.31,164.54,77.96,0,11.61,18.4,47.72,155.69,NA,20.47,"Nodo 1 - Pies inventariados","IFN3",2003,40,820.53,0,0,27.18,NA,NA,20.54,33.35,877.2,14.75,3.65,3.9,0.5,46.77,44.22,581.65,23.67,25.44,14.73,103.05,97.33,5.72,NA,NA,0,0,0,14.69,61.55,55.32,13.65,96.69,46.24,0,8.67,17.81,29.14,101.87,NA,NA,NA,NA,NA,NA,NA,NA,NA,NA,1.86845283,190.98,0.1390971,NA
