"","X","PLOT_ID","Hoja_arboles.x","INVENTORY_ID_IFN2","Anho.x","T_IFN2","N_IFN2","N_muerto_IFN2","N_incorporado_IFN2","G_IFN2","G_muerta_IFN2","G_incorporada_IFN2","dg_IFN2","Do_IFN2","Seccion_dominante_IFN2","Ho_IFN2","d_copa_IFN2","Do_copa_IFN2","FCC_IFN2","Esbeltez.x","Esbeltez_dominante.x","SDI_IFN2","Hart_IFN2","Hart_tresbolillo_IFN2","SI_IFN2","VOB_IFN2","VUB_IFN2","VBARK_IFN2","V_muerto_IFN2","V_incorporado_IFN2","V_desenrollo.x","V_chapa.x","V_sierra_gruesa_IFN2","V_sierra_IFN2","V_sierra_canter_IFN2","V_postes.x","V_estacas.x","V_trituracion_IFN2","WSW_IFN2","WTHICKB_IFN2","WB2_7_IFN2","WTBL_IFN2","WR_IFN2","WT_IFN2","WT_muerta_IFN2","WT_incorporada_IFN2","Hoja_arboles.y","INVENTORY_ID_IFN3","Anho.y","T_IFN3","N_IFN3","N_muerto_IFN3.x","N_incorporado_IFN3.x","G_IFN3","G_muerta_IFN3.x","G_incorporada_IFN3.x","dg_IFN3","Do_IFN3","Seccion_dominante_IFN3","Ho_IFN3","d_copa_IFN3","Do_copa_IFN3","FCC_IFN3","Esbeltez.y","Esbeltez_dominante.y","SDI_IFN3","Hart_IFN3","Hart_tresbolillo_IFN3","SI_IFN3","VOB_IFN3","VUB_IFN3","VBARK_IFN3","V_muerto_IFN3.x","V_incorporado_IFN3.x","V_desenrollo.y","V_chapa.y","V_sierra_gruesa_IFN3","V_sierra_IFN3","V_sierra_canter_IFN3","V_postes.y","V_estacas.y","V_trituracion_IFN3","WSW_IFN3","WTHICKB_IFN3","WB2_7_IFN3","WTBL_IFN3","WR_IFN3","WT_IFN3","WT_muerta_IFN3.x","WT_incorporada_IFN3.x","G_incorporada_IFN3.y","N_incorporado_IFN3.y","V_incorporado_IFN3.y","WT_incorporada_IFN3.y","G_cortada_IFN3","N_cortado_IFN3","V_cortado_IFN3","WT_cortada_IFN3","G_muerta_IFN3.y","N_muerto_IFN3.y","V_muerto_IFN3.y","WT_muerta_IFN3.y"
"1",1,"40_1022","Nodo 3 - Pies inventariados","IFN2",10,35,1042.02,12.37,110.07,46.51,0.01,4.53,23.84,33.55,888.83,13.2,3.72,3.83,1.2,50.46,39.33,958.78,23.48,25.23,11.87,247.59,231.73,15.85,0.04,23.6,0,0,0,20.18,132.68,99.88,56.92,231.33,110.1,0,20.64,34.05,76.98,241.78,0.04,18.61,"Nodo 1 - Pies inventariados","IFN3",2004,37,802.85,0,0,32.94,NA,NA,22.85,34.35,935.28,14.53,3.5,3.7,0.86,58.33,42.29,686.19,24.29,26.1,14.44,196.56,183.4,13.16,NA,NA,0,0,0,26.65,96.65,75.22,49.12,184.45,87.14,0.02,13.34,21.2,54.52,176.22,NA,NA,NA,NA,NA,NA,NA,NA,NA,NA,0.61619697,31.83,3.6088854,3.0926028
"2",2,"40_1033","Nodo 3 - Pies inventariados","IFN2",10,35,1214.22,10.25,159.9,40.15,0,5.66,20.52,27.29,587.66,10.25,3.53,3.6,1.24,41.62,37.57,859.35,27.99,30.08,8.71,156.74,145.12,11.62,0.02,22.05,0,0,0,0,63.76,4.67,55.65,142.55,68.95,0,21.19,42.13,66.46,198.73,0.02,22.33,"Nodo 1 - Pies inventariados","IFN3",2004,37,700.28,0,0,22.43,NA,NA,20.19,26.48,555.81,11.66,3.48,3.54,0.69,55.19,44.04,482.01,32.4,34.82,11.47,113.31,103.28,10.03,NA,NA,0,0,0,2.26,44.83,12.33,46.44,104.8,49.07,0,9.32,17.43,37.13,112.95,NA,NA,NA,NA,NA,NA,0,0,0,NA,NA,NA,NA,NA
"3",3,"40_1062","Nodo 3 - Pies inventariados","IFN2",10,38,1153.37,8.07,142.85,29.13,0,4.12,17.93,24.41,468.11,8.25,3.32,3.38,1.04,36.14,33.81,644.79,35.68,38.34,6.87,86.55,79.46,7.09,0.02,12.88,0,0,0,0,14.56,0,44.08,75.87,37.75,0,17.79,40.76,48.21,144.52,0.02,16.07,"Nodo 1 - Pies inventariados","IFN3",2004,40,679.06,0,0,16.67,NA,NA,17.68,22.88,415.29,9.74,3.23,3.31,0.58,49.6,42.57,370.29,39.4,42.34,9.72,65.97,59.69,6.27,NA,NA,0,0,0,0,10.24,0,34.38,59.49,28.36,0,7.94,16.82,27.59,80.71,NA,NA,NA,NA,NA,NA,NA,NA,NA,NA,NA,NA,NA,NA
"4",4,"40_1089","Nodo 3 - Pies inventariados","IFN2",10,42,451.13,1.92,120.59,18.76,0,4.84,23.01,26.08,536,8.15,4.27,4.3,0.66,36.65,31.26,390.18,57.75,62.06,7.79,69.41,65.12,4.29,0.02,17.63,0,0,0,0,36.04,0,17.65,63.04,30.94,0,10.81,20.43,31.05,93.23,0.02,18.96,"Nodo 1 - Pies inventariados","IFN3",2004,44,275.87,0,0,10.5,NA,NA,22.02,24.85,491.34,10.52,4.07,4.12,0.33,47.26,42.33,220.88,57.25,61.52,10.59,42.58,39.4,3.18,NA,NA,0,0,0,0,21.57,2.71,14.08,39.34,18.72,0,4.41,8.02,15.42,46.57,NA,NA,NA,NA,NA,NA,NA,NA,NA,NA,NA,NA,NA,NA
"5",5,"40_1141","Nodo 3 - Pies inventariados","IFN2",10,29,925.01,5.82,103.23,41.11,0,4.48,23.79,29.13,667.37,11.36,3.91,3.96,1.14,46.88,39.02,847.93,28.93,31.09,10.19,201.46,187.69,13.77,0.02,21.27,0,0,0,0,118.27,46.94,47.56,187.21,89.18,0,19.05,32.87,68.04,209.14,0.02,18.1,"Nodo 1 - Pies inventariados","IFN3",2004,31,650.77,0,0,29.92,NA,NA,24.19,31.2,766.88,14.38,3.85,3.91,0.78,58.3,46.09,614.53,27.26,29.29,14.51,187.56,173.81,13.75,NA,NA,0,0,0,14.03,113.51,88.49,43.08,176.7,82.58,0,11.44,18.24,49.52,161.78,NA,NA,NA,NA,NA,NA,NA,NA,NA,NA,NA,NA,NA,NA
"6",6,"40_1145","Nodo 3 - Pies inventariados","IFN2",10,38,517.47,3.02,74.86,28.67,0,3.56,26.56,33.65,892.84,10.96,4.5,4.58,0.85,41.77,32.58,575.35,40.1,43.09,9.81,136.17,129.43,6.74,0.03,16.62,0,0,0,12.23,80.02,36.58,21.83,126.45,61.5,0,14.81,23.86,47.46,147.63,0.03,14.58,"Nodo 1 - Pies inventariados","IFN3",2004,40,205.13,0,0,12.58,NA,NA,27.95,32.66,846.96,12.25,4.83,4.97,0.4,45.92,37.49,249.31,57.02,61.27,12.48,68.09,64.98,3.11,NA,NA,0,0,0,17.6,35.88,32.79,10.02,63.8,30.87,0,6.11,9.15,20.83,66.96,NA,NA,NA,NA,NA,NA,0,0,0,NA,NA,NA,NA,NA
"7",7,"40_1396","Nodo 3 - Pies inventariados","IFN2",10,28,29.31,0.12,0,4.02,0,0,41.79,40.55,1371.9,8.82,8.1,8.33,0.16,21.76,21.76,72.03,209.39,225.01,8.12,14.88,15.37,-0.49,0.01,0,0,0,0,8.64,2.14,0,0.32,13.7,7.3,1.07,3.47,4.53,6.65,23.03,0.02,0,"Nodo 1 - Pies inventariados","IFN3",2004,30,10.19,0,0,2.4,NA,NA,54.73,54.69,2352.43,9.96,11.05,11.06,0.1,18.21,18.21,40.13,314.64,338.1,9.96,9.25,9.83,-0.57,NA,NA,0,0,2.2,6.84,0,0,0,8.62,4.67,1.29,2.23,2.54,3.97,14.7,NA,NA,NA,NA,NA,NA,0,0,0,NA,NA,NA,NA,NA
"8",8,"40_1808","Nodo 3 - Pies inventariados","IFN2",10,35,2524.58,26.04,131.46,45.23,0.01,2.32,15.1,20.45,328.96,7.87,2.71,2.76,1.51,44.27,38.47,1045.09,25.3,27.19,7,141.22,125.86,15.36,0.02,7.15,0,0,0,0,6.35,0,95.42,122.45,59.8,0,23.67,59.23,74.86,217.57,0.04,8.22,"Nodo 1 - Pies inventariados","IFN3",2004,37,1114.08,0,0,18.99,NA,NA,14.73,20.88,343.18,10.24,2.7,2.78,0.68,47.7,49.04,441.63,29.26,31.44,10.19,70.16,62.74,7.43,NA,NA,0,0,0,0,12.61,0,39.15,62.29,29.81,0,9.37,24.25,31.44,94.87,NA,NA,NA,NA,NA,NA,0,0,0,NA,NA,NA,NA,NA
"9",9,"42_1194","Nodo 3 - Pies inventariados","IFN2",10,32,1158.27,8.61,180.11,25.62,0,4.61,16.78,23.48,433.17,9.19,3.07,3.13,0.89,43.58,39.14,576.61,31.97,34.35,7.87,87.92,79.57,8.34,0.02,16.85,0,0,0,0,14.84,0,48.39,78,37.81,0,13.27,30.41,42.41,123.9,0.02,17.1,"Nodo 1 - Pies inventariados","IFN3",2004,34,1779,0,0,21.71,NA,NA,12.47,21.16,354.82,10.76,2.64,2.73,0.44,68.36,50.87,526.33,22.03,23.67,10.66,62.98,55.5,7.48,NA,NA,0,0,0,0,12.23,0,39.86,56.66,26.37,0,5.17,11.38,22.46,65.38,NA,NA,NA,NA,NA,NA,NA,NA,NA,NA,NA,NA,NA,NA
"10",10,"42_124","Nodo 3 - Pies inventariados","IFN2",10,22,270.23,1.12,80.36,6.99,0,1.77,18.15,18.82,278.21,6.53,3.69,3.69,0.29,34.91,34.72,154.32,93.09,100.03,5.87,20.02,18.3,1.71,0.01,5.01,0,0,0,0,0,0,12.67,17.69,8.7,0,4.3,10,11.57,34.57,0.01,6.35,"Nodo 1 - Pies inventariados","IFN3",2004,24,222.82,0,0,6.45,NA,NA,19.2,20.71,337.67,10.14,3.69,3.7,0.24,51.71,48.99,140.39,66.04,70.97,10.04,29.26,26.48,2.78,NA,NA,0,0,0,0,6.64,0,14.77,26.76,12.58,0,2.77,5.57,10.68,31.6,NA,NA,NA,NA,NA,NA,NA,NA,NA,NA,NA,NA,NA,NA
"11",11,"42_586","Nodo 3 - Pies inventariados","IFN2",10,28,862.09,5.11,135.08,15.46,0.01,2.2,15.11,18.25,262.14,5.75,3.01,3.03,0.62,34.96,31.51,357.18,59.21,63.63,5.07,37.61,33.8,3.81,0.01,5.28,0,0,0,0,0,0,27.8,31.16,16.06,0,9.87,26.35,25.59,77.87,0.03,7.92,"Nodo 1 - Pies inventariados","IFN3",2004,30,254.65,0,0,5.02,NA,NA,15.84,18.17,259.85,8.19,3.17,3.2,0.2,48.31,45.05,114.61,76.55,82.26,8.02,17.96,16,1.95,NA,NA,0,0,0,0,0,0,12.55,15.95,7.6,0,2.38,5.62,8.31,23.91,NA,NA,NA,NA,NA,NA,NA,NA,NA,NA,NA,NA,NA,NA
"14",14,"42_828","Nodo 3 - Pies inventariados","IFN2",10,30,474.75,2.88,95.65,6.46,0,1.4,13.16,14.65,168.47,4.96,2.75,2.76,0.28,35.71,33.88,154.42,92.49,99.38,4.5,14.25,12.59,1.66,0.02,3.14,0,0,0,0,0,0,10.42,11.31,5.98,0,4.1,12.2,10.69,32.97,0.04,4.92,"Nodo 1 - Pies inventariados","IFN3",2004,32,286.48,0,0,3.39,NA,NA,12.28,13.01,135.06,7.49,2.51,2.53,0.14,61.96,57.6,82.53,78.85,84.73,7.43,12.42,10.62,1.8,NA,NA,0,0,0,0,0,0,8.96,10.59,5.05,0,1.34,3.65,5.61,15.65,NA,NA,NA,NA,NA,NA,NA,NA,NA,NA,NA,NA,NA,NA
"15",15,"5_1030","Nodo 3 - Pies inventariados","IFN2",10,29,1064.74,8.74,153.93,32.73,0,6.09,19.78,28.83,657.71,8.6,3.5,3.61,1.09,38.69,29.82,706.95,35.65,38.3,7.3,112.1,104.1,7.99,0.03,21.39,0,0,0,0,38.24,0,41.4,100.25,49.46,0,19.02,38.91,54.18,161.57,0.03,24.76,"Nodo 1 - Pies inventariados","IFN3",2002,29,1174.21,0,0,37.3,NA,NA,20.11,29.7,697.13,13.31,3.1,3.29,1,60.8,44.81,802.34,21.93,23.56,13.41,211.15,193.94,17.22,NA,NA,0,0,0,4.96,114.83,80.24,61.41,196.6,92.15,0,14.81,25.96,61.74,194.66,NA,NA,16.17930733,509.34,95.059489,85.4584492,NA,NA,NA,NA,2.58045736,187.45,14.1174169,12.8225831
"16",16,"5_1035","Nodo 3 - Pies inventariados","IFN2",10,45,564.57,4.25,70.13,32.75,0,3.32,27.18,37.36,1099.27,11.49,4.52,4.65,0.96,39.41,30.76,653.48,36.62,39.35,10.12,151.25,145.16,6.09,0.03,14.81,0,0,0,30.09,72.56,38.09,24.11,140.49,68.97,0.04,17.87,28.32,54.22,169.42,0.03,13.71,"Nodo 1 - Pies inventariados","IFN3",2002,45,611.86,0,0,37.29,NA,NA,27.85,38.41,1165.17,14.66,4.3,4.44,0.95,50.04,38.16,739.31,27.58,29.64,14.66,222.62,211.99,10.63,NA,NA,0,0,0,57.57,116.06,93.03,32.08,209.64,100.72,0.21,16.62,24.29,61.71,203.55,NA,NA,8.89629855,187.48,52.4556245,47.40466,NA,NA,NA,NA,0.7198105,14.15,4.3727745,3.8608275
"17",17,"5_1037","Nodo 3 - Pies inventariados","IFN2",10,30,1761.48,14.86,121.13,37.58,0.01,2.17,16.48,21.99,379.79,6.94,3.02,3.07,1.3,38.46,31.59,849.7,34.31,36.87,6.37,110.59,100.16,10.43,0.02,6.22,0,0,0,0,8.86,0,67.06,95.79,47.59,0,21.78,52.67,62.21,184.25,0.04,7.87,"Nodo 1 - Pies inventariados","IFN3",2002,30,594.18,0,0,16.03,NA,NA,18.53,23.05,417.68,8.89,3.45,3.52,0.58,42.5,38.55,351.9,46.17,49.61,8.89,58.36,53.38,4.98,NA,NA,0,0,0,0,13.5,0,26.84,52.64,25.36,0,8.45,18.05,26.53,78.4,NA,NA,3.67796746,102.58,13.9943978,18.228563,0,0,0,NA,NA,NA,NA,NA
"18",18,"5_390","Nodo 3 - Pies inventariados","IFN2",10,20,355.83,1.87,103.05,4.84,0,1.4,13.15,13.8,149.54,4.96,2.77,2.78,0.22,37.76,35.91,115.68,106.99,114.96,4.5,11.24,9.89,1.35,0.02,3.22,0,0,0,0,0,0,8.36,8.77,4.7,0,2.93,8.61,8,24.24,0.04,4.73,"Nodo 1 - Pies inventariados","IFN3",2002,20,1559.72,0,0,13.11,NA,NA,10.35,15.65,194.37,5.64,2.06,2.11,0.55,45.87,36.03,333.05,44.92,48.27,5.5,30.45,26.12,4.33,NA,NA,0,0,0,0,0,0,17.6,22.61,12.41,0,7.18,23.73,21.7,65.03,NA,NA,11.55559503,1400.52,26.4185817,57.5737857,NA,NA,NA,NA,NA,NA,NA,NA
"19",19,"5_614","Nodo 3 - Pies inventariados","IFN2",10,25,945.01,6.44,92.02,23,0,1.89,17.6,21.52,364.17,7.5,3.32,3.35,0.83,38.68,34.85,511.46,43.37,46.61,7.53,71.64,65.19,6.45,0.01,5.73,0,0,0,0,6.94,0,40.93,63.14,30.97,0,13.07,30.11,38.07,112.22,0.01,6.76,"Nodo 1 - Pies inventariados","IFN3",2002,25,1106.59,0,0,20.81,NA,NA,15.48,25.63,575.28,9.81,2.63,2.71,0.57,49.39,38.27,478.04,30.65,32.94,9.59,53.3,47.15,6.15,NA,NA,0,0,0,0,4.14,0,35.17,46.56,22.4,0,7.47,18.54,25.92,74.34,NA,NA,2.40233742,254.64,6.2364519,NA,NA,NA,NA,NA,NA,NA,NA,NA
"20",20,"5_615","Nodo 3 - Pies inventariados","IFN2",10,30,1311.95,13.48,144.13,42.76,0,5.66,20.37,31.96,808.42,8.17,3.56,3.69,1.4,35.05,25.57,916.81,33.79,36.31,6.65,135.18,126.66,8.52,0.02,17.61,0,0,0,6.87,42.07,0,48.46,120.04,60.18,0,27.48,56.02,70.77,214.45,0.03,23.8,"Nodo 1 - Pies inventariados","IFN3",2002,30,548.2,0,0,30.22,NA,NA,26.49,36.56,1063.72,11.06,4.45,4.59,0.91,40.03,30.25,606.8,38.61,41.49,10.94,137.59,131.66,5.93,NA,NA,0,0,0,25.35,69.72,27.72,23.68,127.54,62.56,0.23,16.56,26.58,50.02,155.95,NA,NA,6.27488825,113.2,29.440773,32.14597,0,0,0,NA,0.92638032,31.83,4.1296242,4.5236796
"21",21,"5_667","Nodo 3 - Pies inventariados","IFN2",10,30,292.13,1.15,91.69,14.29,0,4.16,24.96,29.58,692.51,7.88,4.75,4.82,0.53,29.97,26.65,291.32,74.21,79.74,7.35,46.45,44.52,1.93,0.01,13.22,0,0,0,0,20.39,0,9.33,41.87,21.15,0,9.83,18.15,23.66,72.79,0.03,16.9,"Nodo 1 - Pies inventariados","IFN3",2002,30,102.57,0,0,6.73,NA,NA,28.9,28.33,665.39,8.81,5.49,5.64,0.26,31.16,31.09,132.21,112.09,120.45,8.76,25.85,25.2,0.65,NA,NA,0,0,0,5.08,12.91,3.19,2.9,23.74,11.97,0.01,4.49,7.22,11.14,34.82,NA,NA,0.93602481,31.83,2.8538778,4.6118487,0,0,0,NA,NA,NA,NA,NA
"22",22,"5_669","Nodo 3 - Pies inventariados","IFN2",10,25,782.02,4.62,118.19,17.11,0.01,2.17,16.69,20.8,340,6.19,3.3,3.34,0.69,30.72,29.77,385.64,57.75,62.06,5.37,40.16,36.77,3.39,0.02,4.97,0,0,0,0,2.34,0,22.7,34.2,17.47,0,12.16,30.92,28.32,88.87,0.03,8.26,"Nodo 1 - Pies inventariados","IFN3",2002,25,845.29,0,0,21.58,NA,NA,18.03,25,494.37,8.81,3.29,3.39,0.76,42.48,35.26,477.15,39.02,41.93,8.81,75.29,68.89,6.4,NA,NA,0,0,0,0,18.23,0,36.6,67.05,32.73,0,11.85,25.83,35.73,106.14,NA,NA,11.80305444,498.69,41.8477388,57.4653083,NA,NA,NA,NA,NA,NA,NA,NA
"23",23,"5_670","Nodo 3 - Pies inventariados","IFN2",10,25,1021.96,6.68,137.37,17.79,0,2.36,14.89,20.14,319.42,5.86,2.97,3.01,0.73,30.98,29.08,412.53,53.4,57.38,4.87,38,34.36,3.63,0.02,5.08,0,0,0,0,0,0,22.14,31.07,16.33,0,12.84,35.74,29.44,94.35,0.03,9.11,"Nodo 1 - Pies inventariados","IFN3",2002,25,880.66,0,0,21.19,NA,NA,17.5,23.61,438.71,8.37,3.28,3.35,0.77,38.64,35.45,471.95,40.26,43.26,8.35,66,60.31,5.69,NA,NA,0,0,0,0,11.64,0,34.8,58.17,28.66,0,12.43,28.58,35.08,104.75,NA,NA,13.10060759,615.39,38.5703412,64.9118953,NA,NA,NA,NA,NA,NA,NA,NA
"24",24,"5_672","Nodo 3 - Pies inventariados","IFN2",10,30,134.87,0.58,18.74,10.78,0,1.11,31.91,34.04,929.74,8.21,6.04,6.17,0.4,26.29,24.12,206.67,104.88,112.7,7.5,36.84,36.52,0.32,0.02,3.68,0,0,0,6.89,16.61,0,2.77,33.65,17.35,0.12,8.31,12.95,17.85,56.59,0.03,4.68,"Nodo 1 - Pies inventariados","IFN3",2002,30,254.22,0,0,9.07,NA,NA,21.31,31.05,789.1,10.07,6,6.1,0.28,39.64,32.43,192.21,62.29,66.94,9.63,33.23,32.63,0.59,NA,NA,0,0,0,11.8,16.87,9.76,2.38,30.81,15.5,0.28,4.99,7.36,12.88,41.01,NA,NA,2.07759704,173.3,4.1758065,NA,NA,NA,NA,NA,NA,NA,NA,NA
"25",25,"5_707","Nodo 3 - Pies inventariados","IFN2",10,28,981.94,6.18,132.22,36.34,0,5.17,21.71,27.31,587.44,10.06,3.78,3.83,1.13,40.31,36.84,766.87,31.73,34.09,8.59,142.37,132.44,9.93,0.02,20.36,0,0,0,0,58.73,9.03,47.36,129.55,62.93,0,19.34,37.21,60.15,179.63,0.02,20.46,"Nodo 1 - Pies inventariados","IFN3",2002,28,901.88,0,0,36.64,NA,NA,22.74,30.35,726.55,14.07,3.59,3.66,0.95,57.06,46.36,764.21,23.66,25.43,14.07,217.05,200.37,16.68,NA,NA,0,0,0,5.22,123.83,92.89,58.48,203.39,95.2,0,14.28,24.02,60.64,194.14,NA,NA,12.56949364,258.23,77.0454149,67.6566257,NA,NA,NA,NA,NA,NA,NA,NA
"26",26,"5_708","Nodo 3 - Pies inventariados","IFN2",10,41,1050.17,7.72,127.72,39.47,0,5.07,21.88,28.91,657.15,9.23,3.78,3.85,1.22,38.95,31.94,831.42,33.42,35.92,7.97,149.61,139.81,9.8,0.02,18.95,0,0,0,0,64.09,0,46.59,136.1,66.43,0,21.94,41.91,65.34,195.61,0.02,20.33,"Nodo 1 - Pies inventariados","IFN3",2002,41,838.22,0,0,27.57,NA,NA,20.47,27.18,581.98,10.61,3.55,3.64,0.87,46.71,39.03,590.54,32.57,34.99,10.51,119.16,109.79,9.37,NA,NA,0,0,0,0,54.25,9.33,42.4,109.41,52.17,0,13.4,25.88,45.64,137.09,NA,NA,5.43546873,145.03,23.9530136,27.2325316,NA,NA,NA,NA,0.45561462,31.83,1.9693221,2.1316551
"27",27,"5_721","Nodo 3 - Pies inventariados","IFN2",10,20,97.64,0.24,66.04,2.9,0,1.68,19.45,19.45,297.16,5.46,4.16,4.16,0.13,28.07,28.07,62.93,185.37,199.19,5,7.03,6.54,0.49,0.01,4.03,0,0,0,0,0,0,2.73,6.02,3.11,0,2.14,4.99,4.8,15.04,0.03,6.41,"Nodo 1 - Pies inventariados","IFN3",2002,20,1460.69,0,0,24.05,NA,NA,14.48,21.33,360.37,7.42,2.68,2.74,0.86,48.47,34.77,561.53,35.28,37.91,7.37,77.76,68.91,8.85,NA,NA,0,0,0,0,2.45,0,51.25,67.34,32.74,0,12.1,30.14,39.8,114.78,NA,NA,23.34452537,1446.5,75.076113,111.2700222,NA,NA,NA,NA,NA,NA,NA,NA
"28",28,"5_724","Nodo 3 - Pies inventariados","IFN2",10,28,1158.1,9.99,153.03,37.24,0.01,5.84,20.24,28.59,644.22,10.45,3.43,3.5,1.12,46.45,36.56,799.92,28.11,30.21,9.87,160.86,148.2,12.67,0.05,25.57,0,0,0,0,68.84,19.86,59.91,147.22,70.41,0,17.85,34.57,61.65,184.47,0.06,23.19,"Nodo 1 - Pies inventariados","IFN3",2002,28,739.19,0,0,28.1,NA,NA,22,29.49,686.92,12.73,3.67,3.76,0.82,51.15,43.17,591.04,28.9,31.05,12.71,144.29,133.61,10.68,NA,NA,0,0,0,6.9,78.61,42.53,40.74,134.3,63.48,0,12.23,21.61,46.51,143.83,NA,NA,8.00721665,205.16,40.9927063,41.0063552,NA,NA,NA,NA,NA,NA,NA,NA
"29",29,"5_725","Nodo 3 - Pies inventariados","IFN2",10,29,555.32,2.89,105.5,24.26,0,4.6,23.58,30.2,721.79,9.48,4.29,4.34,0.82,34.44,31.38,501.45,44.77,48.11,8.26,87.55,82.9,4.65,0.02,16.66,0,0,0,3.55,44.69,4.55,20.12,79.49,39.39,0,14.68,27.44,40.15,121.66,0.03,18.49,"Nodo 1 - Pies inventariados","IFN3",2002,29,509.3,0,0,28.09,NA,NA,26.5,34.06,920.1,13.17,4.39,4.48,0.8,44.05,38.67,563.96,33.65,36.16,13.3,149.05,141.65,7.4,NA,NA,0,0,0,23.52,85.45,75.28,21.58,139.88,67.3,0.1,13.96,23.16,46.49,151.01,NA,NA,11.96337369,215.78,62.6848226,62.6916841,NA,NA,NA,NA,NA,NA,NA,NA
"30",30,"5_733","Nodo 3 - Pies inventariados","IFN2",10,36,1391.58,11.97,102.02,62.88,0,4.32,23.99,31.27,768.81,12.31,3.77,3.81,1.59,46.2,39.38,1294.32,21.77,23.4,10.81,310.92,290.45,20.47,0.03,20.91,0,0,0,9.96,181.64,125.53,69.68,289.23,138,0,29.17,50.21,104.08,321.46,0.03,17.75,"Nodo 1 - Pies inventariados","IFN3",2002,36,912.49,0,0,45.49,NA,NA,25.19,33.22,869.71,14.42,3.84,3.91,1.1,55.78,43.4,924.9,22.96,24.67,14.47,281.71,262.84,18.87,NA,NA,0,0,0,20.16,175.52,139.34,53.91,265.41,124.88,0,18.04,28.15,75.29,246.36,NA,NA,10.4688492,198.1,63.708111,56.433313,0,0,0,NA,NA,NA,NA,NA
"31",31,"5_980","Nodo 3 - Pies inventariados","IFN2",10,30,86.04,0.21,54.41,2.86,0,1.57,20.57,20.57,332.37,4.91,4.43,4.43,0.13,23.89,23.89,61.16,219.37,235.73,4.5,6.15,5.8,0.35,0.01,3.34,0,0,0,0,0,0,2.27,5.36,2.76,0,2.42,5.62,4.73,15.53,0.03,6.46,"Nodo 1 - Pies inventariados","IFN3",2002,30,14.15,0,0,0.86,NA,NA,27.8,27.8,606.99,6.5,6.14,6.14,0.04,23.38,23.38,17.04,409.03,439.53,6.5,2.36,2.3,0.06,NA,NA,0,0,0,0,1.35,0,0.32,2.08,1.09,0,0.71,1.3,1.42,4.52,NA,NA,NA,NA,NA,NA,NA,NA,NA,NA,NA,NA,NA,NA
"32",32,"5_984","Nodo 3 - Pies inventariados","IFN2",10,30,741.85,4.07,116.37,29.63,0,4.92,22.55,28.63,646.93,8.98,4.05,4.1,0.98,35.97,31.36,619.4,40.9,43.94,7.93,106.67,100.15,6.52,0.02,17.77,0,0,0,0,46.9,0,30.59,96.36,47.59,0,17.4,33.43,49.05,147.46,0.02,19.79,"Nodo 1 - Pies inventariados","IFN3",2002,30,484.54,0,0,20.13,NA,NA,23,29.49,685,10,4.15,4.22,0.68,38.99,33.92,418.74,45.43,48.82,10,80.47,75.61,4.85,NA,NA,0,0,0,2.25,39.7,12.83,21.47,73.49,35.93,0,11.01,20.24,33.32,100.49,NA,NA,4.50622315,84.9,19.06854,22.7810755,0,0,0,NA,NA,NA,NA,NA
"33",33,"5_995","Nodo 3 - Pies inventariados","IFN2",10,30,1112.66,8.77,170.04,35.63,0,5.83,20.19,27.38,592.78,7.97,3.64,3.74,1.22,33.31,29.1,765.66,37.62,40.42,6.59,107.4,100.48,6.92,0.02,17.83,0,0,0,0,45.17,0,35.63,94.9,47.74,0,23.41,49.6,58.97,179.73,0.02,23.75,"Nodo 1 - Pies inventariados","IFN3",2002,30,820.53,0,0,27.8,NA,NA,20.77,28.53,643.58,9.21,3.61,3.76,0.91,40.75,32.28,593.2,37.92,40.74,9.12,106.24,99.11,7.13,NA,NA,0,0,0,2.42,47.47,3.34,31.8,96.26,47.09,0,15.25,29.36,46.01,137.72,NA,NA,8.8990482,183.95,34.251773,44.5664155,NA,NA,NA,NA,NA,NA,NA,NA
"34",34,"9_1043","Nodo 3 - Pies inventariados","IFN2",10,34,388.93,1.47,121.6,15.69,0,4.91,22.67,26.35,548.93,6.37,4.47,4.51,0.62,24.81,24.19,327.61,79.55,85.48,5.34,38.93,37.18,1.75,0.01,12.41,0,0,0,0,12.35,0,9.98,34.13,17.67,0,12.68,26.76,25.97,83.08,0.03,20.9,"Nodo 1 - Pies inventariados","IFN3",2003,35,198.06,0,0,7.68,NA,NA,22.23,24.94,497,9.06,4.22,4.29,0.29,42.22,36.32,161.2,78.45,84.3,9.02,31.48,29.34,2.15,NA,NA,0,0,0,0,15.05,0,10.81,28.76,13.94,0,4.06,7.53,12.72,38.25,NA,NA,NA,NA,NA,NA,NA,NA,NA,NA,NA,NA,NA,NA
"35",35,"9_1095","Nodo 3 - Pies inventariados","IFN2",10,29,1490.41,10.15,163.66,34.97,0,4.24,17.28,22.56,399.69,8.74,3.11,3.15,1.16,43.34,38.74,781.2,29.65,31.86,7.25,120.7,109.1,11.6,0.01,15.38,0,0,0,0,11.41,0,74.37,107.63,51.84,0,18.1,41.11,57.88,168.92,0.02,15.93,"Nodo 1 - Pies inventariados","IFN3",2003,30,937.25,0,0,21.58,NA,NA,17.12,21.37,359.67,10.07,3.08,3.13,0.72,52.67,47.15,483.23,32.43,34.84,10.04,90.37,80.98,9.39,NA,NA,0,0,0,0,10.61,2.47,54.94,81.81,38.48,0,9.44,20.44,35.72,104.07,NA,NA,NA,NA,NA,NA,NA,NA,NA,NA,NA,NA,NA,NA
"36",36,"9_1133","Nodo 3 - Pies inventariados","IFN2",10,41,3073.41,58.7,189.51,84.31,0,6.28,18.69,26.99,574.23,12.98,2.75,2.82,1.92,65.37,48.09,1847.22,13.9,14.94,11.42,473.45,425.18,48.26,0.03,34.86,0,0,0,0,158.75,88.46,228.7,438.97,202.02,0,30.49,57.68,139.56,429.75,0.03,25.65,"Nodo 1 - Pies inventariados","IFN3",2003,42,873.58,0,0,25.25,NA,NA,19.18,26.55,557.3,13.9,3.41,3.45,0.82,53.41,52.37,549.53,24.34,26.15,13.82,131.44,119.19,12.25,NA,NA,0,0,0,2.4,59.66,34.37,52.11,121.3,56.63,0,18.56,59.04,41.79,176.02,NA,NA,NA,NA,NA,NA,0,0,0,NA,3.78608301,222.81,1.5695373,63.4114077
"37",37,"9_1204","Nodo 3 - Pies inventariados","IFN2",10,25,1793,13.18,246.46,37.79,0,7.19,16.38,25.29,502.15,5.61,3.07,3.13,1.38,33.35,22.18,855.57,42.1,45.24,5.12,92.9,84.78,8.12,0.02,16.98,0,0,0,0,11.1,0,58.32,78.4,40.28,0,25.73,63.88,62.54,192.44,0.05,30.54,"Nodo 1 - Pies inventariados","IFN3",2003,26,746.26,0,0,14.85,NA,NA,15.92,21.69,372.08,10.27,2.86,2.96,0.51,58.96,47.36,338.6,35.63,38.29,10.23,65.25,58.11,7.14,NA,NA,0,0,0,0,16.85,0,37.36,59.09,27.61,0,6.12,13.32,24.57,71.63,NA,NA,NA,NA,NA,NA,0,0,0,NA,NA,NA,NA,NA
"38",38,"9_1226","Nodo 3 - Pies inventariados","IFN2",10,25,1013.35,6.93,129.01,19,0,2.22,15.45,19.3,292.88,7.73,2.94,2.97,0.7,44.76,40.07,436.48,40.63,43.66,7.25,61.66,54.98,6.69,0.02,7.26,0,0,0,0,2.33,0,43.54,54.08,26.12,0,9.7,23.92,31.44,91.18,0.02,7.55,"Nodo 1 - Pies inventariados","IFN3",2003,26,1527.89,0,0,20.07,NA,NA,12.93,19.67,304.94,11.57,2.53,2.6,0.37,77.76,58.82,482.05,22.11,23.76,11.41,56.98,49.76,7.22,NA,NA,0,0,0,0,4.52,0,39.07,51.28,23.64,0,4,8.98,19,55.62,NA,NA,NA,NA,NA,NA,NA,NA,NA,NA,NA,NA,NA,NA
"39",39,"9_1227","Nodo 3 - Pies inventariados","IFN2",10,25,995.76,6.2,110.69,21.82,0,2.09,16.71,19.87,310.13,8.35,3.16,3.18,0.79,41.64,42.03,491.76,37.95,40.78,7.25,70.29,63.32,6.97,0.01,6.6,0,0,0,0,2.27,0,45.11,62.34,30.08,0,11.67,27.66,36.12,105.53,0.02,7.25,"Nodo 1 - Pies inventariados","IFN3",2003,26,763.94,0,0,14.76,NA,NA,15.68,20.68,336.02,11.11,3.25,3.27,0.43,64.11,53.72,337.8,32.57,35,11.11,60.11,53.78,6.33,NA,NA,0,0,0,0,12.53,0,34.93,55.01,25.55,0,5.13,10.67,21.05,62.4,NA,NA,NA,NA,NA,NA,NA,NA,NA,NA,NA,NA,NA,NA
"40",40,"9_1231","Nodo 3 - Pies inventariados","IFN2",10,30,1162.3,8.16,120.04,25.97,0,2.25,16.87,21.07,348.98,8.92,3.12,3.15,0.9,43.33,42.36,583.83,32.87,35.32,7.75,88.59,79.88,8.71,0.02,7.52,0,0,0,0,9.19,0,54.19,77.95,37.95,0,13.37,31.03,42.99,125.34,0.02,7.9,"Nodo 1 - Pies inventariados","IFN3",2003,31,2146.82,0,0,27.87,NA,NA,12.86,21.21,354.18,11.61,2.76,2.85,0.48,78.38,54.74,670.47,18.59,19.97,11.65,76.93,68.39,8.55,NA,NA,0,0,0,0,18.87,0,42.89,70.34,32.49,0,5.77,12.14,25.59,76.01,NA,NA,NA,NA,NA,NA,NA,NA,NA,NA,NA,NA,NA,NA
"41",41,"9_1232","Nodo 3 - Pies inventariados","IFN2",10,25,1273.14,8.34,135.56,24.53,0.01,2.27,15.66,18.69,274.36,6.5,3.01,3.04,0.92,37.25,34.77,561.64,43.12,46.34,5.87,66.29,59.62,6.67,0.01,6.04,0,0,0,0,0,0,45.83,56.45,28.33,0,14.76,37.87,40.6,121.56,0.03,8.11,"Nodo 1 - Pies inventariados","IFN3",2003,26,795.77,0,0,13.21,NA,NA,14.54,19.31,293.04,9.15,2.69,2.75,0.46,58.43,47.4,308.24,38.72,41.61,9.24,51.58,45.39,6.2,NA,NA,0,0,0,0,5.6,0,34.95,45.86,21.56,0,5.2,12.31,20.93,60,NA,NA,NA,NA,NA,NA,NA,NA,NA,NA,NA,NA,NA,NA
"42",42,"9_1234","Nodo 3 - Pies inventariados","IFN2",10,30,929.91,6.45,140.58,24.44,0,4.11,18.29,23.96,451.24,9.98,3.35,3.4,0.84,41.24,41.64,538.29,32.86,35.31,8.75,87.83,80.35,7.48,0.02,16.08,0,0,0,0,23.6,0,41.31,78.19,38.18,0,13.03,28.72,40.45,120.38,0.02,15.56,"Nodo 1 - Pies inventariados","IFN3",2003,31,1138.84,0,0,23.04,NA,NA,16.05,23.58,439.63,13.24,2.98,3.04,0.4,74.5,56.12,524.39,22.39,24.06,13.07,72.13,64.53,7.6,NA,NA,0,0,0,0,24.05,8.84,37.69,66.7,30.66,0,4.86,9.85,21.86,67.22,NA,NA,NA,NA,NA,NA,0,0,0,NA,NA,NA,NA,NA
"43",43,"9_1237","Nodo 3 - Pies inventariados","IFN2",10,35,1409.92,15.71,159.46,48.21,0,5.62,20.87,28.1,621.14,10.49,3.42,3.5,1.36,46.29,37.34,1027.61,25.38,27.28,9.82,214.37,198.23,16.14,0.03,25.01,0,0,0,0,99.66,49.81,69.13,196.74,94.19,0,23.01,43.5,79.8,240.5,0.03,22.29,"Nodo 1 - Pies inventariados","IFN3",2003,36,438.56,0,0,18.02,NA,NA,22.87,28.78,653.07,13.83,3.89,3.95,0.54,55.02,48.04,375.4,34.53,37.11,13.79,102.12,94.45,7.67,NA,NA,0,0,0,2.44,58.66,34.46,27.58,95.54,44.88,0,7.29,12.31,29.83,94.31,NA,NA,NA,NA,NA,NA,0,0,0,NA,NA,NA,NA,NA
"44",44,"9_1243","Nodo 3 - Pies inventariados","IFN2",10,30,1836.58,18.58,168.13,54.95,0,6.04,19.52,26.4,547.57,11.22,3.2,3.25,1.52,49.52,42.5,1190.91,20.8,22.35,9.62,245.98,224.39,21.59,0.05,27.79,0,0,0,0,93.38,24.92,105.77,225.78,106.62,0,25.23,50.9,90.96,273.7,0.05,24.1,"Nodo 1 - Pies inventariados","IFN3",2003,31,1308.61,0,0,35.15,NA,NA,18.49,24.93,489.39,15.36,3.01,3.05,0.86,73.48,61.59,772.16,18,19.34,15.35,226.56,202.75,23.8,NA,NA,0,0,0,0,102.57,62.1,101.55,212.21,96.34,0,10.91,19.76,56.9,183.91,NA,NA,NA,NA,NA,NA,0,0,0,NA,NA,NA,NA,NA
"45",45,"9_1244","Nodo 3 - Pies inventariados","IFN2",10,30,2387.03,25.08,120.27,50.07,0,2.2,16.34,21.86,375.38,10.31,2.76,2.8,1.46,53.62,47.15,1134.31,19.86,21.34,9,207.57,184.93,22.63,0.02,8.94,0,0,0,0,24.57,0,133.57,187.58,87.87,0,21.42,48.04,82.87,240.19,0.02,7.62,"Nodo 1 - Pies inventariados","IFN3",2003,31,1573.87,0,0,31.2,NA,NA,15.89,21.66,368.57,13.81,2.52,2.59,0.83,84.79,63.75,711.9,18.26,19.62,13.72,197.4,172.36,25.04,NA,NA,0,0,0,0,39.42,7.6,126.49,182.81,81.9,0,9.26,18.57,51.64,161.37,NA,NA,NA,NA,NA,NA,0,0,0,NA,NA,NA,NA,NA
"46",46,"9_1253","Nodo 3 - Pies inventariados","IFN2",10,30,1142.54,10.02,126.89,46.26,0,5.21,22.71,28.65,645.65,13.32,3.62,3.66,1.2,52.22,46.51,965.38,22.21,23.86,11.69,248.95,230.04,18.91,0.03,27.97,0,0,0,2.89,139.84,105.87,68.12,231.93,109.3,0,19.33,33.68,76.57,238.88,0.03,21.3,"Nodo 1 - Pies inventariados","IFN3",2003,31,827.61,0,0,21.45,NA,NA,18.17,27.92,614.01,15.97,3.62,3.66,0.47,69.8,57.2,473.36,21.76,23.39,15.8,110.49,100.99,9.49,NA,NA,0,0,0,2.22,59.39,29.46,35.04,103.91,47.99,0,6,10.08,28.21,92.27,NA,NA,NA,NA,NA,NA,0,0,0,NA,NA,NA,NA,NA
"47",47,"9_1254","Nodo 3 - Pies inventariados","IFN2",10,39,1932.67,39.14,157.44,63.29,0.01,5.77,20.42,29.21,671.32,14.16,3.06,3.14,1.5,59.19,48.49,1356.21,16.06,17.26,12.69,361.19,330.12,31.08,0.04,33.23,0,0,0,2.87,186.12,130.73,119.09,336.9,156.85,0,24.24,43.65,104.75,329.5,0.04,23.89,"Nodo 1 - Pies inventariados","IFN3",2003,40,710.89,0,0,29.8,NA,NA,23.1,29.9,703.46,18.13,3.49,3.55,0.67,75.16,60.62,619.09,20.69,22.23,18.02,226.29,206.6,19.68,NA,NA,0,0,0,11.54,135.43,109.6,59.66,214.58,98.16,0,8.99,13.89,48.01,169.06,NA,NA,NA,NA,NA,NA,0,0,0,NA,NA,NA,NA,NA
"48",48,"9_1255","Nodo 3 - Pies inventariados","IFN2",10,30,1080.52,8.21,183.31,28.77,0,6.62,18.41,27.96,615.93,8.09,3.33,3.43,1,38.05,28.93,632.6,37.61,40.41,6.63,93.31,86.11,7.2,0.02,22.08,0,0,0,0,25.45,0,40.73,83.36,40.91,0,16.82,36.53,47.61,141.88,0.04,26.65,"Nodo 1 - Pies inventariados","IFN3",2003,31,159.15,0,0,4.41,NA,NA,18.78,19.85,310.72,12.08,3.56,3.57,0.16,63.82,60.85,96.46,65.62,70.52,11.82,24.25,21.68,2.56,NA,NA,0,0,0,0,6.49,0,13.43,22.56,10.3,0,1.6,3.09,7.3,22.29,NA,NA,NA,NA,NA,NA,0,0,0,NA,NA,NA,NA,NA
"49",49,"9_1257","Nodo 3 - Pies inventariados","IFN2",10,25,2076.76,20.08,155.14,52.82,0,4.18,17.99,23.34,428.03,11.27,2.94,2.98,1.45,55.71,48.29,1168.12,19.47,20.92,10,245.64,220.69,24.95,0.03,20.18,0,0,0,0,66.72,8.89,134.54,224.82,104.86,0,21.65,44.45,87.42,258.38,0.02,15.99,"Nodo 1 - Pies inventariados","IFN3",2003,26,1602.16,0,0,35.78,NA,NA,16.86,23.18,423.28,13.47,2.78,2.83,1.01,68.94,58.11,804.28,18.54,19.93,13.49,205.89,182.26,23.63,NA,NA,0,0,0,0,58.55,13.46,121.06,190.37,86.6,0,16.7,50.38,59.22,212.9,NA,NA,NA,NA,NA,NA,NA,NA,NA,NA,1.83885093,190.98,0.595221,37.979556
"50",50,"9_1260","Nodo 3 - Pies inventariados","IFN2",10,25,2016.42,19.99,158.37,48.83,0,4.26,17.56,23.41,430.64,9.89,2.99,3.03,1.46,48.13,42.27,1086.67,22.51,24.19,8.77,192.78,174.1,18.69,0.02,17.42,0,0,0,0,45.45,0,108.21,173.1,82.72,0,22.82,49.51,80.83,235.88,0.02,16.14,"Nodo 1 - Pies inventariados","IFN3",2003,26,470.39,0,0,14.68,NA,NA,19.93,24.29,486.95,13.51,3.37,3.39,0.38,62.6,55.64,316.41,34.12,36.67,13.29,76.21,68.26,7.95,NA,NA,0,0,0,0,31.99,7.82,37.18,71.15,32.43,0,4.27,7.93,20.84,65.47,NA,NA,NA,NA,NA,NA,0,0,0,NA,0.53289786,31.83,0,NA
"51",51,"9_1278","Nodo 3 - Pies inventariados","IFN2",10,20,1175.01,6.72,163.14,18.64,0,2.29,14.21,15.41,186.5,4.47,2.85,2.86,0.76,33.72,29.04,437.25,65.19,70.05,4,41.33,36.87,4.46,0.02,4.98,0,0,0,0,0,0,27.33,33.92,17.52,0,12.38,35.37,30.85,96.11,0.05,8.43,"Nodo 1 - Pies inventariados","IFN3",2003,21,763.94,0,0,8.75,NA,NA,12.07,16.15,204.98,8.7,2.86,2.87,0.16,60.11,53.85,213.76,41.59,44.7,8.7,17.89,15.64,2.25,NA,NA,0,0,0,0,0,0,13.82,15.83,7.43,0,1.75,4.19,7.22,20.59,NA,NA,NA,NA,NA,NA,NA,NA,NA,NA,NA,NA,NA,NA
"52",52,"9_1287","Nodo 3 - Pies inventariados","IFN2",10,25,1287.99,12.23,189.68,37.25,0,6.38,19.19,26.85,567.9,11.56,3.24,3.32,1.12,49.55,43.06,810.73,24.1,25.89,9.65,163.73,149.62,14.11,0.02,29.1,0,0,0,0,59.46,13,69.48,149.27,71.09,0,17.28,34.57,61.66,184.6,0.03,24.95,"Nodo 1 - Pies inventariados","IFN3",2003,26,817,0,0,18.43,NA,NA,16.95,26.87,576.76,13.35,3.2,3.32,0.53,48.57,49.69,413.84,26.21,28.16,12.87,76.03,69.14,6.89,NA,NA,0,0,0,4.54,32.76,21.05,29.34,70.3,32.85,0,14.93,62.03,25.19,135,NA,NA,NA,NA,NA,NA,0,0,0,NA,2.45721234,222.81,0.6369183,68.2107351
"53",53,"9_1295","Nodo 3 - Pies inventariados","IFN2",10,20,336.45,1.52,83.32,8.37,0,1.78,17.8,20.3,324.8,6.56,3.63,3.64,0.35,31.13,32.33,185.7,83.05,89.24,5.6,21.41,19.68,1.73,0.01,4.48,0,0,0,0,2.67,0,11.02,18.48,9.35,0,5.73,14,13.86,42.94,0.02,6.67,"Nodo 1 - Pies inventariados","IFN3",2003,21,265.26,0,0,6.45,NA,NA,17.6,22.41,405.71,9.05,3.35,3.43,0.2,29.71,40.38,143.5,67.84,72.89,9.06,14.43,13.33,1.1,NA,NA,0,0,0,0,7.44,0,5.24,13.04,6.33,0,9.24,50.05,7.67,73.29,NA,NA,NA,NA,NA,NA,NA,NA,NA,NA,1.33393164,127.32,0.2062584,56.9731536
"54",54,"9_1339","Nodo 3 - Pies inventariados","IFN2",10,30,1974.01,32.26,177.76,56.54,0,6.16,19.1,26.89,569.26,11.38,3.02,3.12,1.51,54.65,42.32,1232.07,19.78,21.25,10.18,268.05,243.89,24.16,0.03,28.57,0,0,0,0,107.66,26.73,113.42,246.13,115.88,0,24.23,46.7,93.59,280.4,0.03,24.47,"Nodo 1 - Pies inventariados","IFN3",2003,31,715.99,0,0,20.4,NA,NA,19.05,29.39,693.07,16.07,3.28,3.41,0.36,76.68,54.67,444.89,23.26,25,16.05,87.57,79.87,7.7,NA,NA,0,0,0,2.37,48.84,41.61,25.32,82.08,37.95,0,4.45,7.51,21.72,71.63,NA,NA,NA,NA,NA,NA,0,0,0,NA,NA,NA,NA,NA
"55",55,"9_1341","Nodo 3 - Pies inventariados","IFN2",10,36,1654.31,35.34,126.4,65.63,0,4.94,22.47,33.58,888.35,13.62,3.34,3.45,1.55,54.54,40.57,1373.02,18.05,19.39,12,364.05,337.81,26.24,0.03,26.82,0,0,0,19.97,195.69,146.01,98,339.92,160.51,0,27.3,45.99,108.63,342.43,0.03,20.6,"Nodo 1 - Pies inventariados","IFN3",2003,37,519.91,0,0,26.48,NA,NA,25.47,32.73,851.53,19.18,3.81,3.91,0.59,71.57,58.61,536.97,22.86,24.57,19.13,208.57,193.89,14.69,NA,NA,0,0,0,37.73,121.54,94.63,36.7,197.97,92.12,0.02,8.31,11.79,42.55,154.8,NA,NA,NA,NA,NA,NA,0,0,0,NA,NA,NA,NA,NA
"56",56,"9_1342","Nodo 3 - Pies inventariados","IFN2",10,35,2423.18,32.78,181.81,69.2,0,6.18,19.07,26.48,551.38,11.64,3,3.06,1.78,53.89,43.96,1508.57,17.45,18.75,10,325.65,295.47,30.18,0.02,29.39,0,0,0,0,116.62,28.99,147.03,299.46,140.39,0,29.32,57.53,114.55,341.79,0.03,24.62,"Nodo 1 - Pies inventariados","IFN3",2003,36,626.01,0,0,16.2,NA,NA,18.15,23.89,449.68,15.37,3.21,3.29,0.53,55.32,64.34,357.55,26,27.94,15.42,92.8,83.71,9.09,NA,NA,0,0,0,0,46.31,27.6,35.11,86.29,39.77,0,12.97,47.38,26.82,126.93,NA,NA,NA,NA,NA,NA,0,0,0,NA,2.51125968,222.81,0.8078454,52.7337159
"57",57,"9_1343","Nodo 3 - Pies inventariados","IFN2",10,35,2397.73,39.46,152.43,79.23,0,5.55,20.51,27.29,585.1,12.47,3.09,3.15,1.87,56.42,45.7,1695.98,16.38,17.6,10.91,418.21,381.62,36.59,0.03,29.07,0,0,0,0,196.93,112.47,156.2,387.94,181.32,0,31.92,58.55,131.15,402.94,0.03,22.71,"Nodo 1 - Pies inventariados","IFN3",2003,36,735.65,0,0,27.55,NA,NA,21.84,27.81,608.28,17.54,3.36,3.4,0.67,74.92,63.07,580.54,21.02,22.59,17.49,205.2,185.74,19.46,NA,NA,0,0,0,2.29,110.28,76.54,67.85,194,88.25,0,8.49,13.86,45.6,156.19,NA,NA,NA,NA,NA,NA,0,0,0,NA,NA,NA,NA,NA
"58",58,"9_1351","Nodo 3 - Pies inventariados","IFN2",10,35,2153.17,23.56,157.24,69.79,0,5.64,20.32,26.11,536.12,10.92,3.2,3.26,1.79,51.07,41.84,1497.5,19.73,21.2,9.56,326.23,298.17,28.06,0.02,25.9,0,0,0,0,146.17,5.19,127.67,300.13,141.67,0,30.69,58.38,115.52,346.26,0.02,22.52,"Nodo 1 - Pies inventariados","IFN3",2003,36,717.97,0,0,25.04,NA,NA,21.07,25.42,509.54,13.76,3.5,3.52,0.7,61.94,54.13,532.43,27.12,29.14,13.78,148.78,135.03,13.75,NA,NA,0,0,0,0,76.86,22.64,53.34,139.37,64.16,0,9.09,16.14,41.45,130.85,NA,NA,NA,NA,NA,NA,0,0,0,NA,NA,NA,NA,NA
"59",59,"9_1357","Nodo 3 - Pies inventariados","IFN2",10,30,947.71,7.74,96.02,21.59,0,1.97,17.03,21.68,369.4,9.47,3.09,3.13,0.73,50.76,43.68,484.07,34.3,36.86,10.41,88.05,79.02,9.04,0.01,8.02,0,0,0,0,16.96,0,51.81,79.68,37.54,0,9.64,21.22,35.73,104.13,0.01,6.72,"Nodo 1 - Pies inventariados","IFN3",2003,31,544.66,0,0,16.61,NA,NA,19.7,27.44,601.84,16.16,3.34,3.36,0.19,71.28,58.91,359.12,26.51,28.48,15.59,40.79,36.52,4.27,NA,NA,0,0,0,0,15.04,10.16,19.74,38.24,17.35,0,2.15,3.94,10.79,34.23,NA,NA,NA,NA,NA,NA,0,0,0,NA,NA,NA,NA,NA
"60",60,"9_1360","Nodo 3 - Pies inventariados","IFN2",10,25,644.95,4.47,125.98,28.91,0,5.22,23.89,30.52,733.5,8.41,4.26,4.37,0.97,31.96,27.55,595.69,46.83,50.32,7.44,101.68,96.99,4.69,0.02,18.12,0,0,0,0,58.14,0,18.05,91.67,46.08,0,18.59,35.08,47.85,147.61,0.02,21.57,"Nodo 1 - Pies inventariados","IFN3",2003,26,272.33,0,0,16.52,NA,NA,27.79,32.16,816.57,14.89,4.87,4.91,0.4,53.79,46.3,327.73,40.7,43.73,14.8,92.19,87.62,4.57,NA,NA,0,0,0,17.56,57.16,48.34,9.37,87.24,41.63,0,5.94,8.53,23.7,79.8,NA,NA,NA,NA,NA,NA,0,0,0,NA,NA,NA,NA,NA
"61",61,"9_1361","Nodo 3 - Pies inventariados","IFN2",10,35,1622.9,12.16,128.39,60.68,0,5.05,21.82,27.1,577.77,11.22,3.57,3.6,1.65,44.12,41.4,1278.91,22.12,23.77,9.55,261.81,242.3,19.51,0.02,21.57,0,0,0,0,119.01,19.94,85.43,240.46,115.12,0,29.68,55.86,100.43,301.1,0.02,20.22,"Nodo 1 - Pies inventariados","IFN3",2003,36,1294.46,0,0,43.16,NA,NA,20.6,27.27,586.93,16.45,3.13,3.17,1.02,70.83,60.32,922.77,16.9,18.16,16.39,291.02,262.38,28.64,NA,NA,0,0,0,2.34,153.94,82.09,114.12,273.6,124.67,0,13.96,24.29,71.44,234.35,NA,NA,NA,NA,NA,NA,NA,NA,NA,NA,NA,NA,NA,NA
"62",62,"9_1389","Nodo 3 - Pies inventariados","IFN2",10,28,1387.48,10.08,124.32,25.79,0,2.19,15.38,20.8,340.55,6.93,2.92,2.96,0.95,39.68,33.33,593.19,38.72,41.61,6.37,73.04,65.48,7.56,0.01,6.09,0,0,0,0,4.64,0,48.84,62.45,31.11,0,14.88,37.97,42.69,126.65,0.02,7.91,"Nodo 1 - Pies inventariados","IFN3",2003,29,1669.36,0,0,22.74,NA,NA,13.17,21.43,361.63,11.72,2.54,2.61,0.47,72.23,54.7,543.85,20.88,22.44,11.71,73.31,64.25,9.06,NA,NA,0,0,0,0,16.3,0,45.94,66.29,30.53,0,5.19,11.56,24.4,71.68,NA,NA,NA,NA,NA,NA,NA,NA,NA,NA,NA,NA,NA,NA
"63",63,"9_1390","Nodo 3 - Pies inventariados","IFN2",10,30,1745.91,12.25,166.62,27.9,0,2.42,14.27,17.2,232.57,6.35,2.7,2.72,1.01,44.02,36.89,654.07,37.71,40.52,5.58,81.64,72.08,9.56,0.01,6.92,0,0,0,0,0,0,61.28,68.94,34.25,0,14.64,38.69,46.19,133.77,0.03,8.16,"Nodo 1 - Pies inventariados","IFN3",2003,31,827.61,0,0,11.28,NA,NA,13.17,17.51,241.73,11.86,2.36,2.39,0.37,89.12,67.73,269.68,29.3,31.49,11.78,63.64,54.08,9.56,NA,NA,0,0,0,0,3.62,0,50.75,57.2,25.7,0,3.25,7.58,18.67,55.2,NA,NA,NA,NA,NA,NA,NA,NA,NA,NA,NA,NA,NA,NA
"64",64,"9_1391","Nodo 3 - Pies inventariados","IFN2",10,48,962.03,8.83,93.75,46.74,0.01,4.13,24.87,32.94,857.76,15.18,3.79,3.86,1.13,55.12,46.1,953.49,21.23,22.82,13.44,285.68,266.41,19.27,0.04,24.71,0,0,0,20.32,162.15,135.26,58.92,268.9,126.58,0.01,18.71,29.71,77.37,252.38,0.04,17.46,"Nodo 1 - Pies inventariados","IFN3",2003,49,717.97,0,0,32.03,NA,NA,23.83,33.45,885.09,17.26,3.76,3.86,0.84,58.21,51.59,660.41,21.62,23.24,17.1,212.36,197.64,14.72,NA,NA,0,0,0,30.77,120.44,92.82,45.15,200.42,93.91,0.03,17.57,45.32,53.02,209.86,NA,NA,NA,NA,NA,NA,NA,NA,NA,NA,1.68145158,95.49,0.5172375,38.0037468
"65",65,"9_1394","Nodo 3 - Pies inventariados","IFN2",10,49,1180.44,17.25,76.53,63.08,0,3.69,26.08,34.65,943.64,17.57,3.65,3.74,1.3,61.67,50.7,1271.46,16.57,17.8,15.44,450.21,420.54,29.67,0.04,25.68,0,0,0,76.62,262.92,205.58,79.12,426.77,199.81,0,22.82,33.65,104.41,360.69,0.04,16.72,"Nodo 1 - Pies inventariados","IFN3",2003,50,477.46,0,0,34.96,NA,NA,30.53,35.93,1015.16,18.89,4.39,4.47,0.75,60.89,52.58,677.43,24.23,26.03,18.74,280.41,265.99,14.42,NA,NA,0,0,0,103.51,153.11,123.23,26.07,267.09,126.38,0,12.45,16.35,57.86,213.04,NA,NA,NA,NA,NA,NA,0,0,0,NA,NA,NA,NA,NA
"66",66,"9_1398","Nodo 3 - Pies inventariados","IFN2",10,31,1319.61,10.25,183.95,37.06,0,6.23,18.91,25.96,529.75,8.36,3.38,3.44,1.23,38.07,32.2,809.51,32.93,35.39,7.37,123.13,113.5,9.63,0.03,21.3,0,0,0,0,33.03,0,53.43,109.91,53.93,0,21.24,45.95,61.34,182.45,0.04,24.55,"Nodo 1 - Pies inventariados","IFN3",2003,32,640.16,0,0,19.87,NA,NA,19.88,25.22,503.68,10.59,3.57,3.62,0.66,47.65,41.97,428.57,37.34,40.12,10.31,85.95,78.67,7.28,NA,NA,0,0,0,0,32.71,8.8,36.06,78.8,37.38,0,9.27,18.29,32.88,97.82,NA,NA,NA,NA,NA,NA,NA,NA,NA,NA,NA,NA,NA,NA
"67",67,"9_1401","Nodo 3 - Pies inventariados","IFN2",10,25,1317.99,9.41,149.65,33.07,0,4.16,17.87,22.59,400.82,8.71,3.23,3.27,1.11,41.85,38.56,732.7,31.63,33.99,7.12,113.18,102.94,10.24,0.02,15.08,0,0,0,0,23.9,0,63.26,100.34,48.91,0,17.64,39.21,54.74,160.51,0.02,15.79,"Nodo 1 - Pies inventariados","IFN3",2003,26,1128.23,0,0,23.31,NA,NA,16.22,21.85,375.26,14.01,3.07,3.1,0.56,85.63,64.15,529.12,21.24,22.83,14,130.98,116.41,14.57,NA,NA,0,0,0,0,49.81,12.56,69.08,122.52,55.31,0,6.42,11.97,33.7,107.4,NA,NA,NA,NA,NA,NA,0,0,0,NA,NA,NA,NA,NA
"68",68,"9_1405","Nodo 3 - Pies inventariados","IFN2",10,50,1081.09,11.24,63.13,64.63,0,3.17,27.59,35.48,990.73,15.98,3.91,3.97,1.34,57.6,45.05,1284.53,19.03,20.45,14.12,449.13,422.09,27.04,0.04,21.31,0,0,0,72.94,277.17,234.9,61.91,426.31,200.55,0,24.43,35.36,106.97,367.31,0.03,14.31,"Nodo 1 - Pies inventariados","IFN3",2003,51,679.06,0,0,44.4,NA,NA,28.85,35.74,1004.85,19.67,4.04,4.11,0.9,64.61,55.06,872.69,19.5,20.96,19.66,362.12,340.37,21.75,NA,NA,0,0,0,94.79,220.26,174.01,41.2,345.4,161.72,0,15.05,20.4,73.49,270.66,NA,NA,NA,NA,NA,NA,0,0,0,NA,NA,NA,NA,NA
"69",69,"9_1406","Nodo 3 - Pies inventariados","IFN2",10,48,917.66,7.28,61.96,56.88,0.01,3.01,28.09,34.57,939.6,15.1,4.19,4.23,1.29,50.42,43.67,1125.48,21.87,23.5,13.5,353.16,334.16,19,0.05,17.91,0,0,0,49.49,222.9,195.3,43.43,333.61,158.77,0,23.75,35.22,94.15,311.89,0.05,13.02,"Nodo 1 - Pies inventariados","IFN3",2003,49,565.88,0,0,39.45,NA,NA,29.79,35.35,982.63,17.14,4.43,4.47,0.89,55.31,48.48,769.15,24.53,26.35,17.26,282.91,268.05,14.87,NA,NA,0,0,0,65.18,174.32,142.16,27.15,268.46,127.36,0,15.08,20.9,65.29,228.63,NA,NA,NA,NA,NA,NA,0,0,0,NA,NA,NA,NA,NA
"70",70,"9_1415","Nodo 3 - Pies inventariados","IFN2",10,36,890.86,4.88,163.63,27.66,0,5.85,19.88,25.23,499.75,9.29,3.63,3.66,0.94,38.76,36.83,596.68,36.06,38.75,7.12,97.17,89.67,7.5,0.03,21.8,0,0,0,0,31.84,0,41.01,87.45,42.61,0,15.43,32.33,45.78,136.15,0.05,22.87,"Nodo 1 - Pies inventariados","IFN3",2003,37,583.57,0,0,17.71,NA,NA,19.65,23.12,423.7,9.91,3.56,3.59,0.59,49.96,42.88,383.06,41.76,44.87,9.88,79.12,72,7.12,NA,NA,0,0,0,0,26.02,3.07,36.17,72.28,34.21,0,7.9,15.64,29.31,87.06,NA,NA,NA,NA,NA,NA,NA,NA,NA,NA,NA,NA,NA,NA
"71",71,"9_1427","Nodo 3 - Pies inventariados","IFN2",10,34,368.73,1.35,115.43,15.61,0,4.79,23.22,26.16,537.96,7.08,4.48,4.51,0.59,30.2,27.05,323.96,73.6,79.09,6.25,47.57,45.04,2.53,0.02,14.36,0,0,0,0,25.13,0,11.36,42.5,21.4,0,10.64,21.01,25.84,78.9,0.03,19.46,"Nodo 1 - Pies inventariados","IFN3",2003,35,229.89,0,0,8.78,NA,NA,22.05,23.69,443.34,8.72,4.35,4.37,0.25,36.78,36.82,184.48,75.61,81.25,8.73,24.88,23.23,1.66,NA,NA,0,0,0,0,10.68,0,7.07,22.66,11.04,0,3.68,7.01,10.91,32.63,NA,NA,NA,NA,NA,NA,NA,NA,NA,NA,NA,NA,NA,NA
"72",72,"9_1428","Nodo 3 - Pies inventariados","IFN2",10,42,1171.31,24.31,95.69,60.97,0.01,3.95,25.74,37.58,1118.35,15.05,3.83,3.98,1.46,48.82,40.04,1233.02,19.42,20.87,13.19,344.45,325.99,18.47,0.09,21.26,0,0,0,62.26,193.04,137.46,55.05,323.59,154.89,0.25,28.48,45.47,100.92,330.01,0.07,17.02,"Nodo 1 - Pies inventariados","IFN3",2003,43,1030.76,0,0,48.72,NA,NA,24.53,38.69,1186.66,16.03,4,4.24,1.37,48.67,41.43,997.17,19.43,20.88,16.03,268.35,255.03,13.32,NA,NA,0,0,0,79.98,129.2,101.31,37.87,251.07,121.17,0.45,52.67,163.89,78.01,416.19,NA,NA,NA,NA,NA,NA,NA,NA,NA,NA,7.07119878,205.13,2.3462927,187.7413139
"73",73,"9_1430","Nodo 3 - Pies inventariados","IFN2",10,25,230.71,0.91,104.29,2.93,0,1.25,12.71,12.71,126.88,3.3,2.8,2.8,0.14,26,26,70.62,199.23,214.09,3,4.48,3.99,0.49,0.01,1.91,0,0,0,0,0,0,3.16,3.34,1.9,0,2.48,8.26,4.85,17.48,0.04,5.06,"Nodo 1 - Pies inventariados","IFN3",2003,26,31.83,0,0,0.41,NA,NA,12.81,12.81,128.89,7.82,2.87,2.87,0.02,61.03,61.03,9.88,226.71,243.61,7.82,1.54,1.32,0.22,NA,NA,0,0,0,0,0,0,1.33,1.37,0.63,0,0.16,0.43,0.68,1.9,NA,NA,NA,NA,NA,NA,NA,NA,NA,NA,NA,NA,NA,NA
"74",74,"9_1432","Nodo 3 - Pies inventariados","IFN2",10,35,317.59,1.25,99.56,14.75,0,4.45,24.32,28.45,636.78,9.03,4.56,4.61,0.53,34.58,31.73,302.57,62.17,66.8,7.86,54.48,51.63,2.85,0.02,16.35,0,0,0,0,33.59,0,11.58,49.58,24.53,0,8.81,16.12,24.41,73.88,0.02,17.61,"Nodo 1 - Pies inventariados","IFN3",2003,36,148.54,0,0,7.19,NA,NA,24.83,26.36,558.29,10.18,4.67,4.74,0.26,40.54,38.63,146.75,80.58,86.58,10.01,31.86,30.12,1.74,NA,NA,0,0,0,2.31,18.6,7.01,6.71,29.5,14.31,0,3.76,6.45,11.9,36.43,NA,NA,NA,NA,NA,NA,NA,NA,NA,NA,NA,NA,NA,NA
"75",75,"9_1438","Nodo 3 - Pies inventariados","IFN2",10,45,1106.7,7.67,109.93,47.21,0,4.58,23.3,29.39,679.54,10.48,3.89,3.94,1.35,41.42,35.67,978.71,28.68,30.81,9.5,202.77,189.72,13.05,0.02,19.47,0,0,0,0,111.72,32.32,51.28,186.65,90.14,0,24.34,44.16,78.14,236.79,0.03,18.5,"Nodo 1 - Pies inventariados","IFN3",2003,46,756.87,0,0,30.97,NA,NA,22.83,30.26,721.87,13.43,3.7,3.77,0.85,55.14,44.38,645.49,27.06,29.08,13.48,176.35,163.02,13.32,NA,NA,0,0,0,4.9,95.43,67.04,48.24,164.72,77.46,0,12.64,21.59,51.27,162.95,NA,NA,NA,NA,NA,NA,NA,NA,NA,NA,NA,NA,NA,NA
"76",76,"9_1444","Nodo 3 - Pies inventariados","IFN2",10,35,718.17,3.81,149.01,12.47,0,2.22,14.87,17.07,229.28,5.65,3.03,3.04,0.52,32.24,33.12,289.32,66.02,70.94,4.75,27.72,24.92,2.8,0.01,4.92,0,0,0,0,0,0,18.78,22.35,11.84,0,8.48,23.61,20.64,64.58,0.03,8.06,"Nodo 1 - Pies inventariados","IFN3",2003,36,190.99,0,0,3.79,NA,NA,15.89,17.38,238.25,7.83,3.22,3.25,0.16,47.96,45.04,86.4,92.46,99.35,7.8,13.46,11.99,1.47,NA,NA,0,0,0,0,0,0,9.39,11.93,5.7,0,1.8,4.26,6.27,18.03,NA,NA,NA,NA,NA,NA,NA,NA,NA,NA,NA,NA,NA,NA
"77",77,"9_1447","Nodo 3 - Pies inventariados","IFN2",10,35,1013.97,23.01,113.88,40.74,0.01,5.07,22.62,39.97,1275.52,16.85,3.39,3.6,1.03,56.19,42.15,851.06,18.64,20.03,15.06,240.32,226.43,13.89,0.07,29.94,0,0,0,70.65,93.56,53.27,59.85,225.35,107.59,0.94,17.48,28.19,67.44,221.63,0.06,21.97,"Nodo 1 - Pies inventariados","IFN3",2003,36,851.94,0,0,24.78,NA,NA,19.25,35.82,1032.41,20.4,2.91,3.14,0.66,71.98,56.96,539.02,16.79,18.04,18.78,185.5,171.34,14.16,NA,NA,0,0,2.07,52.31,76.11,50.63,49.38,174.72,81.41,0.36,14.86,43.21,41.02,180.86,NA,NA,NA,NA,NA,NA,NA,NA,NA,NA,2.61542791,205.13,1.0707052,45.8273876
"78",78,"9_1448","Nodo 3 - Pies inventariados","IFN2",10,35,1118.52,9.28,158.72,37.85,0,5.82,20.76,27.41,591.41,9.62,3.63,3.7,1.2,38.46,35.11,807.86,31.07,33.39,8.5,138.27,128.72,9.55,0.02,21.91,0,0,0,0,62.28,0,46.58,124.83,61.16,0,21.16,42.29,62.66,187.27,0.02,23.07,"Nodo 1 - Pies inventariados","IFN3",2003,36,1018.59,0,0,25.81,NA,NA,17.96,26.43,550.37,14.13,3.26,3.34,0.64,63.75,53.45,571.06,22.18,23.83,13.93,133.07,120.67,12.41,NA,NA,0,0,0,0,61.43,29.42,49.8,123.97,57.33,0,8.26,14.98,37.58,118.15,NA,NA,NA,NA,NA,NA,NA,NA,NA,NA,NA,NA,NA,NA
"79",79,"9_1458","Nodo 3 - Pies inventariados","IFN2",10,30,420.29,1.8,167.44,6.72,0.01,2.28,14.26,14.78,171.52,3.87,3.03,3.04,0.3,27.13,26.16,157.41,126.18,135.59,3.5,11.89,10.71,1.18,0.02,3.98,0,0,0,0,0,0,7.77,9.37,5.09,0,5.39,16.18,11.12,37.77,0.06,8.95,"Nodo 1 - Pies inventariados","IFN3",2003,31,63.66,0,0,1.03,NA,NA,14.36,14.36,162.04,7.41,3.11,3.11,0.05,51.61,51.61,24.14,169.16,181.77,7.41,3.6,3.15,0.45,NA,NA,0,0,0,0,0,0,3.06,3.05,1.5,0,0.46,1.18,1.71,4.85,NA,NA,NA,NA,NA,NA,NA,NA,NA,NA,NA,NA,NA,NA
"80",80,"9_1459","Nodo 3 - Pies inventariados","IFN2",10,32,1156.3,10.66,197.89,31.88,0,6.46,18.74,26.08,535.04,9.58,3.31,3.41,1.06,40.29,36.71,698.03,30.71,33,8.29,113.91,105.11,8.8,0.01,24.2,0,0,0,0,44.65,0,44.7,102.21,49.94,0,17.38,36.85,52.77,156.95,0.02,25.03,"Nodo 1 - Pies inventariados","IFN3",2003,33,671.99,0,0,17.27,NA,NA,18.09,26.12,538.65,11.08,3.11,3.29,0.57,55.49,42.41,381.43,34.83,37.43,11.18,79.52,72.53,6.99,NA,NA,0,0,0,0,32.78,14.3,29.58,72.62,34.46,0,7.59,14.75,28.58,85.39,NA,NA,NA,NA,NA,NA,NA,NA,NA,NA,NA,NA,NA,NA
"81",81,"9_1473","Nodo 3 - Pies inventariados","IFN2",10,42,1088.78,10.65,126.82,43.13,0,4.97,22.46,29.31,676.09,10.62,3.75,3.85,1.27,41.38,36.24,902.46,28.53,30.66,9.44,181.92,170.31,11.6,0.02,20.6,0,0,0,2.63,99.98,26.04,44.95,167.16,80.92,0,22.86,42.26,71.38,217.42,0.03,20.07,"Nodo 1 - Pies inventariados","IFN3",2003,43,795.77,0,0,25.95,NA,NA,20.38,29.59,690.37,12.29,3.37,3.54,0.78,50.13,41.53,556.4,28.84,30.99,12.52,128.64,119.22,9.42,NA,NA,0,0,0,4.83,64.91,42.72,34.69,119.24,56.65,0,11.78,21.88,42.95,133.26,NA,NA,NA,NA,NA,NA,NA,NA,NA,NA,NA,NA,NA,NA
"82",82,"9_1474","Nodo 3 - Pies inventariados","IFN2",10,33,1594.69,18.55,145.47,55.76,0,5.43,21.1,28.81,652.76,12.34,3.34,3.41,1.46,51,42.84,1185.23,20.29,21.8,10.82,273.85,252.09,21.76,0.03,26.79,0,0,0,0,132.86,71.95,89.89,253.88,119.78,0,24.34,44.62,92.3,281.04,0.03,21.86,"Nodo 1 - Pies inventariados","IFN3",2003,34,1213.11,0,0,38.26,NA,NA,20.04,29.61,690.31,15.13,3.07,3.17,0.96,68.11,51.08,823.83,18.98,20.39,15.1,240.39,218.15,22.25,NA,NA,0,0,0,7,118.61,92.61,87.3,224.86,103.65,0,13.31,23.19,63.34,203.49,NA,NA,NA,NA,NA,NA,NA,NA,NA,NA,NA,NA,NA,NA
"83",83,"9_1475","Nodo 3 - Pies inventariados","IFN2",10,30,1062.21,6.23,177.17,15.77,0.01,2.33,13.75,14.67,168.95,5.01,2.76,2.77,0.64,37.4,34.15,372.96,61.25,65.82,4.5,37.82,33.45,4.37,0.03,5.41,0,0,0,0,0,0,26.71,30.24,15.89,0,9.58,27.38,26.09,78.94,0.05,8.08,"Nodo 1 - Pies inventariados","IFN3",2003,31,509.3,0,0,6.3,NA,NA,12.55,13.6,145.27,8.14,2.51,2.51,0.25,60.87,59.84,152.45,54.46,58.52,7.93,23.21,19.89,3.32,NA,NA,0,0,0,0,0,0,18.2,20.16,9.45,0,2.49,6.76,10.43,29.13,NA,NA,NA,NA,NA,NA,NA,NA,NA,NA,NA,NA,NA,NA
"84",84,"9_1476","Nodo 3 - Pies inventariados","IFN2",10,30,813.43,4.43,117.58,17.02,0.01,2.08,16.32,18.38,265.28,6.29,3.22,3.23,0.67,34.61,34.23,385.67,55.74,59.9,5.5,44.45,40.26,4.2,0.01,5.35,0,0,0,0,0,0,30.84,37.8,19.13,0,10.72,27.23,28.17,85.25,0.03,7.51,"Nodo 1 - Pies inventariados","IFN3",2003,31,413.8,0,0,9.94,NA,NA,17.48,18.83,278.56,9.89,3.31,3.32,0.36,54.09,52.53,221.33,49.71,53.42,10,43.66,39.04,4.63,NA,NA,0,0,0,0,2,0,27.93,39.7,18.55,0,4.16,8.9,16.45,48.05,NA,NA,NA,NA,NA,NA,NA,NA,NA,NA,NA,NA,NA,NA
"85",85,"9_1477","Nodo 3 - Pies inventariados","IFN2",10,30,957.44,5.6,135.43,18.02,0,2.3,15.48,18.91,281.12,4.92,3.06,3.08,0.72,35.37,26.01,413.86,65.72,70.62,4.75,44.39,39.92,4.47,0,5.5,0,0,0,0,0,0,29.42,37.4,18.97,0,11.92,31.5,29.83,92.22,0.02,8.58,"Nodo 1 - Pies inventariados","IFN3",2003,31,509.3,0,0,9.85,NA,NA,15.69,19.3,293.09,12.26,2.91,2.95,0.31,61.8,63.54,225.5,36.14,38.84,11.93,43.47,38.3,5.18,NA,NA,0,0,0,0,6.17,0,28.29,39.65,18.2,0,3.19,6.92,14.52,42.82,NA,NA,NA,NA,NA,NA,0,0,0,NA,NA,NA,NA,NA
"86",86,"9_1488","Nodo 3 - Pies inventariados","IFN2",10,41,2777.92,54.37,176.16,81.87,0,6.1,19.37,27.68,604.56,12.8,2.87,2.94,1.89,61.86,46.24,1777.71,14.82,15.93,11.15,449.55,406.37,43.19,0.03,32.73,0,0,0,3.4,181.33,86.28,194.62,417.08,193.08,0,30.84,57.52,135.52,416.96,0.04,24.96,"Nodo 1 - Pies inventariados","IFN3",2003,42,2069.01,0,0,53.25,NA,NA,18.1,26.38,551.97,14.83,2.84,2.91,1.3,68.66,56.21,1175.92,14.83,15.93,14.7,320.45,287.42,33.03,NA,NA,0,0,0,2.49,139.43,69.32,142.45,298.53,136.57,0,21.15,52.91,86.82,297.45,NA,NA,NA,NA,NA,NA,NA,NA,NA,NA,1.39265799,159.15,0.4790415,28.3840842
"87",87,"9_1489","Nodo 3 - Pies inventariados","IFN2",10,40,837.34,8.12,81.52,43.34,0,3.85,25.67,34.71,950.9,13.33,4.17,4.26,1.19,41.34,38.4,877.15,25.93,27.86,11.75,210.06,199.68,10.37,0.03,18.2,0,0,0,33.76,111.84,83.17,35.44,195.37,94.88,0.01,22.65,38.33,71.74,227.61,0.03,16.28,"Nodo 1 - Pies inventariados","IFN3",2003,41,693.21,0,0,33.9,NA,NA,24.95,36.35,1042.49,15.39,4.23,4.35,1.03,39.28,42.35,690.9,24.67,26.51,15.52,178.04,170.03,8,NA,NA,0,0,0,52.65,88.45,70.54,21.63,166.48,80.79,0.08,33.13,108,56.11,278.11,NA,NA,NA,NA,NA,NA,NA,NA,NA,NA,3.86343903,173.3,1.0888596,111.6547062
"88",88,"9_1490","Nodo 3 - Pies inventariados","IFN2",10,30,1560.45,14.78,210.04,36.8,0,6.91,17.33,28.23,632.2,9.12,3.11,3.2,1.25,37.64,32.31,821.55,27.75,29.82,6.94,113.92,104.79,9.13,0.02,23.65,0,0,0,0,27.41,7.82,55.06,100.21,49.79,0,21.76,49.81,60.9,182.26,0.03,27.63,"Nodo 1 - Pies inventariados","IFN3",2003,31,930.17,0,0,20.2,NA,NA,16.63,25.44,523.46,11.63,2.93,3.04,0.67,56.17,45.71,455.72,28.2,30.3,11.64,93.99,84.7,9.29,NA,NA,0,0,0,2.75,22.92,6.66,45.73,86.21,40.24,0,12.5,45.9,33.44,132.09,NA,NA,NA,NA,NA,NA,NA,NA,NA,NA,1.02008784,127.32,0.1820676,37.0959552
"89",89,"9_1491","Nodo 3 - Pies inventariados","IFN2",10,33,198,0.52,103.02,6.81,0,3.43,20.93,22.54,399.62,5.55,4.3,4.32,0.29,27.03,24.62,145.03,128.07,137.62,5.17,16.8,15.8,1,0.01,8.33,0,0,0,0,0,0,6.22,14.52,7.51,0,5.23,11.54,11.27,35.55,0.03,13.98,"Nodo 1 - Pies inventariados","IFN3",2003,34,77.81,0,0,2.91,NA,NA,21.84,21.79,374.57,10.84,4.31,4.32,0.11,49.74,49.74,61.42,104.61,112.41,10.84,14.07,12.92,1.15,NA,NA,0,0,0,0,5.99,0,4.62,13.1,6.14,0,1.3,2.38,4.82,14.64,NA,NA,NA,NA,NA,NA,NA,NA,NA,NA,NA,NA,NA,NA
"90",90,"9_1507","Nodo 3 - Pies inventariados","IFN2",10,47,1393.52,19.38,125.52,56.7,0.01,4.78,22.76,29.01,662,15.36,3.34,3.41,1.27,63.45,52.95,1182.58,17.44,18.74,13.88,369.4,339.16,30.24,0.06,30.4,0,0,0,2.61,221.86,183.48,97.46,347.7,161.15,0,20.23,33.04,93.86,308.27,0.04,20.17,"Nodo 1 - Pies inventariados","IFN3",2003,48,309.26,0,0,18.38,NA,NA,27.51,31.99,935.93,16.29,4.14,4.17,0.42,57.57,50.92,365.52,34.9,37.51,16.29,104.9,97.37,7.53,NA,NA,0,0,0,4.58,68.48,54.55,18.97,99.2,46.27,0,5.58,8.69,25.32,85.85,NA,NA,NA,NA,NA,NA,0,0,0,NA,NA,NA,NA,NA
"91",91,"9_1508","Nodo 3 - Pies inventariados","IFN2",10,38,1184.3,7.01,126.73,44.85,0,4.99,21.96,26.31,543.69,7.44,3.84,3.87,1.39,37.32,28.28,943.87,39.05,41.97,6.84,163.83,152.76,11.07,0.02,17.54,0,0,0,0,70.36,0,48.71,148.29,72.58,0,26.3,52.39,74.24,225.51,0.02,20.69,"Nodo 1 - Pies inventariados","IFN3",2003,39,710.89,0,0,24.26,NA,NA,20.84,26.19,539.75,11.45,3.75,3.79,0.8,45.58,43.71,517.12,32.77,35.21,11.64,110.01,101.14,8.87,NA,NA,0,0,0,0,54.29,21.84,36.78,101.06,48.06,0,17.44,51.78,40.15,157.42,NA,NA,NA,NA,NA,NA,0,0,0,NA,1.76032632,95.49,0.4854075,43.6446594
"92",92,"9_1509","Nodo 3 - Pies inventariados","IFN2",10,36,995.81,5.84,128.06,36.64,0,5.21,21.64,27.04,578.55,9.7,3.76,3.8,1.13,41.61,35.88,773.76,32.67,35.1,8.47,147.87,137.16,10.71,0.02,21.13,0,0,0,0,66.08,6.19,48.17,134.77,65.17,0,19.05,36.75,60.64,181.61,0.03,20.8,"Nodo 1 - Pies inventariados","IFN3",2003,37,785.16,0,0,26.17,NA,NA,20.6,25.96,539.38,14.26,3.4,3.43,0.73,62.85,54.95,559.56,25.02,26.88,14.15,156.28,141.69,14.6,NA,NA,0,0,0,4.86,73.7,28.93,61.81,146,67.32,0,9.44,16.99,43.32,137.07,NA,NA,NA,NA,NA,NA,NA,NA,NA,NA,NA,NA,NA,NA
"93",93,"9_1524","Nodo 3 - Pies inventariados","IFN2",10,40,543.01,2.75,85.97,27.52,0,4.01,25.4,29.64,691.8,11.16,4.38,4.42,0.83,42.05,37.66,558.37,38.44,41.31,10.06,128.69,121.3,7.38,0.02,18.38,0,0,0,2.86,81.18,38.13,22.45,119.17,57.64,0,13.72,23.14,45.55,140.05,0.02,16.09,"Nodo 1 - Pies inventariados","IFN3",2003,41,159.15,0,0,9.35,NA,NA,27.35,29.39,687.86,15.07,4.69,4.74,0.28,55.05,51.27,186.25,52.6,56.52,15.12,61.61,57.95,3.67,NA,NA,0,0,0,9.84,38.48,35.31,8.68,58.2,27.53,0,3.66,5.4,15.48,52.07,NA,NA,NA,NA,NA,NA,0,0,0,NA,NA,NA,NA,NA
"94",94,"9_1525","Nodo 3 - Pies inventariados","IFN2",10,44,1251.45,13.44,118.98,51.19,0.01,4.78,22.82,30.34,727.08,14.29,3.43,3.5,1.21,60.38,47.09,1066.92,19.78,21.26,12.81,317.54,292.37,25.18,0.04,29.3,0,0,0,8.37,184.27,141.24,86.03,298.25,138.91,0,19.14,31.6,84.73,274.38,0.04,20.12,"Nodo 1 - Pies inventariados","IFN3",2003,45,314.77,0,0,14.18,NA,NA,23.95,29.77,701.17,17.77,3.87,3.94,0.38,66.95,59.69,292.02,31.72,34.09,17.79,103.99,95.94,8.05,NA,NA,0,0,0,7.65,58.11,43.1,24.72,98.22,45.59,0,4.81,7.45,23.47,81.32,NA,NA,NA,NA,NA,NA,0,0,0,NA,NA,NA,NA,NA
"95",95,"9_1543","Nodo 3 - Pies inventariados","IFN2",10,40,3099.01,33.02,253.09,52.59,0.01,7.77,14.7,28.38,632.71,8.87,2.58,2.64,1.7,46.44,31.25,1223.42,20.25,21.76,7.13,170.27,151.83,18.44,0.04,27.53,0,0,0,0,18.25,0,109.96,147.76,72.14,0,26.65,66.2,87.04,252.03,0.06,30.84,"Nodo 1 - Pies inventariados","IFN3",2003,41,2496.96,0,0,28.12,NA,NA,11.98,20.08,328.14,11.75,2.11,2.15,0.9,74.32,58.54,688.69,17.03,18.29,11.82,124.05,105.8,18.25,NA,NA,0,0,0,0,6.73,3.31,89.99,108.09,50.27,0,9.66,25.21,46.55,131.69,NA,NA,NA,NA,NA,NA,NA,NA,NA,NA,NA,NA,NA,NA
"96",96,"9_1549","Nodo 3 - Pies inventariados","IFN2",10,39,131.93,0.42,58.06,7.77,0,3.01,27.39,28.36,639.43,8.19,5.35,5.39,0.3,29.25,28.88,154.76,106.3,114.23,7.26,27.05,26.16,0.89,0.02,10.34,0,0,0,0,16.77,0,3.38,24.83,12.43,0,5.26,9.19,12.86,39.75,0.02,12.23,"Nodo 1 - Pies inventariados","IFN3",2003,40,56.59,0,0,3.98,NA,NA,29.92,29.76,702.96,11.23,5.75,5.77,0.15,37.73,37.73,77.48,118.4,127.23,11.23,19.43,18.73,0.7,NA,NA,0,0,0,2.47,12.23,10.36,1.71,18.23,8.9,0,2.12,3.24,6.58,20.85,NA,NA,NA,NA,NA,NA,NA,NA,NA,NA,NA,NA,NA,NA
"97",97,"9_1568","Nodo 3 - Pies inventariados","IFN2",10,30,536.16,2.92,157.1,9.09,0.01,2.42,14.69,16.05,202.4,6.61,2.97,2.98,0.37,40.43,41.2,211.51,65.3,70.16,6,25.31,22.51,2.81,0.03,6.9,0,0,0,0,0,0,19.01,22.04,10.69,0,5.09,13.49,15.05,44.32,0.06,7.97,"Nodo 1 - Pies inventariados","IFN3",2003,31,190.99,0,0,2.29,NA,NA,12.35,13.39,143.64,9.21,2.51,2.53,0.1,71.41,68.78,55.6,78.57,84.43,8.72,9.94,8.48,1.46,NA,NA,0,0,0,0,0,0,7.27,8.88,4.03,0,0.79,2.06,3.79,10.66,NA,NA,NA,NA,NA,NA,NA,NA,NA,NA,NA,NA,NA,NA
"98",98,"9_1577","Nodo 3 - Pies inventariados","IFN2",10,49,972.08,8.32,53.77,63.51,0,2.75,28.84,35.97,1021.15,16.32,4.14,4.18,1.33,53.83,45.36,1248.39,19.66,21.12,14.31,430.07,406.87,23.21,0.04,18.07,0,0,0,78.05,266.1,224.84,47.39,407.23,193.32,0.07,25.02,35.71,105.12,359.24,0.03,12.38,"Nodo 1 - Pies inventariados","IFN3",2003,50,767.48,0,0,51.66,NA,NA,29.28,36.3,1040.04,17.17,4.22,4.27,1.1,56.07,47.3,1011.7,21.02,22.59,17.26,370.64,350.73,19.9,NA,NA,0,0,0,79.5,225.37,185.72,37.8,352.14,166.64,0.08,19.63,27.4,85.51,299.26,NA,NA,NA,NA,NA,NA,NA,NA,NA,NA,NA,NA,NA,NA
"99",99,"9_1580","Nodo 3 - Pies inventariados","IFN2",10,28,1587.16,11.75,134.69,30.61,0,2.26,15.67,21.25,354.73,6.52,2.92,2.96,1.09,41.22,30.67,700.88,38.52,41.4,5.87,90.67,81.28,9.39,0.01,6.57,0,0,0,0,2.28,0,60.44,77.46,38.62,0,17.1,42.37,50.67,148.76,0.02,7.98,"Nodo 1 - Pies inventariados","IFN3",2003,29,760.41,0,0,15.2,NA,NA,15.95,22.44,395.94,9.77,2.82,2.93,0.51,64.72,43.55,346.36,37.11,39.88,9.74,70.97,62.92,8.06,NA,NA,0,0,0,0,13.29,0,42.94,64.31,29.89,0,6.02,12.74,25.15,73.8,NA,NA,NA,NA,NA,NA,NA,NA,NA,NA,NA,NA,NA,NA
"100",100,"9_1587","Nodo 3 - Pies inventariados","IFN2",10,25,428.72,2.03,144.27,7.6,0,2.21,15.03,16.49,214.25,5.27,3.11,3.12,0.33,33.88,31.94,175.91,91.67,98.51,4.92,17.78,15.97,1.81,0,5.09,0,0,0,0,0,0,14.28,14.9,7.59,0,4.98,13.52,12.58,38.66,0.01,7.81,"Nodo 1 - Pies inventariados","IFN3",2003,26,127.32,0,0,2.97,NA,NA,17.23,17.86,251.22,9.42,3.46,3.48,0.09,54.12,52.76,66.36,94.04,101.05,9.28,9.04,8.08,0.96,NA,NA,0,0,0,0,0,0,6.07,8.18,3.84,0,0.96,2.1,3.64,10.55,NA,NA,NA,NA,NA,NA,NA,NA,NA,NA,NA,NA,NA,NA
"101",101,"9_1589","Nodo 3 - Pies inventariados","IFN2",10,40,533.75,3.24,119.64,22.93,0,4.6,23.39,29.58,688.91,9.95,4.18,4.3,0.78,35.62,33.62,474.96,43.52,46.77,8.76,85.94,81.53,4.42,0.02,16.86,0,0,0,3,44.05,16.57,17.95,78.33,38.74,0,13.7,25.26,37.95,115.65,0.02,18.23,"Nodo 1 - Pies inventariados","IFN3",2003,41,233.43,0,0,13.08,NA,NA,26.71,30.83,750.04,12.38,4.69,4.79,0.42,44.29,40.15,262.04,52.88,56.82,12.48,67.22,63.86,3.37,NA,NA,0,0,0,7.22,39.69,35.31,10.42,62.8,30.34,0,6.36,10.02,21.65,68.37,NA,NA,NA,NA,NA,NA,NA,NA,NA,NA,NA,NA,NA,NA
"102",102,"9_1595","Nodo 3 - Pies inventariados","IFN2",10,40,2261.7,30.32,177.02,66.56,0,6.04,19.36,26.93,570.61,8.3,3.26,3.35,1.99,39.66,30.8,1445.46,25.35,27.24,7.37,229.72,211.88,17.84,0.02,20.57,0,0,0,0,66.68,0,97.44,205.67,100.67,0,37.4,78.05,110.17,326.29,0.02,24.36,"Nodo 1 - Pies inventariados","IFN3",2003,41,834.68,0,0,29.46,NA,NA,21.2,26.89,569.04,11.14,3.63,3.67,0.88,49.85,41.43,625.46,31.07,33.39,11.17,139.88,128.44,11.44,NA,NA,0,0,0,0,68.15,14.74,50.29,129.26,61.03,0,13.11,24.38,48.77,147.27,NA,NA,NA,NA,NA,NA,0,0,0,NA,NA,NA,NA,NA
"103",103,"9_1596","Nodo 3 - Pies inventariados","IFN2",10,47,605.91,3.89,68.68,35.5,0,3.38,27.31,33.37,883.86,13.54,4.41,4.47,0.95,46.09,40.57,707.42,30,32.24,11.37,195.13,185,10.13,0.02,17.99,0,0,0,20.15,119.39,98.18,27.11,183.15,87.9,0.06,16.3,25.23,58.76,188.26,0.02,14.18,"Nodo 1 - Pies inventariados","IFN3",2003,48,385.51,0,0,26.6,NA,NA,29.64,33.83,899.97,15.56,4.56,4.6,0.52,52.02,45.99,519.35,32.74,35.18,15.64,140.56,132.94,7.62,NA,NA,0,0,0,24.89,91.87,71.19,15.13,133.38,63.16,0,8.11,11.62,34.11,116.99,NA,NA,NA,NA,NA,NA,0,0,0,NA,NA,NA,NA,NA
"104",104,"9_1602","Nodo 3 - Pies inventariados","IFN2",10,35,2968.24,53.9,189.18,82.44,0,6.22,18.81,25.88,526.1,9.82,2.97,3.04,2.16,49.87,37.95,1803.37,18.69,20.08,9.12,358.36,326.05,32.3,0.03,27.15,0,0,0,0,129.01,25.46,163.07,327.51,154.92,0,37.39,75.67,136.46,404.43,0.03,24.86,"Nodo 1 - Pies inventariados","IFN3",2003,36,2412.08,0,0,56.96,NA,NA,17.34,24.59,476.63,12.31,2.68,2.79,1.48,64.96,50.08,1271.6,16.53,17.77,12.35,303.48,271.41,32.07,NA,NA,0,0,0,0,108.59,37.18,150.51,279.04,128.95,0,25.03,56.74,94.29,305.01,NA,NA,NA,NA,NA,NA,NA,NA,NA,NA,1.18261182,31.83,0.4325697,23.3638566
"105",105,"9_1608","Nodo 3 - Pies inventariados","IFN2",10,27,1808.24,12.18,133.36,33.65,0.01,2.17,15.39,18.67,273.77,6.92,2.86,2.87,1.17,43.5,37.09,773.84,33.96,36.49,6.37,104.31,92.85,11.46,0.02,6.54,0,0,0,0,0,0,77.48,91.18,44.12,0,17.73,44.5,55.7,162.04,0.03,7.47,"Nodo 1 - Pies inventariados","IFN3",2003,28,636.62,0,0,14.96,NA,NA,17.3,20.77,338.95,11.23,3.1,3.14,0.49,62.27,54.09,334.22,35.28,37.91,11.33,74.72,66.45,8.26,NA,NA,0,0,0,0,15.02,0,43.77,68.36,31.57,0,5.65,11.67,24.77,73.66,NA,NA,NA,NA,NA,NA,NA,NA,NA,NA,NA,NA,NA,NA
"106",106,"9_1609","Nodo 3 - Pies inventariados","IFN2",10,42,2103.52,23.83,185.67,61.79,0.02,6.07,19.34,24.9,486.88,9.06,3.23,3.29,1.79,42.79,36.41,1342.22,24.05,25.85,8,235.56,216.22,19.34,0.06,23.04,0,0,0,0,77.68,0,101.13,213.4,102.73,0,31.68,65.4,102.28,302.08,0.08,23.91,"Nodo 1 - Pies inventariados","IFN3",2003,43,1556.18,0,0,39.85,NA,NA,18.06,24.22,461.08,10.56,3.08,3.14,1.21,48.37,43.62,880.61,24,25.79,10.63,179.64,163.06,16.58,NA,NA,0,0,0,0,68,0,81.28,164.81,77.48,0,23.6,80.58,65.96,247.61,NA,NA,NA,NA,NA,NA,NA,NA,NA,NA,1.84715856,286.47,0.3784587,59.5007739
"107",107,"9_1617","Nodo 3 - Pies inventariados","IFN2",10,38,1671.04,22.73,126.97,64.59,0.01,5.05,22.18,31.21,766.01,14.11,3.43,3.51,1.61,50.61,45.22,1355.67,17.34,18.63,12.12,328.76,304.34,24.42,0.04,25.4,0,0,0,13.36,175.47,70,94.85,305.74,144.6,0,28.7,51.1,106.91,331.32,0.04,20.93,"Nodo 1 - Pies inventariados","IFN3",2003,39,1206.04,0,0,45.04,NA,NA,21.81,33.63,888.86,15.05,3.51,3.62,1.24,51.87,44.76,949.39,19.13,20.56,14.95,256.02,237.33,18.69,NA,NA,0,0,0,27.4,136.48,99.36,66.41,239.81,112.76,0,34.63,113,74.55,334.94,NA,NA,NA,NA,NA,NA,NA,NA,NA,NA,3.71809413,254.64,0.9545817,112.4515704
"108",108,"9_1620","Nodo 3 - Pies inventariados","IFN2",10,25,562.49,3.11,151.8,8.76,0,2.48,14.08,17.62,243.93,4.45,2.92,2.94,0.38,31.01,25.26,206.03,94.73,101.79,4.4,17.65,15.83,1.82,0.02,4.87,0,0,0,0,0,0,12,13.89,7.52,0,6.4,18.67,14.5,47.09,0.03,9.62,"Nodo 1 - Pies inventariados","IFN3",2003,26,127.32,0,0,2.23,NA,NA,14.95,15.36,187.37,6.61,3.15,3.17,0.1,44.33,43.06,51.75,134,143.99,6.58,6.94,6.16,0.78,NA,NA,0,0,0,0,0,0,5.18,6.01,2.93,0,1.15,2.93,3.7,10.71,NA,NA,NA,NA,NA,NA,NA,NA,NA,NA,NA,NA,NA,NA
"109",109,"9_1626","Nodo 3 - Pies inventariados","IFN2",10,36,2512.77,38.21,199.03,66.77,0,6.4,18.39,27.07,576.49,9.9,3.04,3.11,1.91,45.02,36.57,1468.6,20.15,21.65,8.94,256.45,234.29,22.16,0.02,25.19,0,0,0,0,79.55,4.54,120.41,231.22,111.32,0,33.51,70.66,110.51,326,0.02,25.31,"Nodo 1 - Pies inventariados","IFN3",2003,37,1191.89,0,0,26.17,NA,NA,16.72,25.52,512.58,11.36,2.99,3.07,0.88,48.34,44.54,589.45,25.49,27.39,11.52,113.2,102.4,10.79,NA,NA,0,0,0,0,37.49,16.37,52.14,103.13,48.66,0,19.65,79.16,43.31,190.77,NA,NA,NA,NA,NA,NA,0,0,0,NA,2.2128216,254.64,0.458352,72.34959
"110",110,"9_1688","Nodo 3 - Pies inventariados","IFN2",10,34,293.77,1.06,103.85,10.19,0,3.52,21.01,23.34,428,7.29,4.18,4.21,0.41,29.84,31.25,216.71,79.98,85.95,6,28.92,27.13,1.79,0.01,10.27,0,0,0,0,11.96,0,9.32,25.7,12.89,0,7.02,15.16,16.86,51.93,0.02,13.84,"Nodo 1 - Pies inventariados","IFN3",2003,35,265.26,0,0,5.38,NA,NA,16.08,20.62,340.28,6.89,4.06,4.09,0.18,41.45,33.44,122.49,89.07,95.71,6.86,13.49,12.53,0.95,NA,NA,0,0,0,0,3.49,0,5.86,12,5.96,0,2.72,5.86,7.23,21.76,NA,NA,NA,NA,NA,NA,NA,NA,NA,NA,NA,NA,NA,NA
"111",111,"9_1735","Nodo 3 - Pies inventariados","IFN2",10,30,578.44,2.9,135.7,10.44,0,2.2,15.16,18.32,264.15,4.67,3.13,3.15,0.45,28.87,25.47,240.97,89.1,95.75,4.08,20.88,18.92,1.96,0,4.36,0,0,0,0,0,0,12.19,17.22,8.99,0,7.89,22.11,17.28,56.26,0.02,8.5,"Nodo 1 - Pies inventariados","IFN3",2003,31,159.15,0,0,3.3,NA,NA,16.24,17.42,241.47,5.85,3.39,3.43,0.15,36.79,33.6,74.82,135.43,145.52,5.94,8.88,8.03,0.85,NA,NA,0,0,0,0,0,0,5.66,7.57,3.81,0,2.06,5.13,5.46,16.46,NA,NA,NA,NA,NA,NA,NA,NA,NA,NA,NA,NA,NA,NA
"112",112,"9_1810","Nodo 3 - Pies inventariados","IFN2",10,29,428.68,2.1,91.24,20.58,0,4.29,24.72,30.28,723.46,9.8,4.46,4.52,0.69,37.2,32.36,420.42,49.28,52.96,8.79,83.08,78.75,4.33,0.02,17.13,0,0,0,3.52,46.35,8.99,17.26,76.02,37.42,0,11.66,20.62,34.06,103.77,0.02,17.24,"Nodo 1 - Pies inventariados","IFN3",2003,30,304.16,0,0,14.16,NA,NA,24.35,29.94,708.62,11.65,4.31,4.39,0.46,46.5,38.9,290.37,49.24,52.91,11.52,70.48,66.12,4.36,NA,NA,0,0,0,5.01,35.69,22.55,15.58,65.69,31.42,0,6.67,11.19,23.44,72.72,NA,NA,NA,NA,NA,NA,NA,NA,NA,NA,NA,NA,NA,NA
"113",113,"9_1884","Nodo 3 - Pies inventariados","IFN2",10,40,610.75,4.09,116.16,27.47,0,5.21,23.93,31.92,802.83,12.46,4.01,4.09,0.8,48.02,39.03,565.72,32.48,34.9,10.58,140.12,131.1,9.02,0.03,26.35,0,0,0,13.7,73.47,59.48,33.65,130.44,62.29,0,12.58,21.2,45.46,141.53,0.03,21.35,"Nodo 1 - Pies inventariados","IFN3",2003,41,1266.17,0,0,27.53,NA,NA,16.64,31.22,774.88,12.85,3.92,4.03,0.5,34.25,41.16,620.93,21.87,23.5,12.2,96.49,90.04,6.44,NA,NA,0,0,0,12.58,47.03,37.22,24.99,90.29,42.78,0,7.56,12.35,28.94,91.63,NA,NA,NA,NA,NA,NA,NA,NA,NA,NA,5.23367958,541.11,0,NA
"114",114,"9_1959","Nodo 3 - Pies inventariados","IFN2",10,35,637.47,3.17,120.73,24.21,0,5.21,21.99,28.06,618.57,8.83,3.95,3.99,0.8,41.49,31.48,509.33,44.84,48.18,7.85,97.09,90.2,6.89,0.02,19.64,0,0,0,0,44.83,0,30.63,88.69,42.86,0,12.83,24.29,40.08,120.05,0.02,20.82,"Nodo 1 - Pies inventariados","IFN3",2003,36,519.91,0,0,18.14,NA,NA,21.08,24.92,495.03,11.12,3.74,3.77,0.58,52.2,44.62,385.63,39.45,42.39,11.15,92.19,84.34,7.85,NA,NA,0,0,0,0,43.56,9.2,32.27,85.52,40.07,0,9.44,22.92,30.02,102.46,NA,NA,NA,NA,NA,NA,NA,NA,NA,NA,0.58904598,31.83,0.1801578,13.1757102
"115",115,"9_218","Nodo 3 - Pies inventariados","IFN2",10,43,1562.09,15.63,170.09,48.67,0,5.92,19.92,28.27,629.68,9.37,3.48,3.56,1.56,35.65,33.13,1049.38,27.02,29.03,7.97,158.82,147.79,11.03,0.02,20.13,0,0,0,0,55.91,0,59.25,141.57,70.22,0,29.51,62.24,80.55,242.52,0.02,23.93,"Nodo 1 - Pies inventariados","IFN3",2003,44,477.46,0,0,16.86,NA,NA,21.2,27.33,589.3,10.91,3.81,3.87,0.56,45.87,39.92,357.88,41.95,45.08,11.14,75.18,69.53,5.65,NA,NA,0,0,0,0,34.81,17.92,24.86,69.07,33.03,0,8.1,15.35,27.9,84.39,NA,NA,NA,NA,NA,NA,0,0,0,NA,NA,NA,NA,NA
"116",116,"9_2337","Nodo 3 - Pies inventariados","IFN2",10,41,2978.45,125.52,182.58,82.09,0,6.31,18.73,30.82,748.07,15.73,2.59,2.71,1.71,77.24,51.04,1797.42,11.65,12.52,13.5,539.04,483.8,55.25,0.05,40.45,0,0,0,11.42,213.16,145.39,239.96,504.53,229.87,0,26.81,47.31,135.87,439.86,0.05,26.86,"Nodo 1 - Pies inventariados","IFN3",2003,42,1152.99,0,0,40.73,NA,NA,21.21,30.89,752.1,17.73,3.09,3.17,0.91,78.26,57.41,864.54,16.61,17.85,17.78,310.64,281.3,29.34,NA,NA,0,0,0,16.98,152.14,103.9,108.7,293.31,133.66,0,13.07,23.33,67.41,237.46,NA,NA,NA,NA,NA,NA,0,0,0,NA,0.39688827,31.83,0.1992558,5.44293
"117",117,"9_2346","Nodo 3 - Pies inventariados","IFN2",10,24,313.92,2.41,0,35.9,0,0,38.16,42.76,1438.57,21.18,5.24,5.3,0.69,55.92,49.54,658.04,26.64,28.63,19.2,322.37,313.65,8.72,0.08,0,2.49,2.49,2.16,205.44,107.62,95.75,11.21,308.26,149.03,1.03,13.23,15.02,59.43,237.74,0.06,0,"Nodo 1 - Pies inventariados","IFN3",2003,25,298.22,0,0,31.99,NA,NA,36.95,42.05,1393.04,19.83,5.21,5.29,0.65,55.33,47.16,590.96,29.2,31.38,19.83,275.06,267.03,8.03,NA,NA,2.63,2.63,2.28,165.75,102.45,87.23,11.18,262.9,126.88,0.84,12.13,14.14,52.94,206.92,NA,NA,NA,NA,NA,NA,NA,NA,NA,NA,NA,NA,NA,NA
"118",118,"9_2351","Nodo 3 - Pies inventariados","IFN2",10,31,991.88,9.39,166.59,31,0,6.06,19.95,31.37,782.99,9.97,3.44,3.58,1,42.28,31.78,668.12,31.84,34.22,8.93,119.33,111.12,8.22,0.03,23.75,0,0,0,4.73,39.16,9.95,43.02,108.47,52.79,0,16.7,32.56,51.31,153.36,0.03,24.11,"Nodo 1 - Pies inventariados","IFN3",2003,32,590.64,0,0,18.06,NA,NA,19.73,30.19,726.99,14.1,3.2,3.38,0.53,68.21,46.69,390.39,29.19,31.37,14.01,107.56,98.16,9.41,NA,NA,0,0,0,9.83,44.71,23.36,41.4,100.13,46.64,0,6.82,11.65,29.9,95.01,NA,NA,NA,NA,NA,NA,NA,NA,NA,NA,NA,NA,NA,NA
"119",119,"9_2413","Nodo 3 - Pies inventariados","IFN2",10,71,772.8,10.96,103.15,38.39,0.01,4.18,25.15,35.52,1011.83,18.19,3.64,3.77,0.86,62.92,51.21,780.92,19.78,21.25,16.44,284.32,265.94,18.38,0.06,29.92,0,0,2.35,52.29,162.75,127.17,47.87,269.47,126.36,0.32,13.58,20.16,63.54,223.95,0.04,18.42,"Nodo 1 - Pies inventariados","IFN3",2003,72,341.09,0,0,21.52,NA,NA,28.34,34.46,960.51,18.58,4.3,4.4,0.52,63.09,53.91,424.89,29.14,31.32,18.61,167,157.32,9.68,NA,NA,0,0,2.09,34.46,92.75,76.79,21.54,159.22,74.75,0.36,7.67,10.44,35.62,128.83,NA,NA,NA,NA,NA,NA,0,0,0,NA,NA,NA,NA,NA
"120",120,"9_245","Nodo 3 - Pies inventariados","IFN2",10,41,120.9,0.36,43.45,7.27,0,2.35,27.67,27.83,609.5,6.3,5.62,5.63,0.3,22.93,22.63,144.42,144.44,155.21,5.8,19.5,19.03,0.47,0.01,6.18,0,0,0,0,11.43,0,2.28,17.23,9.04,0,6.12,11.32,12.04,38.51,0.02,10.12,"Nodo 1 - Pies inventariados","IFN3",2003,42,42.44,0,0,2.79,NA,NA,28.94,28.9,657.98,7.5,6,6.01,0.12,25.95,25.95,54.84,204.67,219.93,7.5,8.91,8.69,0.22,NA,NA,0,0,0,0,5.45,0,0.99,8.01,4.13,0,2.1,3.64,4.62,14.49,NA,NA,NA,NA,NA,NA,NA,NA,NA,NA,NA,NA,NA,NA
"121",121,"9_246","Nodo 3 - Pies inventariados","IFN2",10,45,979.1,6.52,179.23,28.74,0,6.08,19.33,27.86,612.91,6.5,3.57,3.68,1.04,33.25,23.34,624.41,49.15,52.81,5.7,80.38,74.85,5.52,0.02,16.31,0,0,0,0,21.56,0,34.97,70.03,35.57,0,19.77,42.79,47.58,145.7,0.02,25.36,"Nodo 1 - Pies inventariados","IFN3",2003,46,120.25,0,0,6.27,NA,NA,25.76,26.32,563.29,8.32,5,5.13,0.25,33.89,31.62,126.75,109.6,117.77,8.56,21.66,20.67,0.99,NA,NA,0,0,0,0,10.46,0,4.36,19.62,9.82,0,4.45,7.83,10.38,32.47,NA,NA,NA,NA,NA,NA,0,0,0,NA,NA,NA,NA,NA
"122",122,"9_305","Nodo 3 - Pies inventariados","IFN2",10,39,627.72,4.26,83.79,32.97,0,3.85,25.86,32.48,831.7,13.63,4.33,4.39,0.95,41.64,41.96,665.95,29.29,31.48,12.06,161.93,153.5,8.42,0.03,18.32,0,0,0,14.23,93.87,64.39,25.61,150.73,72.93,0,16.63,28.07,54.57,172.2,0.03,15.82,"Nodo 1 - Pies inventariados","IFN3",2003,40,173.3,0,0,11.21,NA,NA,28.7,31.25,774.62,14.38,4.98,5.03,0.34,47.24,46.02,220.7,52.82,56.76,14.12,66.62,63.45,3.17,NA,NA,0,0,0,14.96,39.87,31.1,7.36,62.76,30.15,0,4.97,7.35,18.56,61.03,NA,NA,NA,NA,NA,NA,0,0,0,NA,NA,NA,NA,NA
"123",123,"9_355","Nodo 3 - Pies inventariados","IFN2",10,30,879.22,5.33,152.44,21.69,0,4.34,17.72,23.74,443.68,6.96,3.41,3.48,0.84,30.94,29.31,481.65,48.47,52.09,5.75,54.58,50.43,4.15,0.01,11.9,0,0,0,0,6.7,0,25.59,46.79,23.96,0,15.44,37.44,35.91,112.75,0.02,17.52,"Nodo 1 - Pies inventariados","IFN3",2003,31,618.94,0,0,14.05,NA,NA,17,21.35,360.1,9.25,3.13,3.22,0.43,48.87,43.31,315.23,43.47,46.71,9.24,46.19,41.72,4.47,NA,NA,0,0,0,0,12.42,0,23.97,41.25,19.82,0,5.62,12.32,19.6,57.36,NA,NA,NA,NA,NA,NA,NA,NA,NA,NA,NA,NA,NA,NA
"124",124,"9_382","Nodo 3 - Pies inventariados","IFN2",10,31,1589.63,17.75,192.67,42.65,0,6.28,18.48,26.13,536.58,9.71,3.17,3.26,1.33,42.87,37.18,936.99,25.82,27.75,8.26,157.83,144.96,12.87,0.02,23.88,0,0,0,0,51.03,0,66.99,141.83,68.87,0,22.26,46.85,70.59,208.58,0.02,24.56,"Nodo 1 - Pies inventariados","IFN3",2003,32,997.37,0,0,24.32,NA,NA,17.62,26.54,556.09,11.59,2.91,3.02,0.61,60.57,43.66,540.76,27.32,29.36,11.73,102.46,92.07,10.4,NA,NA,0,0,0,0,33.94,19.52,50.5,94.29,43.74,0,7.74,15.32,33.24,100.04,NA,NA,NA,NA,NA,NA,NA,NA,NA,NA,NA,NA,NA,NA
"125",125,"9_393","Nodo 3 - Pies inventariados","IFN2",10,29,600.73,2.74,126,16.79,0,3.81,18.87,22.72,405.49,5.89,3.71,3.75,0.66,29.74,25.94,367.03,69.24,74.4,5.12,42,38.97,3.03,0.01,9.68,0,0,0,0,5.81,0,21,36.78,18.51,0,12.07,28.09,27.79,86.47,0.02,15.48,"Nodo 1 - Pies inventariados","IFN3",2003,30,314.77,0,0,9.59,NA,NA,19.7,22.62,402.93,8.19,3.81,3.84,0.36,41.03,36.2,207.39,68.82,73.96,7.93,34.73,31.89,2.84,NA,NA,0,0,0,0,7.08,0,16.45,31.11,15.15,0,5.14,10.68,15.88,46.84,NA,NA,NA,NA,NA,NA,0,0,0,NA,NA,NA,NA,NA
"126",126,"9_467","Nodo 3 - Pies inventariados","IFN2",10,31,931.21,6.49,159.61,30.4,0,5.84,20.39,27.14,580.97,10.95,3.57,3.63,0.96,43.43,40.34,651.67,29.93,32.17,9.79,124.35,114.82,9.52,0.02,25.3,0,0,0,0,47.18,26.57,48.85,113.52,54.56,0,15.18,29.98,50.32,150.03,0.02,22.68,"Nodo 1 - Pies inventariados","IFN3",2003,32,537.59,0,0,12.46,NA,NA,17.18,21.92,382.63,12.02,3.37,3.41,0.37,60.58,54.82,278.8,35.9,38.57,11.93,57.75,51.93,5.81,NA,NA,0,0,0,0,15.38,5.8,30.58,53.39,24.68,0,4.37,8.59,18.66,56.28,NA,NA,NA,NA,NA,NA,0,0,0,NA,NA,NA,NA,NA
"127",127,"9_610","Nodo 3 - Pies inventariados","IFN2",10,45,697.13,4.78,86.52,36.04,0,3.85,25.66,31.1,760.78,12.3,4.2,4.27,1,45.18,39.54,729.44,30.8,33.1,10.81,183.48,173.09,10.39,0.03,19.14,0,0,0,7.84,107.17,96.28,32.34,170.98,82.24,0,17.06,27.78,59.65,186.74,0.03,15.76,"Nodo 1 - Pies inventariados","IFN3",2003,46,544.66,0,0,28.71,NA,NA,25.91,31.84,797.91,12.58,4.28,4.37,0.82,46.16,39.5,579.71,34.07,36.61,12.48,150.91,142.66,8.25,NA,NA,0,0,0,9.71,86.47,77.76,25.43,141.11,67.79,0,13.39,21.34,47.52,150.03,NA,NA,NA,NA,NA,NA,NA,NA,NA,NA,NA,NA,NA,NA
"128",128,"9_621","Nodo 3 - Pies inventariados","IFN2",10,35,1414.18,9.24,118.34,40.63,0,3.69,19.13,22.65,403,7.15,3.42,3.46,1.33,38.68,31.56,885.05,37.2,39.97,7.12,135.11,123.98,11.12,0.02,12.25,0,0,0,0,36.57,0,65.36,120.35,58.91,0,23.13,50.04,67.25,199.33,0.02,14.42,"Nodo 1 - Pies inventariados","IFN3",2003,36,930.17,0,0,27.69,NA,NA,19.47,23.12,420.05,11.34,3.42,3.46,0.88,52.26,49.08,600.48,28.9,31.06,11.33,127.56,115.56,12,NA,NA,0,0,0,0,45.13,2.46,58.9,117.04,54.9,0,17.3,46.17,45.83,164.2,NA,NA,NA,NA,NA,NA,NA,NA,NA,NA,1.07789112,31.83,0.2530485,32.4745575
"129",129,"9_68","Nodo 3 - Pies inventariados","IFN2",10,35,1078.22,7.38,194.33,29.14,0,6.4,18.55,25.23,499.87,7.23,3.4,3.48,1.03,36.39,28.65,639.65,42.13,45.27,6.5,89.3,82.32,6.98,0.02,19.45,0,0,0,0,20.98,0,41.85,79.14,39.11,0,17.73,39.17,48.24,144.25,0.05,25.42,"Nodo 1 - Pies inventariados","IFN3",2003,36,534.05,0,0,15.45,NA,NA,19.19,22.92,414.6,9.35,3.49,3.53,0.52,51.47,40.79,336.22,46.28,49.73,9.08,69.15,62.74,6.41,NA,NA,0,0,0,0,25,0,33.21,63.29,29.81,0,6.85,13.67,25.57,75.9,NA,NA,NA,NA,NA,NA,NA,NA,NA,NA,NA,NA,NA,NA
"130",130,"9_714","Nodo 3 - Pies inventariados","IFN2",10,37,1310.11,9.49,145.39,43.37,0,5.55,20.53,27.43,591.37,10.41,3.5,3.55,1.3,43.69,37.97,928.13,26.53,28.51,8.67,176.02,162.22,13.8,0.02,22.67,0,0,0,0,70.39,4.69,68.57,160.98,77.08,0,21.81,42.99,71.79,213.66,0.02,22.01,"Nodo 1 - Pies inventariados","IFN3",2003,38,859.44,0,0,27.24,NA,NA,20.09,26.38,551.38,11.27,3.46,3.51,0.83,52.08,42.72,586.1,30.27,32.53,11.23,129.38,118.03,11.34,NA,NA,0,0,0,0,53.56,9.64,54.98,119.14,56.08,0,11.78,22.51,45.09,135.46,NA,NA,NA,NA,NA,NA,NA,NA,NA,NA,NA,NA,NA,NA
"131",131,"9_72","Nodo 3 - Pies inventariados","IFN2",10,30,385.27,1.48,167.48,12.53,0,5.78,20.35,27.56,597.82,5.89,4,4.13,0.52,24.51,21.36,268.66,86.53,92.98,4.19,28.41,27.08,1.33,0.01,13.35,0,0,0,0,8.8,0,8.42,24.74,12.87,0,10.62,23.78,20.73,68.01,0.03,25.09,"Nodo 1 - Pies inventariados","IFN3",2003,31,106.1,0,0,3.93,NA,NA,21.71,21.36,382.32,7.35,4.29,4.42,0.16,34.6,34.4,82.88,132.09,141.94,7.26,13.42,12.67,0.75,NA,NA,0,0,0,0,5.32,0,3.99,12.19,6.02,0,2.44,4.76,6.5,19.71,NA,NA,NA,NA,NA,NA,NA,NA,NA,NA,NA,NA,NA,NA
"132",132,"9_76","Nodo 3 - Pies inventariados","IFN2",10,30,750.7,3.99,86.24,18.89,0,1.86,17.9,19.85,309.64,6.47,3.49,3.5,0.72,33.98,32.57,418.28,56.45,60.66,5.75,51.86,47.44,4.42,0.01,5.03,0,0,0,0,0,0,31.73,45.32,22.54,0,12.02,28.47,31.26,94.29,0.02,6.95,"Nodo 1 - Pies inventariados","IFN3",2003,31,763.94,0,0,14.56,NA,NA,15.58,20.22,321.5,9.12,3.39,3.41,0.44,55.35,45.12,333.87,39.65,42.61,8.93,46.87,42.3,4.57,NA,NA,0,0,0,0,4.31,0,27.11,42.14,20.1,0,5.83,12.69,20.04,58.66,NA,NA,NA,NA,NA,NA,NA,NA,NA,NA,NA,NA,NA,NA
"133",133,"9_77","Nodo 3 - Pies inventariados","IFN2",10,30,558.49,2.97,147.67,9.22,0,2.42,14.5,17.01,227.26,4.97,3,3.01,0.4,30.92,29.2,215.16,85.2,91.55,4.5,19.32,17.38,1.95,0.02,5.2,0,0,0,0,0,0,14.23,15.6,8.26,0,6.55,18.76,15.26,48.82,0.04,9.05,"Nodo 1 - Pies inventariados","IFN3",2003,31,222.82,0,0,2.84,NA,NA,12.74,14.42,165.62,6.96,2.67,2.7,0.13,45.94,48.27,68.5,96.26,103.44,5.78,8.25,7.21,1.04,NA,NA,0,0,0,0,0,0,5.7,7.02,3.42,0,1.43,4.11,4.7,13.68,NA,NA,NA,NA,NA,NA,NA,NA,NA,NA,NA,NA,NA,NA
"134",134,"9_903","Nodo 3 - Pies inventariados","IFN2",10,20,28.24,0.06,0,2.63,0,0,34.43,33.42,931.26,11.19,8.41,8.41,0.08,33.49,33.49,49.45,168.13,180.67,10.75,7.71,7.86,-0.15,0.02,0,0,0,0,5.74,1.66,0,0,7.21,3.73,0.11,1.47,1.95,3.19,10.45,0.03,0,"Nodo 1 - Pies inventariados","IFN3",2003,21,28.29,0,0,2.8,NA,NA,35.52,35.43,990.86,9.66,7.75,7.75,0.07,27.26,27.26,52.31,194.63,209.15,9.66,5.7,5.75,-0.05,NA,NA,0,0,0,2.82,1.69,0,0,5.27,2.73,0,1.27,1.83,2.64,8.47,NA,NA,NA,NA,NA,NA,NA,NA,NA,NA,NA,NA,NA,NA
"135",135,"9_904","Nodo 3 - Pies inventariados","IFN2",10,19,108.03,0.43,29.09,8.81,0,2.02,32.23,31.79,837.03,7.76,6.19,6.38,0.35,24.94,24.41,168.47,124.01,133.26,7.16,27.21,27.06,0.15,0.01,5.99,0,0,0,6.03,9.57,0,2.12,24.63,12.86,0.61,7.95,12.44,14.59,48.44,0.01,9.34,"Nodo 1 - Pies inventariados","IFN3",2003,20,408.29,0,0,11.42,NA,NA,18.87,29.23,709.38,7.22,6.03,6.26,0.19,33.86,24.72,249.54,68.51,73.62,7,13.69,13.66,0.03,NA,NA,0,0,0,1.53,3.76,0,1.13,12.37,6.49,0.31,4.59,7.36,7.97,26.71,NA,NA,NA,NA,NA,NA,NA,NA,NA,NA,NA,NA,NA,NA
"136",136,"9_919","Nodo 3 - Pies inventariados","IFN2",10,48,600.39,3.74,98.37,31.26,0,4.25,25.75,31.78,795.9,11.78,4.29,4.36,0.9,44.46,37.07,632.17,34.64,37.23,10.5,156.54,147.81,8.73,0.02,20.59,0,0,0,8.51,87.67,78.48,28.31,146.07,70.23,0,15.1,24.69,51.74,161.76,0.02,17.38,"Nodo 1 - Pies inventariados","IFN3",2003,49,848.83,0,0,34.12,NA,NA,22.62,32.02,808.62,14.94,4.15,4.25,0.57,58.25,46.64,712.67,22.98,24.69,14.79,110.94,104.58,6.36,NA,NA,0,0,0,14.51,62.42,56.31,19.65,103.72,49.69,0,11.41,25.1,32.93,119.13,NA,NA,NA,NA,NA,NA,NA,NA,NA,NA,0.86023758,31.83,0.305568,17.079978
"137",137,"9_924","Nodo 3 - Pies inventariados","IFN2",10,45,748.51,5.29,180.84,21.18,0,6.52,18.98,26.32,544.07,7.16,3.53,3.66,0.79,32.41,27.19,462.29,51.07,54.88,6.25,61.85,57.75,4.1,0.03,19.42,0,0,0,0,21.54,0,22.06,54.68,27.44,0,14.1,31.45,35.06,108.06,0.05,26.33,"Nodo 1 - Pies inventariados","IFN3",2003,46,519.91,0,0,10.5,NA,NA,16.03,22.29,395.27,7.47,2.99,3.17,0.41,39.59,33.53,238.94,58.68,63.05,7.52,33.67,30.83,2.84,NA,NA,0,0,0,0,9.52,0,13.51,29.65,14.65,0,6.08,14.48,17.37,52.58,NA,NA,NA,NA,NA,NA,NA,NA,NA,NA,NA,NA,NA,NA
"139",139,"9_959","Nodo 3 - Pies inventariados","IFN2",10,39,632.21,5.97,132.43,28.64,0,5.05,24.01,31.71,790.42,12.69,3.94,4.1,0.83,45.67,40,589.25,31.35,33.69,11.62,144.12,136.08,8.04,0.02,24.5,0,0,0,14.06,84.02,70.96,26.42,134.75,64.65,0,13.63,22.73,47.4,148.41,0.02,20.34,"Nodo 1 - Pies inventariados","IFN3",2003,40,820.53,0,0,27.18,NA,NA,20.54,33.35,877.2,14.75,3.65,3.9,0.5,46.77,44.22,581.65,23.67,25.44,14.73,103.05,97.33,5.72,NA,NA,0,0,0,14.69,61.55,55.32,13.65,96.69,46.24,0,8.67,17.81,29.14,101.87,NA,NA,NA,NA,NA,NA,NA,NA,NA,NA,1.86845283,190.98,0.1390971,NA
