"","X","PLOT_ID","ID_escenario","Hoja_arboles.x","INVENTORY_ID_IFN2","Anho.x","T_IFN2","N_IFN2","N_muerto_IFN2","N_incorporado_IFN2","G_IFN2","G_muerta_IFN2","G_incorporada_IFN2","dg_IFN2","Do_IFN2","Seccion_dominante_IFN2","Ho_IFN2","d_copa_IFN2","Do_copa_IFN2","FCC_IFN2","Esbeltez.x","Esbeltez_dominante.x","SDI_IFN2","SDImax","Hart_IFN2","Hart_tresbolillo_IFN2","SI_IFN2","VOB_IFN2","VUB_IFN2","VBARK_IFN2","V_muerto_IFN2","V_incorporado_IFN2","V_desenrollo.x","V_chapa.x","V_sierra_gruesa_IFN2","V_sierra_IFN2","V_sierra_canter_IFN2","V_postes.x","V_estacas.x","V_trituracion_IFN2","WSW_IFN2","WTHICKB_IFN2","WB2_7_IFN2","WTBL_IFN2","WR_IFN2","WT_IFN2","WT_muerta_IFN2","WT_incorporada_IFN2","Hoja_arboles.y","INVENTORY_ID_IFN3","Anho.y","T_IFN3","N_IFN3","N_muerto_IFN3.x","N_incorporado_IFN3.x","G_IFN3","G_muerta_IFN3.x","G_incorporada_IFN3.x","dg_IFN3","Do_IFN3","Seccion_dominante_IFN3","Ho_IFN3","d_copa_IFN3","Do_copa_IFN3","FCC_IFN3","Esbeltez.y","Esbeltez_dominante.y","SDI_IFN3","Hart_IFN3","Hart_tresbolillo_IFN3","SI_IFN3","VOB_IFN3","VUB_IFN3","VBARK_IFN3","V_muerto_IFN3.x","V_incorporado_IFN3.x","V_desenrollo.y","V_chapa.y","V_sierra_gruesa_IFN3","V_sierra_IFN3","V_sierra_canter_IFN3","V_postes.y","V_estacas.y","V_trituracion_IFN3","WSW_IFN3","WTHICKB_IFN3","WB2_7_IFN3","WTBL_IFN3","WR_IFN3","WT_IFN3","WT_muerta_IFN3.x","WT_incorporada_IFN3.x","G_incorporada_IFN3.y","N_incorporado_IFN3.y","V_incorporado_IFN3.y","WT_incorporada_IFN3.y","G_cortada_IFN3","N_cortado_IFN3","V_cortado_IFN3","WT_cortada_IFN3","G_muerta_IFN3.y","N_muerto_IFN3.y","V_muerto_IFN3.y","WT_muerta_IFN3.y"
"1",1,"40_1022","Nodo 3 - Pies inventariados",35,"IFN2",10,35,932.73,11.59,0,41.57,0.02,0,23.82,33.14,867.92,15.44,3.59,3.7,1,60.29,46.6,857.27,0,21.2,22.78,11.87,264.96,245.96,19,0.05,0,0,0,0,20.99,147.76,120.87,60.66,249.36,116.87,0,15.79,24.89,68.8,226.35,0.05,0,"Nodo 1 - Pies inventariados","IFN3",2004,37,802.85,0,0,32.94,NA,NA,22.85,34.35,935.28,14.53,3.5,3.7,0.86,58.33,42.29,686.19,24.29,26.1,14.44,196.56,183.4,13.16,NA,NA,0,0,0,26.65,96.65,75.22,49.12,184.45,87.14,0.02,13.34,21.2,54.52,176.22,NA,NA,NA,NA,NA,NA,NA,NA,NA,NA,0.61619697,31.83,3.6088854,3.0926028
"2",2,"40_1033","Nodo 3 - Pies inventariados",35,"IFN2",10,35,1055.09,9.48,0,33.92,0,0,20.23,26.68,561.7,12.11,3.37,3.44,0.98,53.45,45.37,729.13,0,25.43,27.32,8.71,168.12,153.63,14.49,0.02,0,0,0,0,0,74.71,27.96,65.01,155.4,72.99,0,14.36,26.96,56.14,170.46,0.02,0,"Nodo 1 - Pies inventariados","IFN3",2004,37,700.28,0,0,22.43,NA,NA,20.19,26.48,555.81,11.66,3.48,3.54,0.69,55.19,44.04,482.01,32.4,34.82,11.47,113.31,103.28,10.03,NA,NA,0,0,0,2.26,44.83,12.33,46.44,104.8,49.07,0,9.32,17.43,37.13,112.95,NA,NA,NA,NA,NA,NA,0,0,0,NA,NA,NA,NA,NA
"3",3,"40_1062","Nodo 3 - Pies inventariados",35,"IFN2",10,38,1010.79,7.8,0,24.72,0,0,17.65,24.02,453.55,10.02,3.16,3.21,0.82,49.47,41.73,550.11,0,31.38,33.72,6.87,99.43,89.78,9.65,0.02,0,0,0,0,0,26.1,0,55.11,89.96,42.66,0,11.45,24.49,40.91,119.51,0.02,0,"Nodo 1 - Pies inventariados","IFN3",2004,40,679.06,0,0,16.67,NA,NA,17.68,22.88,415.29,9.74,3.23,3.31,0.58,49.6,42.57,370.29,39.4,42.34,9.72,65.97,59.69,6.27,NA,NA,0,0,0,0,10.24,0,34.38,59.49,28.36,0,7.94,16.82,27.59,80.71,NA,NA,NA,NA,NA,NA,NA,NA,NA,NA,NA,NA,NA,NA
"4",4,"40_1089","Nodo 3 - Pies inventariados",35,"IFN2",10,42,362.57,1.72,0,14.16,0,0,22.3,25.72,520.8,10.8,4.11,4.14,0.44,47.17,42,296.91,0,48.61,52.24,7.79,63.42,58.73,4.69,0.02,0,0,0,0,0,34.12,8.95,18.05,58.66,27.9,0,6.14,11.01,22.1,67.16,0.02,0,"Nodo 1 - Pies inventariados","IFN3",2004,44,275.87,0,0,10.5,NA,NA,22.02,24.85,491.34,10.52,4.07,4.12,0.33,47.26,42.33,220.88,57.25,61.52,10.59,42.58,39.4,3.18,NA,NA,0,0,0,0,21.57,2.71,14.08,39.34,18.72,0,4.41,8.02,15.42,46.57,NA,NA,NA,NA,NA,NA,NA,NA,NA,NA,NA,NA,NA,NA
"5",5,"40_1141","Nodo 3 - Pies inventariados",35,"IFN2",10,29,822.06,5.55,0,36.22,0,0,23.69,28.97,660.29,13.6,3.77,3.81,0.94,56.76,46.94,748.04,0,25.64,27.55,10.19,215.98,199.4,16.59,0.02,0,0,0,0,2.25,131.66,95.84,52.69,202.64,94.74,0,14.12,23.29,59.95,192.1,0.02,0,"Nodo 1 - Pies inventariados","IFN3",2004,31,650.77,0,0,29.92,NA,NA,24.19,31.2,766.88,14.38,3.85,3.91,0.78,58.3,46.09,614.53,27.26,29.29,14.51,187.56,173.81,13.75,NA,NA,0,0,0,14.03,113.51,88.49,43.08,176.7,82.58,0,11.44,18.24,49.52,161.78,NA,NA,NA,NA,NA,NA,NA,NA,NA,NA,NA,NA,NA,NA
"6",6,"40_1145","Nodo 3 - Pies inventariados",35,"IFN2",10,38,442.79,2.84,0,24.77,0.01,0,26.69,33.25,872.45,13.23,4.38,4.46,0.69,50.22,39.79,496.37,0,35.92,38.6,9.81,143.24,135.08,8.16,0.04,0,0,0,0,19.61,83.91,76.35,22.92,135.1,64.18,0,10.82,16.56,41.01,132.57,0.04,0,"Nodo 1 - Pies inventariados","IFN3",2004,40,205.13,0,0,12.58,NA,NA,27.95,32.66,846.96,12.25,4.83,4.97,0.4,45.92,37.49,249.31,57.02,61.27,12.48,68.09,64.98,3.11,NA,NA,0,0,0,17.6,35.88,32.79,10.02,63.8,30.87,0,6.11,9.15,20.83,66.96,NA,NA,NA,NA,NA,NA,0,0,0,NA,NA,NA,NA,NA
"7",7,"40_1396","Nodo 3 - Pies inventariados",35,"IFN2",10,28,29.31,0.12,0,4.02,0,0,41.79,40.54,1371.7,11.1,7.82,8.04,0.15,27.38,27.38,71.88,0,166.39,178.79,8.12,18.73,19.15,-0.42,0.01,0,0,0,0,10.49,4.48,3.08,0.36,17.62,9.1,1,2.83,3.49,6.65,23.07,0.02,0,"Nodo 1 - Pies inventariados","IFN3",2004,30,10.19,0,0,2.4,NA,NA,54.73,54.69,2352.43,9.96,11.05,11.06,0.1,18.21,18.21,40.13,314.64,338.1,9.96,9.25,9.83,-0.57,NA,NA,0,0,2.2,6.84,0,0,0,8.62,4.67,1.29,2.23,2.54,3.97,14.7,NA,NA,NA,NA,NA,NA,0,0,0,NA,NA,NA,NA,NA
"8",8,"40_1808","Nodo 3 - Pies inventariados",35,"IFN2",10,35,2393.69,25.47,0,42.57,0.02,0,15.05,20.37,326.47,10.16,2.57,2.61,1.28,59.73,49.88,986.58,0,20.12,21.62,7,180.18,158.35,21.82,0.03,0,0,0,0,0,10.13,0,126.83,161.79,75.24,0,17.07,39.6,70.47,202.38,0.06,0,"Nodo 1 - Pies inventariados","IFN3",2004,37,1114.08,0,0,18.99,NA,NA,14.73,20.88,343.18,10.24,2.7,2.78,0.68,47.7,49.04,441.63,29.26,31.44,10.19,70.16,62.74,7.43,NA,NA,0,0,0,0,12.61,0,39.15,62.29,29.81,0,9.37,24.25,31.44,94.87,NA,NA,NA,NA,NA,NA,0,0,0,NA,NA,NA,NA,NA
"9",9,"42_1194","Nodo 3 - Pies inventariados",35,"IFN2",10,32,2005.35,0,0,27.07,NA,0,13.11,22.55,400.34,11.03,2.86,2.91,0.66,59.9,48.92,654.15,1089.15,20.25,21.76,7.87,92.52,82.28,10.24,0,0,0,0,0,0,15.76,0,56.04,83.4,39.09,0,8.29,18.02,34.12,99.53,NA,0,"Nodo 1 - Pies inventariados","IFN3",2004,34,1779,0,0,21.71,NA,NA,12.47,21.16,354.82,10.76,2.64,2.73,0.44,68.36,50.87,526.33,22.03,23.67,10.66,62.98,55.5,7.48,NA,NA,0,0,0,0,12.23,0,39.86,56.66,26.37,0,5.17,11.38,22.46,65.38,NA,NA,NA,NA,NA,NA,NA,NA,NA,NA,NA,NA,NA,NA
"10",10,"42_124","Nodo 3 - Pies inventariados",35,"IFN2",10,22,222.82,0,0,5.6,NA,0,17.89,18.58,271.34,8.68,3.6,3.6,0.19,46.12,46.72,124.61,1089.15,77.17,82.92,5.87,19.51,17.6,1.91,0,0,0,0,0,0,0,0,12.79,17.74,8.36,0,2.3,4.96,8.19,23.82,NA,0,"Nodo 1 - Pies inventariados","IFN3",2004,24,222.82,0,0,6.45,NA,NA,19.2,20.71,337.67,10.14,3.69,3.7,0.24,51.71,48.99,140.39,66.04,70.97,10.04,29.26,26.48,2.78,NA,NA,0,0,0,0,6.64,0,14.77,26.76,12.58,0,2.77,5.57,10.68,31.6,NA,NA,NA,NA,NA,NA,NA,NA,NA,NA,NA,NA,NA,NA
"11",11,"42_586","Nodo 3 - Pies inventariados",35,"IFN2",10,28,732.11,0,0,12.96,NA,0,15.01,17.97,254.26,7.99,2.89,2.91,0.49,50.38,44.45,302.16,1089.15,46.27,49.72,5.07,45.79,40.44,5.35,0,0,0,0,0,0,0,0,35.26,39.84,19.22,0,5.98,14.61,21.45,61.26,NA,0,"Nodo 1 - Pies inventariados","IFN3",2004,30,254.65,0,0,5.02,NA,NA,15.84,18.17,259.85,8.19,3.17,3.2,0.2,48.31,45.05,114.61,76.55,82.26,8.02,17.96,16,1.95,NA,NA,0,0,0,0,0,0,12.55,15.95,7.6,0,2.38,5.62,8.31,23.91,NA,NA,NA,NA,NA,NA,NA,NA,NA,NA,NA,NA,NA,NA
"14",14,"42_828","Nodo 3 - Pies inventariados",35,"IFN2",10,30,381.97,0,0,5.03,NA,0,12.94,14.65,168.54,7.24,2.63,2.65,0.21,53.68,49.44,121.88,1089.15,70.66,75.92,4.5,16.68,14.44,2.24,0,0,0,0,0,0,0,0,13.22,14.47,6.86,0,2.22,6.04,8.32,23.45,NA,0,"Nodo 1 - Pies inventariados","IFN3",2004,32,286.48,0,0,3.39,NA,NA,12.28,13.01,135.06,7.49,2.51,2.53,0.14,61.96,57.6,82.53,78.85,84.73,7.43,12.42,10.62,1.8,NA,NA,0,0,0,0,0,0,8.96,10.59,5.05,0,1.34,3.65,5.61,15.65,NA,NA,NA,NA,NA,NA,NA,NA,NA,NA,NA,NA,NA,NA
"15",15,"5_1030","Nodo 3 - Pies inventariados",35,"IFN2",10,29,911.64,7.92,0,26.09,0,0,19.09,24.85,492.75,10.59,3.3,3.39,0.82,51.69,42.6,569.09,0,31.29,33.62,7.3,116.22,105.87,10.34,0.02,0,0,0,0,0,43.5,3.49,48.94,106.5,50.3,0,11.72,23.06,43.18,128.26,0.02,0,"Nodo 1 - Pies inventariados","IFN3",2002,29,1174.21,0,0,37.3,NA,NA,20.11,29.7,697.13,13.31,3.1,3.29,1,60.8,44.81,802.34,21.93,23.56,13.41,211.15,193.94,17.22,NA,NA,0,0,0,4.96,114.83,80.24,61.41,196.6,92.15,0,14.81,25.96,61.74,194.66,NA,NA,16.17930733,509.34,95.059489,85.4584492,NA,NA,NA,NA,2.58045736,187.45,14.1174169,12.8225831
"16",16,"5_1035","Nodo 3 - Pies inventariados",35,"IFN2",10,45,494.7,3.99,0,29.13,0,0,27.38,36.92,1074.59,13.63,4.4,4.52,0.8,47.74,36.91,579.93,0,32.99,35.45,10.12,164.61,156.71,7.91,0.02,0,0,0,0,37.73,85.31,63.16,24.61,154.34,74.46,0.04,13.38,20.06,48.22,156.16,0.02,0,"Nodo 1 - Pies inventariados","IFN3",2002,45,611.86,0,0,37.29,NA,NA,27.85,38.41,1165.17,14.66,4.3,4.44,0.95,50.04,38.16,739.31,27.58,29.64,14.66,222.62,211.99,10.63,NA,NA,0,0,0,57.57,116.06,93.03,32.08,209.64,100.72,0.21,16.62,24.29,61.71,203.55,NA,NA,8.89629855,187.48,52.4556245,47.40466,NA,NA,NA,NA,0.7198105,14.15,4.3727745,3.8608275
"17",17,"5_1037","Nodo 3 - Pies inventariados",35,"IFN2",10,30,1640.77,14.45,0,35.09,0.02,0,16.5,21.9,376.86,9.26,2.88,2.93,1.1,52.45,42.29,794.33,0,26.66,28.65,6.37,141.69,126.54,15.15,0.03,0,0,0,0,0,18.74,0,90.36,127.12,60.12,0,15.45,34.44,58.08,168.1,0.06,0,"Nodo 1 - Pies inventariados","IFN3",2002,30,594.18,0,0,16.03,NA,NA,18.53,23.05,417.68,8.89,3.45,3.52,0.58,42.5,38.55,351.9,46.17,49.61,8.89,58.36,53.38,4.98,NA,NA,0,0,0,0,13.5,0,26.84,52.64,25.36,0,8.45,18.05,26.53,78.4,NA,NA,3.67796746,102.58,13.9943978,18.228563,0,0,0,NA,NA,NA,NA,NA
"18",18,"5_390","Nodo 3 - Pies inventariados",35,"IFN2",10,20,252.83,1.81,0,3.37,0,0,13.03,13.8,149.65,7.23,2.69,2.7,0.14,55.65,52.41,81.02,0,86.94,93.42,4.5,11.65,10.07,1.58,0.02,0,0,0,0,0,0,0,8.4,9.99,4.78,0,1.44,3.87,5.58,15.68,0.04,0,"Nodo 1 - Pies inventariados","IFN3",2002,20,1559.72,0,0,13.11,NA,NA,10.35,15.65,194.37,5.64,2.06,2.11,0.55,45.87,36.03,333.05,44.92,48.27,5.5,30.45,26.12,4.33,NA,NA,0,0,0,0,0,0,17.6,22.61,12.41,0,7.18,23.73,21.7,65.03,NA,NA,11.55559503,1400.52,26.4185817,57.5737857,NA,NA,NA,NA,NA,NA,NA,NA
"19",19,"5_614","Nodo 3 - Pies inventariados",35,"IFN2",10,25,940.79,6.64,0,24.72,0,0,18.29,25.3,548.26,9.38,3.16,3.19,0.68,50.24,37.07,545.23,0,34.76,37.35,7.53,87.16,78.24,8.91,0,0,0,0,0,0,18.35,0,51.41,79,37.18,0,9.05,19.34,34.24,99.81,0,0,"Nodo 1 - Pies inventariados","IFN3",2002,25,1106.59,0,0,20.81,NA,NA,15.48,25.63,575.28,9.81,2.63,2.71,0.57,49.39,38.27,478.04,30.65,32.94,9.59,53.3,47.15,6.15,NA,NA,0,0,0,0,4.14,0,35.17,46.56,22.4,0,7.47,18.54,25.92,74.34,NA,NA,2.40233742,254.64,6.2364519,NA,NA,NA,NA,NA,NA,NA,NA,NA
"20",20,"5_615","Nodo 3 - Pies inventariados",35,"IFN2",10,30,1168.91,12.37,0,36.6,0,0,19.97,30.75,750.22,9.9,3.36,3.48,1.11,47.33,32.2,789.47,0,29.54,31.74,6.65,154.39,142.27,12.12,0.02,0,0,0,0,5.27,54.34,9.77,61.56,140.9,67.6,0,18.01,34.56,60.59,180.76,0.03,0,"Nodo 1 - Pies inventariados","IFN3",2002,30,548.2,0,0,30.22,NA,NA,26.49,36.56,1063.72,11.06,4.45,4.59,0.91,40.03,30.25,606.8,38.61,41.49,10.94,137.59,131.66,5.93,NA,NA,0,0,0,25.35,69.72,27.72,23.68,127.54,62.56,0.23,16.56,26.58,50.02,155.95,NA,NA,6.27488825,113.2,29.440773,32.14597,0,0,0,NA,0.92638032,31.83,4.1296242,4.5236796
"21",21,"5_667","Nodo 3 - Pies inventariados",35,"IFN2",10,30,200.58,1.01,0,9.7,0,0,24.82,27.92,620.17,10.31,4.63,4.69,0.35,39.4,36.91,198.02,0,68.52,73.63,7.35,41.53,39.28,2.25,0.01,0,0,0,0,2.43,24.98,6.1,8.14,38.21,18.66,0,5.23,9.04,16.06,49,0.02,0,"Nodo 1 - Pies inventariados","IFN3",2002,30,102.57,0,0,6.73,NA,NA,28.9,28.33,665.39,8.81,5.49,5.64,0.26,31.16,31.09,132.21,112.09,120.45,8.76,25.85,25.2,0.65,NA,NA,0,0,0,5.08,12.91,3.19,2.9,23.74,11.97,0.01,4.49,7.22,11.14,34.82,NA,NA,0.93602481,31.83,2.8538778,4.6118487,0,0,0,NA,NA,NA,NA,NA
"22",22,"5_669","Nodo 3 - Pies inventariados",35,"IFN2",10,25,664.09,4.36,0,14.61,0.02,0,16.74,20.7,336.85,8.33,3.19,3.23,0.54,44.44,40.26,329.5,0,46.57,50.04,5.37,50.11,45.13,4.98,0.02,0,0,0,0,0,4.27,0,30.23,44.32,21.44,0,7.46,17.19,24.18,70.28,0.04,0,"Nodo 1 - Pies inventariados","IFN3",2002,25,845.29,0,0,21.58,NA,NA,18.03,25,494.37,8.81,3.29,3.39,0.76,42.48,35.26,477.15,39.02,41.93,8.81,75.29,68.89,6.4,NA,NA,0,0,0,0,18.23,0,36.6,67.05,32.73,0,11.85,25.83,35.73,106.14,NA,NA,11.80305444,498.69,41.8477388,57.4653083,NA,NA,NA,NA,NA,NA,NA,NA
"23",23,"5_670","Nodo 3 - Pies inventariados",35,"IFN2",10,25,884.87,6.4,0,15.08,0,0,14.73,19.88,311.12,7.92,2.83,2.87,0.57,46.78,39.84,351.38,0,42.45,45.62,4.87,48.62,43.1,5.53,0.02,0,0,0,0,0,2.14,0,33.41,42.2,20.48,0,7.53,18.97,24.96,71.94,0.05,0,"Nodo 1 - Pies inventariados","IFN3",2002,25,880.66,0,0,21.19,NA,NA,17.5,23.61,438.71,8.37,3.28,3.35,0.77,38.64,35.45,471.95,40.26,43.26,8.35,66,60.31,5.69,NA,NA,0,0,0,0,11.64,0,34.8,58.17,28.66,0,12.43,28.58,35.08,104.75,NA,NA,13.10060759,615.39,38.5703412,64.9118953,NA,NA,NA,NA,NA,NA,NA,NA
"24",24,"5_672","Nodo 3 - Pies inventariados",35,"IFN2",10,30,116.18,0.53,0,9.49,0,0,32.25,32.97,880.08,10.49,5.91,6.04,0.33,33.17,31.81,181.26,0,88.46,95.06,7.5,41.82,41.05,0.76,0.02,0,0,0,0,15.87,19.79,9.81,2.94,39.15,19.51,0.11,5.9,8.6,15.71,49.83,0.02,0,"Nodo 1 - Pies inventariados","IFN3",2002,30,254.22,0,0,9.07,NA,NA,21.31,31.05,789.1,10.07,6,6.1,0.28,39.64,32.43,192.21,62.29,66.94,9.63,33.23,32.63,0.59,NA,NA,0,0,0,11.8,16.87,9.76,2.38,30.81,15.5,0.28,4.99,7.36,12.88,41.01,NA,NA,2.07759704,173.3,4.1758065,NA,NA,NA,NA,NA,NA,NA,NA,NA
"25",25,"5_707","Nodo 3 - Pies inventariados",35,"IFN2",10,28,850.09,5.81,0,30.67,0,0,21.43,26.72,562.66,11.98,3.62,3.66,0.9,51.29,44.83,649.68,0,28.63,30.77,8.59,152.09,139.72,12.37,0.02,0,0,0,0,0,67.27,24.9,53,140.82,66.38,0,13.2,24.12,50.76,154.47,0.02,0,"Nodo 1 - Pies inventariados","IFN3",2002,28,901.88,0,0,36.64,NA,NA,22.74,30.35,726.55,14.07,3.59,3.66,0.95,57.06,46.36,764.21,23.66,25.43,14.07,217.05,200.37,16.68,NA,NA,0,0,0,5.22,123.83,92.89,58.48,203.39,95.2,0,14.28,24.02,60.64,194.14,NA,NA,12.56949364,258.23,77.0454149,67.6566257,NA,NA,NA,NA,NA,NA,NA,NA
"26",26,"5_708","Nodo 3 - Pies inventariados",35,"IFN2",10,41,922.91,7.26,0,33.95,0,0,21.64,28.41,635.21,11.19,3.61,3.68,0.98,49.93,39.38,717.39,0,29.42,31.62,7.97,164.39,151.7,12.69,0.02,0,0,0,0,0,80.35,28.35,53.81,152.15,72.08,0,15.16,27.42,56.19,170.85,0.03,0,"Nodo 1 - Pies inventariados","IFN3",2002,41,838.22,0,0,27.57,NA,NA,20.47,27.18,581.98,10.61,3.55,3.64,0.87,46.71,39.03,590.54,32.57,34.99,10.51,119.16,109.79,9.37,NA,NA,0,0,0,0,54.25,9.33,42.4,109.41,52.17,0,13.4,25.88,45.64,137.09,NA,NA,5.43546873,145.03,23.9530136,27.2325316,NA,NA,NA,NA,0.45561462,31.83,1.9693221,2.1316551
"27",27,"5_721","Nodo 3 - Pies inventariados",35,"IFN2",10,20,31.68,0.15,0,0.95,0,0,19.54,19.54,299.74,7.73,4.24,4.24,0.04,39.57,39.57,20.59,0,229.82,246.96,5,3.31,3.03,0.28,0,0,0,0,0,0,0,0,1.56,2.96,1.44,0,0.51,1.1,1.57,4.62,0.02,0,"Nodo 1 - Pies inventariados","IFN3",2002,20,1460.69,0,0,24.05,NA,NA,14.48,21.33,360.37,7.42,2.68,2.74,0.86,48.47,34.77,561.53,35.28,37.91,7.37,77.76,68.91,8.85,NA,NA,0,0,0,0,2.45,0,51.25,67.34,32.74,0,12.1,30.14,39.8,114.78,NA,NA,23.34452537,1446.5,75.076113,111.2700222,NA,NA,NA,NA,NA,NA,NA,NA
"28",28,"5_724","Nodo 3 - Pies inventariados",35,"IFN2",10,28,1005.92,9.14,0,30.83,0.03,0,19.76,26.86,570.62,13,3.26,3.33,0.87,58.76,48.38,666.8,0,24.26,26.07,9.87,165.35,150.15,15.19,0.07,0,0,0,0,2.26,67.12,36.81,68.95,153.15,71.34,0,12,22.36,51.03,156.74,0.09,0,"Nodo 1 - Pies inventariados","IFN3",2002,28,739.19,0,0,28.1,NA,NA,22,29.49,686.92,12.73,3.67,3.76,0.82,51.15,43.17,591.04,28.9,31.05,12.71,144.29,133.61,10.68,NA,NA,0,0,0,6.9,78.61,42.53,40.74,134.3,63.48,0,12.23,21.61,46.51,143.83,NA,NA,8.00721665,205.16,40.9927063,41.0063552,NA,NA,NA,NA,NA,NA,NA,NA
"29",29,"5_725","Nodo 3 - Pies inventariados",35,"IFN2",10,29,450.04,2.67,0,19.21,0,0,23.31,28.73,656.15,11.42,4.13,4.18,0.62,44.43,39.73,398.36,0,41.29,44.37,8.26,88.88,83.06,5.82,0.02,0,0,0,0,2.63,41.49,16.14,22.66,82.11,39.47,0,9.29,16.41,31.8,96.96,0.03,0,"Nodo 1 - Pies inventariados","IFN3",2002,29,509.3,0,0,28.09,NA,NA,26.5,34.06,920.1,13.17,4.39,4.48,0.8,44.05,38.67,563.96,33.65,36.16,13.3,149.05,141.65,7.4,NA,NA,0,0,0,23.52,85.45,75.28,21.58,139.88,67.3,0.1,13.96,23.16,46.49,151.01,NA,NA,11.96337369,215.78,62.6848226,62.6916841,NA,NA,NA,NA,NA,NA,NA,NA
"30",30,"5_733","Nodo 3 - Pies inventariados",35,"IFN2",10,36,1289.99,11.55,0,58.19,0,0,23.96,31.09,760.21,14.57,3.61,3.66,1.35,55.8,46.89,1198.16,0,19.1,20.53,10.81,348.99,323.21,25.77,0.05,0,0,0,0,14,214.56,165.09,79.18,327.67,153.57,0,22.8,37.37,96.31,310.05,0.04,0,"Nodo 1 - Pies inventariados","IFN3",2002,36,912.49,0,0,45.49,NA,NA,25.19,33.22,869.71,14.42,3.84,3.91,1.1,55.78,43.4,924.9,22.96,24.67,14.47,281.71,262.84,18.87,NA,NA,0,0,0,20.16,175.52,139.34,53.91,265.41,124.88,0,18.04,28.15,75.29,246.36,NA,NA,10.4688492,198.1,63.708111,56.433313,0,0,0,NA,NA,NA,NA,NA
"31",31,"5_980","Nodo 3 - Pies inventariados",35,"IFN2",10,30,31.69,0.14,0,1.06,0,0,20.64,20.64,334.58,7.19,4.48,4.48,0.05,34.82,34.82,22.68,0,247.16,265.59,4.5,3.39,3.14,0.25,0,0,0,0,0,0,1.92,0,1.41,3.08,1.49,0,0.64,1.34,1.75,5.23,0.02,0,"Nodo 1 - Pies inventariados","IFN3",2002,30,14.15,0,0,0.86,NA,NA,27.8,27.8,606.99,6.5,6.14,6.14,0.04,23.38,23.38,17.04,409.03,439.53,6.5,2.36,2.3,0.06,NA,NA,0,0,0,0,1.35,0,0.32,2.08,1.09,0,0.71,1.3,1.42,4.52,NA,NA,NA,NA,NA,NA,NA,NA,NA,NA,NA,NA,NA,NA
"32",32,"5_984","Nodo 3 - Pies inventariados",35,"IFN2",10,30,625.75,3.8,0,24.22,0,0,22.2,27.69,606,11.16,3.88,3.92,0.76,46.6,40.28,508.6,0,35.84,38.51,7.93,112.25,103.95,8.3,0.02,0,0,0,0,2.24,57.13,18.64,33.82,103.4,49.39,0,11.31,20.59,40.1,121.38,0.02,0,"Nodo 1 - Pies inventariados","IFN3",2002,30,484.54,0,0,20.13,NA,NA,23,29.49,685,10,4.15,4.22,0.68,38.99,33.92,418.74,45.43,48.82,10,80.47,75.61,4.85,NA,NA,0,0,0,2.25,39.7,12.83,21.47,73.49,35.93,0,11.01,20.24,33.32,100.49,NA,NA,4.50622315,84.9,19.06854,22.7810755,0,0,0,NA,NA,NA,NA,NA
"33",33,"5_995","Nodo 3 - Pies inventariados",35,"IFN2",10,30,943.38,8.01,0,29.23,0,0,19.86,26.42,551.85,9.76,3.47,3.55,0.94,45.28,36.93,631.21,0,33.37,35.85,6.59,118.37,108.94,9.42,0.02,0,0,0,0,0,44.38,6.3,45.24,107.67,51.76,0,14.63,28.96,48.38,143.73,0.02,0,"Nodo 1 - Pies inventariados","IFN3",2002,30,820.53,0,0,27.8,NA,NA,20.77,28.53,643.58,9.21,3.61,3.76,0.91,40.75,32.28,593.2,37.92,40.74,9.12,106.24,99.11,7.13,NA,NA,0,0,0,2.42,47.47,3.34,31.8,96.26,47.09,0,15.25,29.36,46.01,137.72,NA,NA,8.8990482,183.95,34.251773,44.5664155,NA,NA,NA,NA,NA,NA,NA,NA
"34",34,"9_1043","Nodo 3 - Pies inventariados",35,"IFN2",10,34,267.51,1.29,0,10.27,0,0,22.11,24.84,487.87,8.19,4.28,4.31,0.39,35.26,32.98,215.81,0,74.64,80.21,5.34,35.61,33.37,2.24,0,0,0,0,0,0,16.76,0,10.86,32.2,15.85,0,6.1,12,17,50.95,0.02,0,"Nodo 1 - Pies inventariados","IFN3",2003,35,198.06,0,0,7.68,NA,NA,22.23,24.94,497,9.06,4.22,4.29,0.29,42.22,36.32,161.2,78.45,84.3,9.02,31.48,29.34,2.15,NA,NA,0,0,0,0,15.05,0,10.81,28.76,13.94,0,4.06,7.53,12.72,38.25,NA,NA,NA,NA,NA,NA,NA,NA,NA,NA,NA,NA,NA,NA
"35",35,"9_1095","Nodo 3 - Pies inventariados",35,"IFN2",10,29,1327.08,9.82,0,30.4,0,0,17.08,21.69,370.03,10.45,2.97,3,0.94,57,48.16,682.2,0,26.28,28.24,7.25,137.42,122.44,14.98,0.01,0,0,0,0,0,14.65,0,89.75,125.01,58.18,0,12.32,26.36,50.32,147.18,0.02,0,"Nodo 1 - Pies inventariados","IFN3",2003,30,937.25,0,0,21.58,NA,NA,17.12,21.37,359.67,10.07,3.08,3.13,0.72,52.67,47.15,483.23,32.43,34.84,10.04,90.37,80.98,9.39,NA,NA,0,0,0,0,10.61,2.47,54.94,81.81,38.48,0,9.44,20.44,35.72,104.07,NA,NA,NA,NA,NA,NA,NA,NA,NA,NA,NA,NA,NA,NA
"36",36,"9_1133","Nodo 3 - Pies inventariados",35,"IFN2",10,41,2887.77,54.83,0,77.54,0,0,18.49,26.68,560.68,15.28,2.62,2.68,1.63,78.37,57.28,1705.4,0,12.18,13.09,11.42,520.03,462.41,57.61,0.04,0,0,0,0,2.24,181.56,101.06,263,485.57,219.71,0,23.85,43.52,128.35,415.43,0.04,0,"Nodo 1 - Pies inventariados","IFN3",2003,42,873.58,0,0,25.25,NA,NA,19.18,26.55,557.3,13.9,3.41,3.45,0.82,53.41,52.37,549.53,24.34,26.15,13.82,131.44,119.19,12.25,NA,NA,0,0,0,2.4,59.66,34.37,52.11,121.3,56.63,0,18.56,59.04,41.79,176.02,NA,NA,NA,NA,NA,NA,0,0,0,NA,3.78608301,222.81,1.5695373,63.4114077
"37",37,"9_1204","Nodo 3 - Pies inventariados",35,"IFN2",10,25,1547.88,11.84,0,29.85,0,0,15.67,21.42,366.08,8.05,2.84,2.88,1.01,49.14,37.57,684.63,0,31.57,33.93,5.12,106.39,94.64,11.75,0,0,0,0,0,0,4.81,0,76.26,93.69,44.97,0,14.14,33.39,49.41,141.91,0.02,0,"Nodo 1 - Pies inventariados","IFN3",2003,26,746.26,0,0,14.85,NA,NA,15.92,21.69,372.08,10.27,2.86,2.96,0.51,58.96,47.36,338.6,35.63,38.29,10.23,65.25,58.11,7.14,NA,NA,0,0,0,0,16.85,0,37.36,59.09,27.61,0,6.12,13.32,24.57,71.63,NA,NA,NA,NA,NA,NA,0,0,0,NA,NA,NA,NA,NA
"38",38,"9_1226","Nodo 3 - Pies inventariados",35,"IFN2",10,25,1807.57,6.8,0,22.51,0,0,12.59,19.04,285.23,10.04,2.76,2.79,0.54,65.24,52.74,545.81,0,23.42,25.17,7.25,70.6,62.03,8.57,0.02,0,0,0,0,0,3.85,0,52.06,63.71,29.47,0,6.35,14.62,26.82,77.27,0.02,0,"Nodo 1 - Pies inventariados","IFN3",2003,26,1527.89,0,0,20.07,NA,NA,12.93,19.67,304.94,11.57,2.53,2.6,0.37,77.76,58.82,482.05,22.11,23.76,11.41,56.98,49.76,7.22,NA,NA,0,0,0,0,4.52,0,39.07,51.28,23.64,0,4,8.98,19,55.62,NA,NA,NA,NA,NA,NA,NA,NA,NA,NA,NA,NA,NA,NA
"39",39,"9_1227","Nodo 3 - Pies inventariados",35,"IFN2",10,25,1139.71,6.2,0,20.95,0,0,15.3,19.77,307.27,10.54,3.03,3.04,0.64,57,53.31,483.38,0,28.1,30.19,7.25,83.53,74.26,9.26,0.01,0,0,0,0,0,9.72,0,55.32,75.96,35.28,0,7.99,17.61,32,92.88,0.02,0,"Nodo 1 - Pies inventariados","IFN3",2003,26,763.94,0,0,14.76,NA,NA,15.68,20.68,336.02,11.11,3.25,3.27,0.43,64.11,53.72,337.8,32.57,35,11.11,60.11,53.78,6.33,NA,NA,0,0,0,0,12.53,0,34.93,55.01,25.55,0,5.13,10.67,21.05,62.4,NA,NA,NA,NA,NA,NA,NA,NA,NA,NA,NA,NA,NA,NA
"40",40,"9_1231","Nodo 3 - Pies inventariados",35,"IFN2",10,30,2824.53,8.43,0,35.24,0,0,12.6,20.81,340.72,11.2,2.91,2.94,0.71,63.37,53.8,854.28,0,16.8,18.06,7.75,104.44,92.91,11.53,0.02,0,0,0,0,0,12.58,0,66.44,94.49,44.14,0,9.21,19.93,38.12,111.41,0.02,0,"Nodo 1 - Pies inventariados","IFN3",2003,31,2146.82,0,0,27.87,NA,NA,12.86,21.21,354.18,11.61,2.76,2.85,0.48,78.38,54.74,670.47,18.59,19.97,11.65,76.93,68.39,8.55,NA,NA,0,0,0,0,18.87,0,42.89,70.34,32.49,0,5.77,12.14,25.59,76.01,NA,NA,NA,NA,NA,NA,NA,NA,NA,NA,NA,NA,NA,NA
"41",41,"9_1232","Nodo 3 - Pies inventariados",35,"IFN2",10,25,1169.7,8.04,0,22.29,0.02,0,15.58,18.65,273.25,8.8,2.88,2.91,0.76,51.82,47.17,512.01,0,33.24,35.72,5.87,83.23,73.75,9.49,0.02,0,0,0,0,0,0,0,60.93,74.14,35.04,0,9.76,22.97,36.23,104,0.04,0,"Nodo 1 - Pies inventariados","IFN3",2003,26,795.77,0,0,13.21,NA,NA,14.54,19.31,293.04,9.15,2.69,2.75,0.46,58.43,47.4,308.24,38.72,41.61,9.24,51.58,45.39,6.2,NA,NA,0,0,0,0,5.6,0,34.95,45.86,21.56,0,5.2,12.31,20.93,60,NA,NA,NA,NA,NA,NA,NA,NA,NA,NA,NA,NA,NA,NA
"42",42,"9_1234","Nodo 3 - Pies inventariados",35,"IFN2",10,30,1426.04,6.36,0,27.66,0,0,15.71,23.44,431.91,12.29,3.12,3.17,0.62,60.18,52.43,633.92,0,21.55,23.16,8.75,91.59,82.5,9.09,0.02,0,0,0,0,0,29.2,11.42,47.05,83.41,39.2,0,8.26,17.15,32.76,97.37,0.02,0,"Nodo 1 - Pies inventariados","IFN3",2003,31,1138.84,0,0,23.04,NA,NA,16.05,23.58,439.63,13.24,2.98,3.04,0.4,74.5,56.12,524.39,22.39,24.06,13.07,72.13,64.53,7.6,NA,NA,0,0,0,0,24.05,8.84,37.69,66.7,30.66,0,4.86,9.85,21.86,67.22,NA,NA,NA,NA,NA,NA,0,0,0,NA,NA,NA,NA,NA
"43",43,"9_1237","Nodo 3 - Pies inventariados",35,"IFN2",10,35,1251.6,14.57,0,42.08,0,0,20.69,27.81,608.71,12.95,3.28,3.36,1.11,57.73,46.55,899.34,0,21.83,23.46,9.82,231.3,211.52,19.78,0.04,0,0,0,0,0,118.13,58.85,79.7,214.78,100.5,0,16.58,29.78,69.64,216.5,0.04,0,"Nodo 1 - Pies inventariados","IFN3",2003,36,438.56,0,0,18.02,NA,NA,22.87,28.78,653.07,13.83,3.89,3.95,0.54,55.02,48.04,375.4,34.53,37.11,13.79,102.12,94.45,7.67,NA,NA,0,0,0,2.44,58.66,34.46,27.58,95.54,44.88,0,7.29,12.31,29.83,94.31,NA,NA,NA,NA,NA,NA,0,0,0,NA,NA,NA,NA,NA
"44",44,"9_1243","Nodo 3 - Pies inventariados",35,"IFN2",10,30,1795.67,18.7,0,48.92,0,0,18.62,25.16,498.02,13.15,3.03,3.08,1.24,61.75,52.25,1073.85,0,17.95,19.29,9.62,267.05,240.59,26.46,0.03,0,0,0,0,0,102.56,42.07,122.19,248.48,114.31,0,18.03,34.52,79.95,246.81,0.03,0,"Nodo 1 - Pies inventariados","IFN3",2003,31,1308.61,0,0,35.15,NA,NA,18.49,24.93,489.39,15.36,3.01,3.05,0.86,73.48,61.59,772.16,18,19.34,15.35,226.56,202.75,23.8,NA,NA,0,0,0,0,102.57,62.1,101.55,212.21,96.34,0,10.91,19.76,56.9,183.91,NA,NA,NA,NA,NA,NA,0,0,0,NA,NA,NA,NA,NA
"45",45,"9_1244","Nodo 3 - Pies inventariados",35,"IFN2",10,30,2267.29,24.55,0,47.55,0,0,16.34,21.82,374.21,12.55,2.63,2.67,1.27,67.72,57.5,1079.13,0,16.74,17.98,9,249.88,220.29,29.6,0.02,0,0,0,0,0,39.15,5.23,165.28,228.71,104.67,0,16.55,34.92,78.71,234.85,0.02,0,"Nodo 1 - Pies inventariados","IFN3",2003,31,1573.87,0,0,31.2,NA,NA,15.89,21.66,368.57,13.81,2.52,2.59,0.83,84.79,63.75,711.9,18.26,19.62,13.72,197.4,172.36,25.04,NA,NA,0,0,0,0,39.42,7.6,126.49,182.81,81.9,0,9.26,18.57,51.64,161.37,NA,NA,NA,NA,NA,NA,0,0,0,NA,NA,NA,NA,NA
"46",46,"9_1253","Nodo 3 - Pies inventariados",35,"IFN2",10,30,1618.82,11.64,0,46,0,0,19.02,28.23,627.11,15.41,3.44,3.48,0.96,61.47,54.59,1004.47,0,16.13,17.33,11.69,259.67,237.68,21.98,0.05,0,0,0,0,2.34,146.53,116.59,74.81,244.7,112.93,0,14.3,23.92,66.7,217.86,0.05,0,"Nodo 1 - Pies inventariados","IFN3",2003,31,827.61,0,0,21.45,NA,NA,18.17,27.92,614.01,15.97,3.62,3.66,0.47,69.8,57.2,473.36,21.76,23.39,15.8,110.49,100.99,9.49,NA,NA,0,0,0,2.22,59.39,29.46,35.04,103.91,47.99,0,6,10.08,28.21,92.27,NA,NA,NA,NA,NA,NA,0,0,0,NA,NA,NA,NA,NA
"47",47,"9_1254","Nodo 3 - Pies inventariados",35,"IFN2",10,39,1809.68,36.52,0,57.58,0.02,0,20.13,28.99,661.35,16.52,2.92,3.01,1.26,71.14,56.99,1239.27,0,14.23,15.29,12.69,385.94,349.42,36.52,0.07,0,0,0,0,4.63,206.06,155.55,133.8,362.45,166.02,0,18.68,32.28,94.42,311.41,0.07,0,"Nodo 1 - Pies inventariados","IFN3",2003,40,710.89,0,0,29.8,NA,NA,23.1,29.9,703.46,18.13,3.49,3.55,0.67,75.16,60.62,619.09,20.69,22.23,18.02,226.29,206.6,19.68,NA,NA,0,0,0,11.54,135.43,109.6,59.66,214.58,98.16,0,8.99,13.89,48.01,169.06,NA,NA,NA,NA,NA,NA,0,0,0,NA,NA,NA,NA,NA
"48",48,"9_1255","Nodo 3 - Pies inventariados",35,"IFN2",10,30,898.11,7.31,0,21.5,0,0,17.46,22.75,410.7,9.61,3.11,3.18,0.71,52.45,42.24,479.72,0,34.73,37.32,6.63,91.87,82.77,9.1,0.01,0,0,0,0,0,23.78,2.92,48.89,83.33,39.33,0,9.44,19.92,35.58,104.27,0.02,0,"Nodo 1 - Pies inventariados","IFN3",2003,31,159.15,0,0,4.41,NA,NA,18.78,19.85,310.72,12.08,3.56,3.57,0.16,63.82,60.85,96.46,65.62,70.52,11.82,24.25,21.68,2.56,NA,NA,0,0,0,0,6.49,0,13.43,22.56,10.3,0,1.6,3.09,7.3,22.29,NA,NA,NA,NA,NA,NA,0,0,0,NA,NA,NA,NA,NA
"49",49,"9_1257","Nodo 3 - Pies inventariados",35,"IFN2",10,25,1922.12,19.57,0,48.35,0,0,17.9,23.11,419.69,13.8,2.81,2.85,1.23,68.68,59.71,1072.15,0,16.53,17.76,10,277.15,246.41,30.74,0.02,0,0,0,0,0,79.5,11.72,157.96,256.82,117.08,0,16.46,32.2,80.03,245.77,0.02,0,"Nodo 1 - Pies inventariados","IFN3",2003,26,1602.16,0,0,35.78,NA,NA,16.86,23.18,423.28,13.47,2.78,2.83,1.01,68.94,58.11,804.28,18.54,19.93,13.49,205.89,182.26,23.63,NA,NA,0,0,0,0,58.55,13.46,121.06,190.37,86.6,0,16.7,50.38,59.22,212.9,NA,NA,NA,NA,NA,NA,NA,NA,NA,NA,1.83885093,190.98,0.595221,37.979556
"50",50,"9_1260","Nodo 3 - Pies inventariados",35,"IFN2",10,25,1935.79,20.05,0,46.43,0,0,17.48,24.38,475.91,11.71,2.83,2.88,1.21,61.02,48.03,1035.89,0,19.41,20.86,8.77,222.41,198.33,24.08,0.02,0,0,0,0,0,58.69,5.75,128.98,203.89,94.23,0,16.61,34.08,73.15,218.08,0.02,0,"Nodo 1 - Pies inventariados","IFN3",2003,26,470.39,0,0,14.68,NA,NA,19.93,24.29,486.95,13.51,3.37,3.39,0.38,62.6,55.64,316.41,34.12,36.67,13.29,76.21,68.26,7.95,NA,NA,0,0,0,0,31.99,7.82,37.18,71.15,32.43,0,4.27,7.93,20.84,65.47,NA,NA,NA,NA,NA,NA,0,0,0,NA,0.53289786,31.83,0,NA
"51",51,"9_1278","Nodo 3 - Pies inventariados",35,"IFN2",10,20,1521.28,6.61,0,19.06,0,0,12.63,15.39,186.02,6.76,2.71,2.71,0.59,50.88,43.93,461.81,0,37.93,40.75,4,52.93,46.36,6.58,0.02,0,0,0,0,0,0,0,40.05,46.45,22.03,0,7.36,19.09,26.26,74.74,0.04,0,"Nodo 1 - Pies inventariados","IFN3",2003,21,763.94,0,0,8.75,NA,NA,12.07,16.15,204.98,8.7,2.86,2.87,0.16,60.11,53.85,213.76,41.59,44.7,8.7,17.89,15.64,2.25,NA,NA,0,0,0,0,0,0,13.82,15.83,7.43,0,1.75,4.19,7.22,20.59,NA,NA,NA,NA,NA,NA,NA,NA,NA,NA,NA,NA,NA,NA
"52",52,"9_1287","Nodo 3 - Pies inventariados",35,"IFN2",10,25,1399.43,11.74,0,33.22,0,0,17.39,26.02,533.41,12.57,3.06,3.13,0.85,60.78,48.3,742.18,0,21.27,22.85,9.65,163.23,147.02,16.21,0.02,0,0,0,0,0,55.04,30.09,76.19,150.59,69.85,0,11.36,21.8,49.84,152.85,0.03,0,"Nodo 1 - Pies inventariados","IFN3",2003,26,817,0,0,18.43,NA,NA,16.95,26.87,576.76,13.35,3.2,3.32,0.53,48.57,49.69,413.84,26.21,28.16,12.87,76.03,69.14,6.89,NA,NA,0,0,0,4.54,32.76,21.05,29.34,70.3,32.85,0,14.93,62.03,25.19,135,NA,NA,NA,NA,NA,NA,0,0,0,NA,2.45721234,222.81,0.6369183,68.2107351
"53",53,"9_1295","Nodo 3 - Pies inventariados",35,"IFN2",10,20,299.24,1.39,0,7.47,0,0,17.82,20.41,329.13,8.16,3.5,3.52,0.25,41.67,39.99,165.72,0,70.83,76.12,5.6,22.91,20.73,2.18,0,0,0,0,0,0,4.17,0,12.97,20.59,9.85,0,3.15,7.01,10.42,30.43,0.02,0,"Nodo 1 - Pies inventariados","IFN3",2003,21,265.26,0,0,6.45,NA,NA,17.6,22.41,405.71,9.05,3.35,3.43,0.2,29.71,40.38,143.5,67.84,72.89,9.06,14.43,13.33,1.1,NA,NA,0,0,0,0,7.44,0,5.24,13.04,6.33,0,9.24,50.05,7.67,73.29,NA,NA,NA,NA,NA,NA,NA,NA,NA,NA,1.33393164,127.32,0.2062584,56.9731536
"54",54,"9_1339","Nodo 3 - Pies inventariados",35,"IFN2",10,30,2459.55,33.88,0,58.66,0,0,17.43,28.62,654.52,12.98,2.83,2.92,1.2,68.53,45.36,1309.62,0,15.53,16.69,10.18,289.11,259.82,29.3,0.05,0,0,0,0,0,117.36,53.48,130.01,268.82,123.45,0,17.48,32.35,81.89,255.16,0.04,0,"Nodo 1 - Pies inventariados","IFN3",2003,31,715.99,0,0,20.4,NA,NA,19.05,29.39,693.07,16.07,3.28,3.41,0.36,76.68,54.67,444.89,23.26,25,16.05,87.57,79.87,7.7,NA,NA,0,0,0,2.37,48.84,41.61,25.32,82.08,37.95,0,4.45,7.51,21.72,71.63,NA,NA,NA,NA,NA,NA,0,0,0,NA,NA,NA,NA,NA
"55",55,"9_1341","Nodo 3 - Pies inventariados",35,"IFN2",10,36,1561.8,33.28,0,60.79,0,0,22.26,33.29,873.41,15.8,3.2,3.31,1.32,65.14,47.46,1275.47,0,16.02,17.21,12,398.42,366.59,31.83,0.03,0,0,0,0,27.35,213.27,171.16,110.09,375.07,174.18,0,21.52,34.7,99.79,330.19,0.03,0,"Nodo 1 - Pies inventariados","IFN3",2003,37,519.91,0,0,26.48,NA,NA,25.47,32.73,851.53,19.18,3.81,3.91,0.59,71.57,58.61,536.97,22.86,24.57,19.13,208.57,193.89,14.69,NA,NA,0,0,0,37.73,121.54,94.63,36.7,197.97,92.12,0.02,8.31,11.79,42.55,154.8,NA,NA,NA,NA,NA,NA,0,0,0,NA,NA,NA,NA,NA
"56",56,"9_1342","Nodo 3 - Pies inventariados",35,"IFN2",10,35,2243.52,30.63,0,62.5,0,0,18.83,25.58,514.99,13.65,2.85,2.9,1.49,66.53,53.37,1368.04,0,15.46,16.62,10,360.93,323.73,37.21,0.03,0,0,0,0,0,128.25,50.14,173.02,335.5,153.81,0,21.98,41.34,103.44,320.58,0.04,0,"Nodo 1 - Pies inventariados","IFN3",2003,36,626.01,0,0,16.2,NA,NA,18.15,23.89,449.68,15.37,3.21,3.29,0.53,55.32,64.34,357.55,26,27.94,15.42,92.8,83.71,9.09,NA,NA,0,0,0,0,46.31,27.6,35.11,86.29,39.77,0,12.97,47.38,26.82,126.93,NA,NA,NA,NA,NA,NA,0,0,0,NA,2.51125968,222.81,0.8078454,52.7337159
"57",57,"9_1343","Nodo 3 - Pies inventariados",35,"IFN2",10,35,2247.39,37.37,0,73.22,0,0,20.37,27.13,578.51,14.68,2.94,3,1.59,68.04,54.11,1571.22,0,14.37,15.44,10.91,465.01,420.38,44.63,0.05,0,0,0,0,0,238.42,140.83,178.59,435.39,199.74,0,25,43.92,121.19,389.85,0.04,0,"Nodo 1 - Pies inventariados","IFN3",2003,36,735.65,0,0,27.55,NA,NA,21.84,27.81,608.28,17.54,3.36,3.4,0.67,74.92,63.07,580.54,21.02,22.59,17.49,205.2,185.74,19.46,NA,NA,0,0,0,2.29,110.28,76.54,67.85,194,88.25,0,8.49,13.86,45.6,156.19,NA,NA,NA,NA,NA,NA,0,0,0,NA,NA,NA,NA,NA
"58",58,"9_1351","Nodo 3 - Pies inventariados",35,"IFN2",10,35,1997.27,22.22,0,63.66,0,0,20.14,25.45,509.79,13.14,3.05,3.1,1.5,62.81,51.62,1369.9,0,17.03,18.3,9.56,366.02,331.03,34.99,0.03,0,0,0,0,0,162.58,77.77,146.58,340.92,157.28,0,23.28,42.33,105.37,328.26,0.03,0,"Nodo 1 - Pies inventariados","IFN3",2003,36,717.97,0,0,25.04,NA,NA,21.07,25.42,509.54,13.76,3.5,3.52,0.7,61.94,54.13,532.43,27.12,29.14,13.78,148.78,135.03,13.75,NA,NA,0,0,0,0,76.86,22.64,53.34,139.37,64.16,0,9.09,16.14,41.45,130.85,NA,NA,NA,NA,NA,NA,0,0,0,NA,NA,NA,NA,NA
"59",59,"9_1357","Nodo 3 - Pies inventariados",35,"IFN2",10,30,1177.02,7.8,0,26.31,0,0,16.87,24.57,478.33,11,2.9,2.93,0.58,61.9,44.77,592.29,0,26.5,28.47,10.41,98.8,87.59,11.21,0,0,0,0,0,0,17.52,0,60.69,91.19,41.62,0,6.83,14.2,31.48,94.12,0,0,"Nodo 1 - Pies inventariados","IFN3",2003,31,544.66,0,0,16.61,NA,NA,19.7,27.44,601.84,16.16,3.34,3.36,0.19,71.28,58.91,359.12,26.51,28.48,15.59,40.79,36.52,4.27,NA,NA,0,0,0,0,15.04,10.16,19.74,38.24,17.35,0,2.15,3.94,10.79,34.23,NA,NA,NA,NA,NA,NA,0,0,0,NA,NA,NA,NA,NA
"60",60,"9_1360","Nodo 3 - Pies inventariados",35,"IFN2",10,25,1473.86,4.51,0,33.74,0,0,17.07,30.02,709.72,10.59,4.01,4.11,0.69,50.53,35.27,757.21,0,24.6,26.43,7.44,104.55,98.49,6.06,0.02,0,0,0,0,2.35,56.72,46.6,20.84,96.21,46.79,0,11.6,20.28,37.93,116.6,0.02,0,"Nodo 1 - Pies inventariados","IFN3",2003,26,272.33,0,0,16.52,NA,NA,27.79,32.16,816.57,14.89,4.87,4.91,0.4,53.79,46.3,327.73,40.7,43.73,14.8,92.19,87.62,4.57,NA,NA,0,0,0,17.56,57.16,48.34,9.37,87.24,41.63,0,5.94,8.53,23.7,79.8,NA,NA,NA,NA,NA,NA,0,0,0,NA,NA,NA,NA,NA
"61",61,"9_1361","Nodo 3 - Pies inventariados",35,"IFN2",10,35,1495,11.67,0,55.19,0,0,21.68,26.59,556.58,13.12,3.4,3.43,1.38,54.85,49.36,1165.66,0,19.71,21.18,9.55,296.54,271.53,25.01,0.03,0,0,0,0,0,160.42,68.09,98.77,276.35,129.02,0,22.22,39.75,91.35,282.34,0.03,0,"Nodo 1 - Pies inventariados","IFN3",2003,36,1294.46,0,0,43.16,NA,NA,20.6,27.27,586.93,16.45,3.13,3.17,1.02,70.83,60.32,922.77,16.9,18.16,16.39,291.02,262.38,28.64,NA,NA,0,0,0,2.34,153.94,82.09,114.12,273.6,124.67,0,13.96,24.29,71.44,234.35,NA,NA,NA,NA,NA,NA,NA,NA,NA,NA,NA,NA,NA,NA
"62",62,"9_1389","Nodo 3 - Pies inventariados",35,"IFN2",10,28,2154.53,9.98,0,30.16,0,0,13.35,20.52,331.69,9.26,2.74,2.77,0.76,58.31,45.11,720.55,0,23.27,25,6.37,91.08,80.36,10.72,0.01,0,0,0,0,0,6.29,0,65.27,80.59,38.18,0,9.87,23.24,38.16,109.46,0.02,0,"Nodo 1 - Pies inventariados","IFN3",2003,29,1669.36,0,0,22.74,NA,NA,13.17,21.43,361.63,11.72,2.54,2.61,0.47,72.23,54.7,543.85,20.88,22.44,11.71,73.31,64.25,9.06,NA,NA,0,0,0,0,16.3,0,45.94,66.29,30.53,0,5.19,11.56,24.4,71.68,NA,NA,NA,NA,NA,NA,NA,NA,NA,NA,NA,NA,NA,NA
"63",63,"9_1390","Nodo 3 - Pies inventariados",35,"IFN2",10,30,1579.66,11.88,0,25.09,0,0,14.22,17.12,230.31,8.6,2.58,2.6,0.84,60.25,50.23,589.78,0,29.26,31.44,5.58,101.57,88.38,13.19,0.03,0,0,0,0,0,0,0,80.62,89.45,41.99,0,9.93,24.3,41.53,117.75,0.04,0,"Nodo 1 - Pies inventariados","IFN3",2003,31,827.61,0,0,11.28,NA,NA,13.17,17.51,241.73,11.86,2.36,2.39,0.37,89.12,67.73,269.68,29.3,31.49,11.78,63.64,54.08,9.56,NA,NA,0,0,0,0,3.62,0,50.75,57.2,25.7,0,3.25,7.58,18.67,55.2,NA,NA,NA,NA,NA,NA,NA,NA,NA,NA,NA,NA,NA,NA
"64",64,"9_1391","Nodo 3 - Pies inventariados",35,"IFN2",10,48,868.7,8.41,0,42.24,0.02,0,24.88,32.62,841.92,17.38,3.67,3.74,0.95,64.36,53.27,861.63,0,19.52,20.98,13.44,302.67,280.29,22.38,0.05,0,0,0,0,29.22,189.55,138.6,62.4,286.41,133.17,0.01,14.71,22.41,69.92,240.23,0.05,0,"Nodo 1 - Pies inventariados","IFN3",2003,49,717.97,0,0,32.03,NA,NA,23.83,33.45,885.09,17.26,3.76,3.86,0.84,58.21,51.59,660.41,21.62,23.24,17.1,212.36,197.64,14.72,NA,NA,0,0,0,30.77,120.44,92.82,45.15,200.42,93.91,0.03,17.57,45.32,53.02,209.86,NA,NA,NA,NA,NA,NA,NA,NA,NA,NA,1.68145158,95.49,0.5172375,38.0037468
"65",65,"9_1394","Nodo 3 - Pies inventariados",35,"IFN2",10,49,1104.6,16.57,0,59.1,0,0,26.1,34.57,939.18,19.8,3.53,3.61,1.13,70.52,57.29,1190.95,0,15.19,16.33,15.44,484.08,449.47,34.61,0.05,0,0,0,0,96.54,294.06,221.54,85.53,459.82,213.56,0,18.98,27,97.83,357.36,0.04,0,"Nodo 1 - Pies inventariados","IFN3",2003,50,477.46,0,0,34.96,NA,NA,30.53,35.93,1015.16,18.89,4.39,4.47,0.75,60.89,52.58,677.43,24.23,26.03,18.74,280.41,265.99,14.42,NA,NA,0,0,0,103.51,153.11,123.23,26.07,267.09,126.38,0,12.45,16.35,57.86,213.04,NA,NA,NA,NA,NA,NA,0,0,0,NA,NA,NA,NA,NA
"66",66,"9_1398","Nodo 3 - Pies inventariados",35,"IFN2",10,31,1136.51,9.41,0,30.18,0,0,18.39,24.94,489.67,10.47,3.19,3.24,0.94,51.12,41.97,664.75,0,28.33,30.45,7.37,131.6,119.22,12.38,0.02,0,0,0,0,0,46.11,0,65.31,119.81,56.65,0,13.37,27.43,49.96,147.41,0.02,0,"Nodo 1 - Pies inventariados","IFN3",2003,32,640.16,0,0,19.87,NA,NA,19.88,25.22,503.68,10.59,3.57,3.62,0.66,47.65,41.97,428.57,37.34,40.12,10.31,85.95,78.67,7.28,NA,NA,0,0,0,0,32.71,8.8,36.06,78.8,37.38,0,9.27,18.29,32.88,97.82,NA,NA,NA,NA,NA,NA,NA,NA,NA,NA,NA,NA,NA,NA
"67",67,"9_1401","Nodo 3 - Pies inventariados",35,"IFN2",10,25,1549.81,9.91,0,30.71,0,0,15.88,21.9,376.99,10.28,3.06,3.1,0.88,58.07,46.95,701.93,0,24.7,26.55,7.12,127.85,114.63,13.23,0.02,0,0,0,0,0,29.48,0,72.54,116.22,54.46,0,11.93,24.96,47.21,138.56,0.02,0,"Nodo 1 - Pies inventariados","IFN3",2003,26,1128.23,0,0,23.31,NA,NA,16.22,21.85,375.26,14.01,3.07,3.1,0.56,85.63,64.15,529.12,21.24,22.83,14,130.98,116.41,14.57,NA,NA,0,0,0,0,49.81,12.56,69.08,122.52,55.31,0,6.42,11.97,33.7,107.4,NA,NA,NA,NA,NA,NA,0,0,0,NA,NA,NA,NA,NA
"68",68,"9_1405","Nodo 3 - Pies inventariados",35,"IFN2",10,50,1018.32,10.89,0,61.21,0,0,27.67,35.38,985.25,18.26,3.77,3.83,1.18,65.8,51.6,1215.4,0,17.17,18.45,14.12,489.62,457.5,32.12,0.04,0,0,0,0,91.46,311.69,236.74,65.71,465.02,217.37,0,20.52,28.63,101.32,367.85,0.03,0,"Nodo 1 - Pies inventariados","IFN3",2003,51,679.06,0,0,44.4,NA,NA,28.85,35.74,1004.85,19.67,4.04,4.11,0.9,64.61,55.06,872.69,19.5,20.96,19.66,362.12,340.37,21.75,NA,NA,0,0,0,94.79,220.26,174.01,41.2,345.4,161.72,0,15.05,20.4,73.49,270.66,NA,NA,NA,NA,NA,NA,0,0,0,NA,NA,NA,NA,NA
"69",69,"9_1406","Nodo 3 - Pies inventariados",35,"IFN2",10,48,855.95,7.03,0,53.61,0.02,0,28.24,34.51,936.61,17.36,4.05,4.09,1.12,58.37,50.31,1058.93,0,19.69,21.15,13.5,388.95,365.74,23.21,0.07,0,0,0,0,57.37,247.72,200.08,45.5,369.36,173.77,0,19.61,27.91,88.74,310.04,0.06,0,"Nodo 1 - Pies inventariados","IFN3",2003,49,565.88,0,0,39.45,NA,NA,29.79,35.35,982.63,17.14,4.43,4.47,0.89,55.31,48.48,769.15,24.53,26.35,17.26,282.91,268.05,14.87,NA,NA,0,0,0,65.18,174.32,142.16,27.15,268.46,127.36,0,15.08,20.9,65.29,228.63,NA,NA,NA,NA,NA,NA,0,0,0,NA,NA,NA,NA,NA
"70",70,"9_1415","Nodo 3 - Pies inventariados",35,"IFN2",10,36,727.64,4.47,0,21.19,0,0,19.26,23.13,422.47,10.22,3.44,3.47,0.69,50.95,44.19,461.28,0,36.27,38.97,7.12,95.34,86.5,8.85,0.01,0,0,0,0,0,33.99,6.02,45.46,87.37,41.1,0,9.3,18.63,35.08,104.1,0.02,0,"Nodo 1 - Pies inventariados","IFN3",2003,37,583.57,0,0,17.71,NA,NA,19.65,23.12,423.7,9.91,3.56,3.59,0.59,49.96,42.88,383.06,41.76,44.87,9.88,79.12,72,7.12,NA,NA,0,0,0,0,26.02,3.07,36.17,72.28,34.21,0,7.9,15.64,29.31,87.06,NA,NA,NA,NA,NA,NA,NA,NA,NA,NA,NA,NA,NA,NA
"71",71,"9_1427","Nodo 3 - Pies inventariados",35,"IFN2",10,34,317.11,1.19,0,11.64,0,0,21.62,24.58,475.87,9.1,4.28,4.3,0.37,38.71,37.04,245.99,0,61.68,66.28,6.25,42.06,39.18,2.88,0,0,0,0,0,0,20.06,0,11.83,38.56,18.62,0,5.35,9.97,17,50.94,0,0,"Nodo 1 - Pies inventariados","IFN3",2003,35,229.89,0,0,8.78,NA,NA,22.05,23.69,443.34,8.72,4.35,4.37,0.25,36.78,36.82,184.48,75.61,81.25,8.73,24.88,23.23,1.66,NA,NA,0,0,0,0,10.68,0,7.07,22.66,11.04,0,3.68,7.01,10.91,32.63,NA,NA,NA,NA,NA,NA,NA,NA,NA,NA,NA,NA,NA,NA
"72",72,"9_1428","Nodo 3 - Pies inventariados",35,"IFN2",10,42,1140.1,23.5,0,57.57,0.02,0,25.36,37.33,1104.01,17.23,3.7,3.83,1.24,58.99,46.16,1168.68,0,17.19,18.47,13.19,379.64,356.76,22.89,0.15,0,0,0,0,71.94,210.56,177.51,61.05,359.36,169.51,0.22,22.48,33.85,93.78,319.84,0.12,0,"Nodo 1 - Pies inventariados","IFN3",2003,43,1030.76,0,0,48.72,NA,NA,24.53,38.69,1186.66,16.03,4,4.24,1.37,48.67,41.43,997.17,19.43,20.88,16.03,268.35,255.03,13.32,NA,NA,0,0,0,79.98,129.2,101.31,37.87,251.07,121.17,0.45,52.67,163.89,78.01,416.19,NA,NA,NA,NA,NA,NA,NA,NA,NA,NA,7.07119878,205.13,2.3462927,187.7413139
"73",73,"9_1430","Nodo 3 - Pies inventariados",35,"IFN2",10,25,126.47,0.86,0,1.61,0,0,12.72,12.72,127.03,5.58,2.77,2.77,0.08,43.9,43.9,38.85,0,159.26,171.13,3,4.25,3.7,0.55,0.01,0,0,0,0,0,0,0,3.46,3.62,1.76,0,0.85,2.48,2.66,7.74,0.04,0,"Nodo 1 - Pies inventariados","IFN3",2003,26,31.83,0,0,0.41,NA,NA,12.81,12.81,128.89,7.82,2.87,2.87,0.02,61.03,61.03,9.88,226.71,243.61,7.82,1.54,1.32,0.22,NA,NA,0,0,0,0,0,0,1.33,1.37,0.63,0,0.16,0.43,0.68,1.9,NA,NA,NA,NA,NA,NA,NA,NA,NA,NA,NA,NA,NA,NA
"74",74,"9_1432","Nodo 3 - Pies inventariados",35,"IFN2",10,35,218.18,1.1,0,9.81,0,0,23.93,26.41,553.28,10.98,4.42,4.46,0.34,44.4,41.59,202.13,0,61.63,66.23,7.86,46.21,43.22,2.99,0.02,0,0,0,0,0,25.48,12.89,10.09,42.82,20.53,0,4.7,8.18,16.24,49.66,0.02,0,"Nodo 1 - Pies inventariados","IFN3",2003,36,148.54,0,0,7.19,NA,NA,24.83,26.36,558.29,10.18,4.67,4.74,0.26,40.54,38.63,146.75,80.58,86.58,10.01,31.86,30.12,1.74,NA,NA,0,0,0,2.31,18.6,7.01,6.71,29.5,14.31,0,3.76,6.45,11.9,36.43,NA,NA,NA,NA,NA,NA,NA,NA,NA,NA,NA,NA,NA,NA
"75",75,"9_1438","Nodo 3 - Pies inventariados",35,"IFN2",10,45,997.11,7.33,0,42.2,0,0,23.21,29.2,671.01,12.85,3.74,3.78,1.12,51.38,44.01,876.1,0,24.64,26.48,9.5,225.48,208.84,16.64,0.03,0,0,0,0,2.32,128.87,92.45,58.08,210.62,99.23,0,17.94,30.83,69.86,217.85,0.04,0,"Nodo 1 - Pies inventariados","IFN3",2003,46,756.87,0,0,30.97,NA,NA,22.83,30.26,721.87,13.43,3.7,3.77,0.85,55.14,44.38,645.49,27.06,29.08,13.48,176.35,163.02,13.32,NA,NA,0,0,0,4.9,95.43,67.04,48.24,164.72,77.46,0,12.64,21.59,51.27,162.95,NA,NA,NA,NA,NA,NA,NA,NA,NA,NA,NA,NA,NA,NA
"76",76,"9_1444","Nodo 3 - Pies inventariados",35,"IFN2",10,35,569.42,3.54,0,9.83,0,0,14.83,16.58,216.79,7.76,2.93,2.94,0.39,47.6,46.82,228.69,0,53.99,58.02,4.75,32.62,28.8,3.82,0.02,0,0,0,0,0,0,0,23.43,28.42,13.68,0,4.72,11.9,16.27,46.58,0.04,0,"Nodo 1 - Pies inventariados","IFN3",2003,36,190.99,0,0,3.79,NA,NA,15.89,17.38,238.25,7.83,3.22,3.25,0.16,47.96,45.04,86.4,92.46,99.35,7.8,13.46,11.99,1.47,NA,NA,0,0,0,0,0,0,9.39,11.93,5.7,0,1.8,4.26,6.27,18.03,NA,NA,NA,NA,NA,NA,NA,NA,NA,NA,NA,NA,NA,NA
"77",77,"9_1447","Nodo 3 - Pies inventariados",35,"IFN2",10,35,902.03,21.07,0,35.26,0.02,0,22.31,38.85,1207.75,19.19,3.25,3.45,0.84,67.54,49.39,739.3,0,17.35,18.65,15.06,244.13,227.74,16.39,0.07,0,0,0,0,66.53,93.96,60.89,64.89,229.55,108.21,0.73,12.96,19.99,58.36,200.23,0.07,0,"Nodo 1 - Pies inventariados","IFN3",2003,36,851.94,0,0,24.78,NA,NA,19.25,35.82,1032.41,20.4,2.91,3.14,0.66,71.98,56.96,539.02,16.79,18.04,18.78,185.5,171.34,14.16,NA,NA,0,0,2.07,52.31,76.11,50.63,49.38,174.72,81.41,0.36,14.86,43.21,41.02,180.86,NA,NA,NA,NA,NA,NA,NA,NA,NA,NA,2.61542791,205.13,1.0707052,45.8273876
"78",78,"9_1448","Nodo 3 - Pies inventariados",35,"IFN2",10,35,1341.89,9.16,0,34.82,0,0,18.18,26.82,566.16,11.78,3.43,3.5,0.92,49.78,43.92,769.08,0,23.18,24.9,8.5,146.63,134.55,12.08,0.02,0,0,0,0,0,65.36,27.96,54,135.13,63.93,0,13.93,26.37,51.86,156.09,0.03,0,"Nodo 1 - Pies inventariados","IFN3",2003,36,1018.59,0,0,25.81,NA,NA,17.96,26.43,550.37,14.13,3.26,3.34,0.64,63.75,53.45,571.06,22.18,23.83,13.93,133.07,120.67,12.41,NA,NA,0,0,0,0,61.43,29.42,49.8,123.97,57.33,0,8.26,14.98,37.58,118.15,NA,NA,NA,NA,NA,NA,NA,NA,NA,NA,NA,NA,NA,NA
"79",79,"9_1458","Nodo 3 - Pies inventariados",35,"IFN2",10,30,253.12,1.52,0,3.98,0,0,14.16,14.81,172.2,6.14,2.95,2.96,0.17,43.43,41.47,93.78,0,102.36,109.99,3.5,11.46,10.1,1.36,0.02,0,0,0,0,0,0,0,8.8,9.42,4.8,0,2.1,5.62,6.6,19.11,0.04,0,"Nodo 1 - Pies inventariados","IFN3",2003,31,63.66,0,0,1.03,NA,NA,14.36,14.36,162.04,7.41,3.11,3.11,0.05,51.61,51.61,24.14,169.16,181.77,7.41,3.6,3.15,0.45,NA,NA,0,0,0,0,0,0,3.06,3.05,1.5,0,0.46,1.18,1.71,4.85,NA,NA,NA,NA,NA,NA,NA,NA,NA,NA,NA,NA,NA,NA
"80",80,"9_1459","Nodo 3 - Pies inventariados",35,"IFN2",10,32,959.45,9.62,0,24.73,0,0,18.12,25.57,514.14,11.5,3.13,3.22,0.78,53.61,44.99,546.76,0,28.06,30.16,8.29,113.18,102.65,10.53,0.01,0,0,0,0,0,42.59,15.13,50.08,103.36,48.77,0,10.6,21.42,40.94,121.74,0.02,0,"Nodo 1 - Pies inventariados","IFN3",2003,33,671.99,0,0,17.27,NA,NA,18.09,26.12,538.65,11.08,3.11,3.29,0.57,55.49,42.41,381.43,34.83,37.43,11.18,79.52,72.53,6.99,NA,NA,0,0,0,0,32.78,14.3,29.58,72.62,34.46,0,7.59,14.75,28.58,85.39,NA,NA,NA,NA,NA,NA,NA,NA,NA,NA,NA,NA,NA,NA
"81",81,"9_1473","Nodo 3 - Pies inventariados",35,"IFN2",10,42,962.59,10.03,0,37.69,0,0,22.33,29.13,667.72,12.81,3.6,3.69,1.03,51.96,43.98,790.17,0,25.16,27.04,9.44,198.56,183.94,14.62,0.03,0,0,0,0,2.36,108.68,87.33,52.43,184.67,87.4,0,16.3,28.38,62.39,194.46,0.04,0,"Nodo 1 - Pies inventariados","IFN3",2003,43,795.77,0,0,25.95,NA,NA,20.38,29.59,690.37,12.29,3.37,3.54,0.78,50.13,41.53,556.4,28.84,30.99,12.52,128.64,119.22,9.42,NA,NA,0,0,0,4.83,64.91,42.72,34.69,119.24,56.65,0,11.78,21.88,42.95,133.26,NA,NA,NA,NA,NA,NA,NA,NA,NA,NA,NA,NA,NA,NA
"82",82,"9_1474","Nodo 3 - Pies inventariados",35,"IFN2",10,33,1450.36,17.4,0,49.85,0.01,0,20.92,28.48,638.16,14.53,3.2,3.26,1.21,62.29,51.03,1062.47,0,18.07,19.41,10.82,297.34,270.93,26.41,0.04,0,0,0,0,0,148.02,100.86,102.17,278.34,128.73,0,18.28,32.04,82.51,261.56,0.04,0,"Nodo 1 - Pies inventariados","IFN3",2003,34,1213.11,0,0,38.26,NA,NA,20.04,29.61,690.31,15.13,3.07,3.17,0.96,68.11,51.08,823.83,18.98,20.39,15.1,240.39,218.15,22.25,NA,NA,0,0,0,7,118.61,92.61,87.3,224.86,103.65,0,13.31,23.19,63.34,203.49,NA,NA,NA,NA,NA,NA,NA,NA,NA,NA,NA,NA,NA,NA
"83",83,"9_1475","Nodo 3 - Pies inventariados",35,"IFN2",10,30,885.36,5.91,0,12.99,0,0,13.67,14.68,169.26,7.29,2.65,2.66,0.49,54.39,49.63,308.43,0,46.13,49.57,4.5,45.84,39.85,6,0.02,0,0,0,0,0,0,0,35.86,39.73,18.93,0,5.62,14.67,21.5,60.72,0.03,0,"Nodo 1 - Pies inventariados","IFN3",2003,31,509.3,0,0,6.3,NA,NA,12.55,13.6,145.27,8.14,2.51,2.51,0.25,60.87,59.84,152.45,54.46,58.52,7.93,23.21,19.89,3.32,NA,NA,0,0,0,0,0,0,18.2,20.16,9.45,0,2.49,6.76,10.43,29.13,NA,NA,NA,NA,NA,NA,NA,NA,NA,NA,NA,NA,NA,NA
"84",84,"9_1476","Nodo 3 - Pies inventariados",35,"IFN2",10,30,696.08,4.2,0,14.58,0.02,0,16.33,18.34,264.13,8.51,3.11,3.12,0.53,48.59,46.43,330.94,0,44.52,47.84,5.5,54.03,48.19,5.84,0.02,0,0,0,0,0,0,0,39.28,48.13,22.9,0,6.77,15.73,24.13,69.54,0.04,0,"Nodo 1 - Pies inventariados","IFN3",2003,31,413.8,0,0,9.94,NA,NA,17.48,18.83,278.56,9.89,3.31,3.32,0.36,54.09,52.53,221.33,49.71,53.42,10,43.66,39.04,4.63,NA,NA,0,0,0,0,2,0,27.93,39.7,18.55,0,4.16,8.9,16.45,48.05,NA,NA,NA,NA,NA,NA,NA,NA,NA,NA,NA,NA,NA,NA
"85",85,"9_1477","Nodo 3 - Pies inventariados",35,"IFN2",10,30,1013.21,5.39,0,17.07,0,0,14.65,18.67,274.26,7.23,2.92,2.94,0.56,48.7,38.74,398.3,0,43.44,46.68,4.75,54.75,48.45,6.3,0.01,0,0,0,0,0,0,0,39.59,48.58,23.02,0,7.25,17.45,25.38,73.09,0.02,0,"Nodo 1 - Pies inventariados","IFN3",2003,31,509.3,0,0,9.85,NA,NA,15.69,19.3,293.09,12.26,2.91,2.95,0.31,61.8,63.54,225.5,36.14,38.84,11.93,43.47,38.3,5.18,NA,NA,0,0,0,0,6.17,0,28.29,39.65,18.2,0,3.19,6.92,14.52,42.82,NA,NA,NA,NA,NA,NA,0,0,0,NA,NA,NA,NA,NA
"86",86,"9_1488","Nodo 3 - Pies inventariados",35,"IFN2",10,41,2728.89,54.56,0,75.86,0,0,18.81,27.28,586.51,14.98,2.74,2.8,1.6,74.62,54.92,1661.06,0,12.78,13.73,11.15,495.1,443.12,51.98,0.05,0,0,0,0,2.3,210.14,136.19,221.78,464.02,210.54,0,24.03,43.16,124.51,402.24,0.05,0,"Nodo 1 - Pies inventariados","IFN3",2003,42,2069.01,0,0,53.25,NA,NA,18.1,26.38,551.97,14.83,2.84,2.91,1.3,68.66,56.21,1175.92,14.83,15.93,14.7,320.45,287.42,33.03,NA,NA,0,0,0,2.49,139.43,69.32,142.45,298.53,136.57,0,21.15,52.91,86.82,297.45,NA,NA,NA,NA,NA,NA,NA,NA,NA,NA,1.39265799,159.15,0.4790415,28.3840842
"87",87,"9_1489","Nodo 3 - Pies inventariados",35,"IFN2",10,40,756.24,7.7,0,39.16,0,0,25.68,34.49,939.13,15.46,4.01,4.1,1,50.4,44.8,792.33,0,23.53,25.28,11.75,230.37,217.08,13.29,0.03,0,0,0,0,38.51,130.09,105.39,39.83,216.92,103.14,0.01,16.99,26.95,64.81,211.9,0.03,0,"Nodo 1 - Pies inventariados","IFN3",2003,41,693.21,0,0,33.9,NA,NA,24.95,36.35,1042.49,15.39,4.23,4.35,1.03,39.28,42.35,690.9,24.67,26.51,15.52,178.04,170.03,8,NA,NA,0,0,0,52.65,88.45,70.54,21.63,166.48,80.79,0.08,33.13,108,56.11,278.11,NA,NA,NA,NA,NA,NA,NA,NA,NA,NA,3.86343903,173.3,1.0888596,111.6547062
"88",88,"9_1490","Nodo 3 - Pies inventariados",35,"IFN2",10,30,1351.93,13.26,0,29.23,0,0,16.59,25.48,517.84,10.23,2.91,2.98,0.94,52.21,40.15,660.73,0,26.58,28.57,6.94,119.22,107.15,12.07,0.02,0,0,0,0,2.29,23.99,6.67,70.56,107.38,50.91,0,13.06,28.59,48.38,140.94,0.02,0,"Nodo 1 - Pies inventariados","IFN3",2003,31,930.17,0,0,20.2,NA,NA,16.63,25.44,523.46,11.63,2.93,3.04,0.67,56.17,45.71,455.72,28.2,30.3,11.64,93.99,84.7,9.29,NA,NA,0,0,0,2.75,22.92,6.66,45.73,86.21,40.24,0,12.5,45.9,33.44,132.09,NA,NA,NA,NA,NA,NA,NA,NA,NA,NA,1.02008784,127.32,0.1820676,37.0959552
"89",89,"9_1491","Nodo 3 - Pies inventariados",35,"IFN2",10,33,95.05,0.44,0,3.16,0,0,20.56,20.47,332,7.94,4.2,4.22,0.13,38.77,38.77,67.56,0,129.26,138.9,5.17,11.18,10.33,0.85,0.01,0,0,0,0,0,4.36,0,4.42,10.06,4.91,0,1.75,3.58,5.22,15.46,0.02,0,"Nodo 1 - Pies inventariados","IFN3",2003,34,77.81,0,0,2.91,NA,NA,21.84,21.79,374.57,10.84,4.31,4.32,0.11,49.74,49.74,61.42,104.61,112.41,10.84,14.07,12.92,1.15,NA,NA,0,0,0,0,5.99,0,4.62,13.1,6.14,0,1.3,2.38,4.82,14.64,NA,NA,NA,NA,NA,NA,NA,NA,NA,NA,NA,NA,NA,NA
"90",90,"9_1507","Nodo 3 - Pies inventariados",35,"IFN2",10,47,1271.74,20.74,0,53.91,0.02,0,23.23,31.53,881.62,17.65,3.21,3.28,1.07,73.09,55.96,1118.83,0,15.89,17.08,13.88,389.79,355.35,34.44,0.1,0,0,0,0,4.62,228,183.65,104.75,369.2,168.84,0,16.03,25.23,84.97,295.07,0.07,0,"Nodo 1 - Pies inventariados","IFN3",2003,48,309.26,0,0,18.38,NA,NA,27.51,31.99,935.93,16.29,4.14,4.17,0.42,57.57,50.92,365.52,34.9,37.51,16.29,104.9,97.37,7.53,NA,NA,0,0,0,4.58,68.48,54.55,18.97,99.2,46.27,0,5.58,8.69,25.32,85.85,NA,NA,NA,NA,NA,NA,0,0,0,NA,NA,NA,NA,NA
"91",91,"9_1508","Nodo 3 - Pies inventariados",35,"IFN2",10,38,1057.89,6.68,0,39.4,0,0,21.78,25.99,530.81,9.85,3.65,3.68,1.13,48.16,37.9,831.2,0,31.21,33.54,6.84,186.02,171.36,14.66,0.02,0,0,0,0,0,98.64,20.81,59.4,171.63,81.42,0,18.07,33.59,65.21,198.29,0.02,0,"Nodo 1 - Pies inventariados","IFN3",2003,39,710.89,0,0,24.26,NA,NA,20.84,26.19,539.75,11.45,3.75,3.79,0.8,45.58,43.71,517.12,32.77,35.21,11.64,110.01,101.14,8.87,NA,NA,0,0,0,0,54.29,21.84,36.78,101.06,48.06,0,17.44,51.78,40.15,157.42,NA,NA,NA,NA,NA,NA,0,0,0,NA,1.76032632,95.49,0.4854075,43.6446594
"92",92,"9_1509","Nodo 3 - Pies inventariados",35,"IFN2",10,36,868.1,5.49,0,30.93,0,0,21.3,26.02,535.54,11.76,3.6,3.62,0.9,52.75,45.19,656.3,0,28.86,31.01,8.47,157.19,143.92,13.27,0.02,0,0,0,0,2.26,73.5,21.66,56.5,145.74,68.38,0,12.99,23.85,51.2,156.42,0.02,0,"Nodo 1 - Pies inventariados","IFN3",2003,37,785.16,0,0,26.17,NA,NA,20.6,25.96,539.38,14.26,3.4,3.43,0.73,62.85,54.95,559.56,25.02,26.88,14.15,156.28,141.69,14.6,NA,NA,0,0,0,4.86,73.7,28.93,61.81,146,67.32,0,9.44,16.99,43.32,137.07,NA,NA,NA,NA,NA,NA,NA,NA,NA,NA,NA,NA,NA,NA
"93",93,"9_1524","Nodo 3 - Pies inventariados",35,"IFN2",10,40,457.19,2.59,0,23.12,0,0,25.38,29.44,682.29,13.42,4.25,4.28,0.66,51.07,45.57,469.26,0,34.86,37.46,10.06,132.21,123.52,8.69,0.03,0,0,0,0,2.45,87.57,74.09,24.1,124.05,58.69,0,9.69,15.57,38.27,122.21,0.03,0,"Nodo 1 - Pies inventariados","IFN3",2003,41,159.15,0,0,9.35,NA,NA,27.35,29.39,687.86,15.07,4.69,4.74,0.28,55.05,51.27,186.25,52.6,56.52,15.12,61.61,57.95,3.67,NA,NA,0,0,0,9.84,38.48,35.31,8.68,58.2,27.53,0,3.66,5.4,15.48,52.07,NA,NA,NA,NA,NA,NA,0,0,0,NA,NA,NA,NA,NA
"94",94,"9_1525","Nodo 3 - Pies inventariados",35,"IFN2",10,44,1133.15,12.76,0,45.99,0.02,0,22.73,30.01,711.52,16.59,3.31,3.38,1.02,70.69,55.28,959.7,0,17.91,19.24,12.81,334.06,305.25,28.81,0.05,0,0,0,0,7.55,192.74,147.65,92.29,315.18,145.04,0,14.96,23.79,76.12,259.91,0.05,0,"Nodo 1 - Pies inventariados","IFN3",2003,45,314.77,0,0,14.18,NA,NA,23.95,29.77,701.17,17.77,3.87,3.94,0.38,66.95,59.69,292.02,31.72,34.09,17.79,103.99,95.94,8.05,NA,NA,0,0,0,7.65,58.11,43.1,24.72,98.22,45.59,0,4.81,7.45,23.47,81.32,NA,NA,NA,NA,NA,NA,0,0,0,NA,NA,NA,NA,NA
"95",95,"9_1543","Nodo 3 - Pies inventariados",35,"IFN2",10,40,2850.19,28.74,0,44.15,0.02,0,14.04,20.32,332.96,10.32,2.4,2.43,1.32,63.71,50.76,1041.24,0,18.16,19.51,7.13,189.17,164.35,24.82,0.03,0,0,0,0,0,6.46,3,143.99,168.19,78.09,0,16.67,40.38,73.08,208.22,0.05,0,"Nodo 1 - Pies inventariados","IFN3",2003,41,2496.96,0,0,28.12,NA,NA,11.98,20.08,328.14,11.75,2.11,2.15,0.9,74.32,58.54,688.69,17.03,18.29,11.82,124.05,105.8,18.25,NA,NA,0,0,0,0,6.73,3.31,89.99,108.09,50.27,0,9.66,25.21,46.55,131.69,NA,NA,NA,NA,NA,NA,NA,NA,NA,NA,NA,NA,NA,NA
"96",96,"9_1549","Nodo 3 - Pies inventariados",35,"IFN2",10,39,73.95,0.33,0,4.37,0,0,27.42,27.2,590.47,10.2,5.31,5.35,0.17,37.51,37.51,86.89,0,113.98,122.48,7.26,19.62,18.76,0.86,0.02,0,0,0,0,2.28,11.22,6.8,2.57,18.23,8.91,0,2.37,3.87,7.23,22.38,0.02,0,"Nodo 1 - Pies inventariados","IFN3",2003,40,56.59,0,0,3.98,NA,NA,29.92,29.76,702.96,11.23,5.75,5.77,0.15,37.73,37.73,77.48,118.4,127.23,11.23,19.43,18.73,0.7,NA,NA,0,0,0,2.47,12.23,10.36,1.71,18.23,8.9,0,2.12,3.24,6.58,20.85,NA,NA,NA,NA,NA,NA,NA,NA,NA,NA,NA,NA,NA,NA
"97",97,"9_1568","Nodo 3 - Pies inventariados",35,"IFN2",10,30,379.32,2.65,0,6.22,0,0,14.44,16.09,203.33,8.89,2.86,2.87,0.25,56.09,55.23,145.55,0,57.78,62.08,6,23.87,20.88,2.99,0.03,0,0,0,0,0,0,0,19,21.13,9.92,0,2.6,6.42,10.29,29.23,0.04,0,"Nodo 1 - Pies inventariados","IFN3",2003,31,190.99,0,0,2.29,NA,NA,12.35,13.39,143.64,9.21,2.51,2.53,0.1,71.41,68.78,55.6,78.57,84.43,8.72,9.94,8.48,1.46,NA,NA,0,0,0,0,0,0,7.27,8.88,4.03,0,0.79,2.06,3.79,10.66,NA,NA,NA,NA,NA,NA,NA,NA,NA,NA,NA,NA,NA,NA
"98",98,"9_1577","Nodo 3 - Pies inventariados",35,"IFN2",10,49,918.54,8.09,0,60.53,0,0,28.97,35.91,1017.48,18.54,4,4.04,1.18,61.56,51.65,1187.88,0,17.79,19.12,14.31,472.94,444.87,28.08,0.03,0,0,0,0,103.24,299.91,232.18,50.5,449.96,211.37,0.06,21.12,29.04,100.19,361.78,0.03,0,"Nodo 1 - Pies inventariados","IFN3",2003,50,767.48,0,0,51.66,NA,NA,29.28,36.3,1040.04,17.17,4.22,4.27,1.1,56.07,47.3,1011.7,21.02,22.59,17.26,370.64,350.73,19.9,NA,NA,0,0,0,79.5,225.37,185.72,37.8,352.14,166.64,0.08,19.63,27.4,85.51,299.26,NA,NA,NA,NA,NA,NA,NA,NA,NA,NA,NA,NA,NA,NA
"99",99,"9_1580","Nodo 3 - Pies inventariados",35,"IFN2",10,28,1452.82,11.4,0,28.01,0,0,15.67,21.14,351.4,8.81,2.79,2.83,0.91,55.92,41.66,642.39,0,29.78,32,5.87,113.86,100.67,13.19,0.01,0,0,0,0,0,8.4,0,79.69,101.58,47.83,0,11.88,27.21,46.36,133.28,0.02,0,"Nodo 1 - Pies inventariados","IFN3",2003,29,760.41,0,0,15.2,NA,NA,15.95,22.44,395.94,9.77,2.82,2.93,0.51,64.72,43.55,346.36,37.11,39.88,9.74,70.97,62.92,8.06,NA,NA,0,0,0,0,13.29,0,42.94,64.31,29.89,0,6.02,12.74,25.15,73.8,NA,NA,NA,NA,NA,NA,NA,NA,NA,NA,NA,NA,NA,NA
"100",100,"9_1587","Nodo 3 - Pies inventariados",35,"IFN2",10,25,316.53,1.78,0,5.37,0,0,14.69,16.15,205.41,7.44,3,3.02,0.2,49.63,46.05,125.09,0,75.56,81.2,4.92,17.06,15.05,2.01,0,0,0,0,0,0,0,0,11.88,14.69,7.15,0,2.31,5.74,8.2,23.41,0,0,"Nodo 1 - Pies inventariados","IFN3",2003,26,127.32,0,0,2.97,NA,NA,17.23,17.86,251.22,9.42,3.46,3.48,0.09,54.12,52.76,66.36,94.04,101.05,9.28,9.04,8.08,0.96,NA,NA,0,0,0,0,0,0,6.07,8.18,3.84,0,0.96,2.1,3.64,10.55,NA,NA,NA,NA,NA,NA,NA,NA,NA,NA,NA,NA,NA,NA
"101",101,"9_1589","Nodo 3 - Pies inventariados",35,"IFN2",10,40,414.4,2.94,0,17.85,0,0,23.42,29.16,669.77,12.16,4.08,4.19,0.57,45.55,41.71,369.8,0,40.39,43.4,8.76,85.46,80.18,5.29,0.03,0,0,0,0,2.41,48.63,29.08,18.96,79.23,38.1,0,8.6,14.83,29.55,91.08,0.03,0,"Nodo 1 - Pies inventariados","IFN3",2003,41,233.43,0,0,13.08,NA,NA,26.71,30.83,750.04,12.38,4.69,4.79,0.42,44.29,40.15,262.04,52.88,56.82,12.48,67.22,63.86,3.37,NA,NA,0,0,0,7.22,39.69,35.31,10.42,62.8,30.34,0,6.36,10.02,21.65,68.37,NA,NA,NA,NA,NA,NA,NA,NA,NA,NA,NA,NA,NA,NA
"102",102,"9_1595","Nodo 3 - Pies inventariados",35,"IFN2",10,40,2086.61,28.38,0,59.98,0,0,19.13,26.68,559.91,10.62,3.07,3.14,1.61,52.13,39.82,1307.72,0,20.61,22.14,7.37,271.11,246.56,24.56,0.02,0,0,0,0,0,96.68,12.23,120.67,248.15,117.15,0,26.46,52.06,99.28,294.95,0.03,0,"Nodo 1 - Pies inventariados","IFN3",2003,41,834.68,0,0,29.46,NA,NA,21.2,26.89,569.04,11.14,3.63,3.67,0.88,49.85,41.43,625.46,31.07,33.39,11.17,139.88,128.44,11.44,NA,NA,0,0,0,0,68.15,14.74,50.29,129.26,61.03,0,13.11,24.38,48.77,147.27,NA,NA,NA,NA,NA,NA,0,0,0,NA,NA,NA,NA,NA
"103",103,"9_1596","Nodo 3 - Pies inventariados",35,"IFN2",10,47,703.51,3.84,0,37.44,0,0,26.03,33.04,866.24,15.58,4.22,4.27,0.77,52.98,47.15,754.94,0,24.2,26.01,11.37,207.38,195.15,12.23,0,0,0,0,0,27.71,127.82,108.99,28.37,196.36,92.72,0.04,12.49,18.46,52.37,176.09,0,0,"Nodo 1 - Pies inventariados","IFN3",2003,48,385.51,0,0,26.6,NA,NA,29.64,33.83,899.97,15.56,4.56,4.6,0.52,52.02,45.99,519.35,32.74,35.18,15.64,140.56,132.94,7.62,NA,NA,0,0,0,24.89,91.87,71.19,15.13,133.38,63.16,0,8.11,11.62,34.11,116.99,NA,NA,NA,NA,NA,NA,0,0,0,NA,NA,NA,NA,NA
"104",104,"9_1602","Nodo 3 - Pies inventariados",35,"IFN2",10,35,2782.58,50.38,0,75.7,0,0,18.61,25.76,521.06,12.73,2.8,2.86,1.79,62.63,49.42,1662.14,0,14.89,16.01,9.12,410.45,369.06,41.39,0.03,0,0,0,0,0,150.31,64.25,196.57,379.16,175.35,0,28.08,54.05,125.3,382.79,0.03,0,"Nodo 1 - Pies inventariados","IFN3",2003,36,2412.08,0,0,56.96,NA,NA,17.34,24.59,476.63,12.31,2.68,2.79,1.48,64.96,50.08,1271.6,16.53,17.77,12.35,303.48,271.41,32.07,NA,NA,0,0,0,0,108.59,37.18,150.51,279.04,128.95,0,25.03,56.74,94.29,305.01,NA,NA,NA,NA,NA,NA,NA,NA,NA,NA,1.18261182,31.83,0.4325697,23.3638566
"105",105,"9_1608","Nodo 3 - Pies inventariados",35,"IFN2",10,27,1675.18,11.86,0,31.12,0.02,0,15.38,18.63,272.64,9.26,2.73,2.74,0.99,58.41,49.69,717.17,0,26.39,28.36,6.37,131.08,115.14,15.94,0.03,0,0,0,0,0,1.83,0,100,117.35,54.71,0,12.53,29.15,51.51,147.9,0.05,0,"Nodo 1 - Pies inventariados","IFN3",2003,28,636.62,0,0,14.96,NA,NA,17.3,20.77,338.95,11.23,3.1,3.14,0.49,62.27,54.09,334.22,35.28,37.91,11.33,74.72,66.45,8.26,NA,NA,0,0,0,0,15.02,0,43.77,68.36,31.57,0,5.65,11.67,24.77,73.66,NA,NA,NA,NA,NA,NA,NA,NA,NA,NA,NA,NA,NA,NA
"106",106,"9_1609","Nodo 3 - Pies inventariados",35,"IFN2",10,42,1919.38,22.31,0,55.16,0.04,0,19.13,24.61,475.78,11.33,3.06,3.11,1.46,55.18,46.05,1202.65,0,20.14,21.64,8,269.24,243.94,25.3,0.1,0,0,0,0,0,98.58,17.13,122.88,247.95,115.91,0,22.63,44.14,91.3,273.98,0.12,0,"Nodo 1 - Pies inventariados","IFN3",2003,43,1556.18,0,0,39.85,NA,NA,18.06,24.22,461.08,10.56,3.08,3.14,1.21,48.37,43.62,880.61,24,25.79,10.63,179.64,163.06,16.58,NA,NA,0,0,0,0,68,0,81.28,164.81,77.48,0,23.6,80.58,65.96,247.61,NA,NA,NA,NA,NA,NA,NA,NA,NA,NA,1.84715856,286.47,0.3784587,59.5007739
"107",107,"9_1617","Nodo 3 - Pies inventariados",35,"IFN2",10,38,1545.36,21.43,0,59.12,0.02,0,22.07,31.01,756.22,16.14,3.28,3.35,1.36,61.28,52.06,1243.06,0,15.76,16.93,12.12,363.42,333.29,30.13,0.05,0,0,0,0,16.4,190.19,146.79,112.1,340.86,158.36,0,22.06,37.4,97.85,315.68,0.05,0,"Nodo 1 - Pies inventariados","IFN3",2003,39,1206.04,0,0,45.04,NA,NA,21.81,33.63,888.86,15.05,3.51,3.62,1.24,51.87,44.76,949.39,19.13,20.56,14.95,256.02,237.33,18.69,NA,NA,0,0,0,27.4,136.48,99.36,66.41,239.81,112.76,0,34.63,113,74.55,334.94,NA,NA,NA,NA,NA,NA,NA,NA,NA,NA,3.71809413,254.64,0.9545817,112.4515704
"108",108,"9_1620","Nodo 3 - Pies inventariados",35,"IFN2",10,25,410.94,2.87,0,5.89,0,0,13.51,15.24,184.57,7.08,2.74,2.76,0.25,49.04,46.43,140.26,0,69.7,74.9,4.4,18.47,16.13,2.34,0.02,0,0,0,0,0,0,0,13.57,15.9,7.66,0,2.83,7.61,9.75,27.86,0.03,0,"Nodo 1 - Pies inventariados","IFN3",2003,26,127.32,0,0,2.23,NA,NA,14.95,15.36,187.37,6.61,3.15,3.17,0.1,44.33,43.06,51.75,134,143.99,6.58,6.94,6.16,0.78,NA,NA,0,0,0,0,0,0,5.18,6.01,2.93,0,1.15,2.93,3.7,10.71,NA,NA,NA,NA,NA,NA,NA,NA,NA,NA,NA,NA,NA,NA
"109",109,"9_1626","Nodo 3 - Pies inventariados",35,"IFN2",10,36,2316.54,35.41,0,59.8,0,0,18.13,26.6,556.85,12.38,2.86,2.93,1.56,58.15,46.54,1321.69,0,16.78,18.03,8.94,293.1,264.07,29.02,0.02,0,0,0,0,0,89.19,36.69,148.02,269.63,125.47,0,23.97,47.83,98.98,296.25,0.03,0,"Nodo 1 - Pies inventariados","IFN3",2003,37,1191.89,0,0,26.17,NA,NA,16.72,25.52,512.58,11.36,2.99,3.07,0.88,48.34,44.54,589.45,25.49,27.39,11.52,113.2,102.4,10.79,NA,NA,0,0,0,0,37.49,16.37,52.14,103.13,48.66,0,19.65,79.16,43.31,190.77,NA,NA,NA,NA,NA,NA,0,0,0,NA,2.2128216,254.64,0.458352,72.34959
"110",110,"9_1688","Nodo 3 - Pies inventariados",35,"IFN2",10,34,317.3,1.01,0,6.99,0,0,16.74,22.77,407.74,9.27,4.05,4.07,0.25,43.1,40.72,157.57,0,60.56,65.08,6,24.66,22.79,1.88,0,0,0,0,0,0,7.68,0,9.13,22.48,10.83,0,3.36,6.74,10.62,31.55,0.02,0,"Nodo 1 - Pies inventariados","IFN3",2003,35,265.26,0,0,5.38,NA,NA,16.08,20.62,340.28,6.89,4.06,4.09,0.18,41.45,33.44,122.49,89.07,95.71,6.86,13.49,12.53,0.95,NA,NA,0,0,0,0,3.49,0,5.86,12,5.96,0,2.72,5.86,7.23,21.76,NA,NA,NA,NA,NA,NA,NA,NA,NA,NA,NA,NA,NA,NA
"111",111,"9_1735","Nodo 3 - Pies inventariados",35,"IFN2",10,30,442.96,2.67,0,7.86,0,0,15.03,17.25,235.92,6.87,3.02,3.03,0.32,44.19,39.81,182.22,0,69.19,74.35,4.08,24.29,21.57,2.72,0,0,0,0,0,0,0,0,17.09,21,10.25,0,4.06,10.28,13.01,37.6,0.02,0,"Nodo 1 - Pies inventariados","IFN3",2003,31,159.15,0,0,3.3,NA,NA,16.24,17.42,241.47,5.85,3.39,3.43,0.15,36.79,33.6,74.82,135.43,145.52,5.94,8.88,8.03,0.85,NA,NA,0,0,0,0,0,0,5.66,7.57,3.81,0,2.06,5.13,5.46,16.46,NA,NA,NA,NA,NA,NA,NA,NA,NA,NA,NA,NA,NA,NA
"112",112,"9_1810","Nodo 3 - Pies inventariados",35,"IFN2",10,29,337.61,1.92,0,15.85,0,0,24.45,29.51,687.58,12.08,4.3,4.36,0.5,46.85,40.93,324.81,0,45.05,48.41,8.79,80.31,75.24,5.08,0.02,0,0,0,0,2.64,45.35,26.16,17,74.79,35.75,0,7.32,12.29,26.24,81.61,0.02,0,"Nodo 1 - Pies inventariados","IFN3",2003,30,304.16,0,0,14.16,NA,NA,24.35,29.94,708.62,11.65,4.31,4.39,0.46,46.5,38.9,290.37,49.24,52.91,11.52,70.48,66.12,4.36,NA,NA,0,0,0,5.01,35.69,22.55,15.58,65.69,31.42,0,6.67,11.19,23.44,72.72,NA,NA,NA,NA,NA,NA,NA,NA,NA,NA,NA,NA,NA,NA
"113",113,"9_1884","Nodo 3 - Pies inventariados",35,"IFN2",10,40,1368.08,4.19,0,30.51,0,0,16.85,30.41,731.77,14.69,3.77,3.84,0.57,46.22,48.3,686.94,0,18.41,19.78,10.58,132.1,122.21,9.89,0.03,0,0,0,0,10,73.15,53,34.77,124.32,58.07,0,8.24,13.37,35.49,115.17,0.03,0,"Nodo 1 - Pies inventariados","IFN3",2003,41,1266.17,0,0,27.53,NA,NA,16.64,31.22,774.88,12.85,3.92,4.03,0.5,34.25,41.16,620.93,21.87,23.5,12.2,96.49,90.04,6.44,NA,NA,0,0,0,12.58,47.03,37.22,24.99,90.29,42.78,0,7.56,12.35,28.94,91.63,NA,NA,NA,NA,NA,NA,NA,NA,NA,NA,5.23367958,541.11,0,NA
"114",114,"9_1959","Nodo 3 - Pies inventariados",35,"IFN2",10,35,517,2.9,0,18.48,0,0,21.34,24.92,493.8,10.9,3.75,3.77,0.58,53.56,43.73,392.02,0,40.36,43.36,7.85,94.74,86.65,8.09,0.02,0,0,0,0,0,46.64,8.88,33.92,88.06,41.17,0,7.72,14.07,30.6,93.55,0.02,0,"Nodo 1 - Pies inventariados","IFN3",2003,36,519.91,0,0,18.14,NA,NA,21.08,24.92,495.03,11.12,3.74,3.77,0.58,52.2,44.62,385.63,39.45,42.39,11.15,92.19,84.34,7.85,NA,NA,0,0,0,0,43.56,9.2,32.27,85.52,40.07,0,9.44,22.92,30.02,102.46,NA,NA,NA,NA,NA,NA,NA,NA,NA,NA,0.58904598,31.83,0.1801578,13.1757102
"115",115,"9_218","Nodo 3 - Pies inventariados",35,"IFN2",10,43,1393.22,14.42,0,42.18,0,0,19.63,27.22,585.13,11.23,3.3,3.37,1.24,47.61,41.27,913.67,0,23.85,25.63,7.97,181.16,165.99,15.16,0.02,0,0,0,0,0,71.6,15.22,74.22,165.22,78.87,0,19.84,39.24,69.82,207.77,0.02,0,"Nodo 1 - Pies inventariados","IFN3",2003,44,477.46,0,0,16.86,NA,NA,21.2,27.33,589.3,10.91,3.81,3.87,0.56,45.87,39.92,357.88,41.95,45.08,11.14,75.18,69.53,5.65,NA,NA,0,0,0,0,34.81,17.92,24.86,69.07,33.03,0,8.1,15.35,27.9,84.39,NA,NA,NA,NA,NA,NA,0,0,0,NA,NA,NA,NA,NA
"116",116,"9_2337","Nodo 3 - Pies inventariados",35,"IFN2",10,41,2805.32,116.06,0,75.41,0,0,18.5,30.5,732.82,17.71,2.47,2.58,1.47,90.73,58.06,1658.28,0,10.66,11.46,13.5,577.86,513.97,63.89,0.07,0,0,0,0,14.4,226.84,151.69,269.03,542.62,244.21,0,21.38,36.59,124.82,427,0.06,0,"Nodo 1 - Pies inventariados","IFN3",2003,42,1152.99,0,0,40.73,NA,NA,21.21,30.89,752.1,17.73,3.09,3.17,0.91,78.26,57.41,864.54,16.61,17.85,17.78,310.64,281.3,29.34,NA,NA,0,0,0,16.98,152.14,103.9,108.7,293.31,133.66,0,13.07,23.33,67.41,237.46,NA,NA,NA,NA,NA,NA,0,0,0,NA,0.39688827,31.83,0.1992558,5.44293
"117",117,"9_2346","Nodo 3 - Pies inventariados",35,"IFN2",10,24,313.92,2.41,0,35.9,0,0,38.16,42.76,1438.25,23.46,5.02,5.08,0.64,61.95,54.88,656.85,0,24.05,25.85,19.2,358.66,347.36,11.3,0.09,0,2.57,2.57,2.23,229.99,120.73,103.94,12.62,344.55,165.04,0.94,12.05,13.32,59.41,250.76,0.06,0,"Nodo 1 - Pies inventariados","IFN3",2003,25,298.22,0,0,31.99,NA,NA,36.95,42.05,1393.04,19.83,5.21,5.29,0.65,55.33,47.16,590.96,29.2,31.38,19.83,275.06,267.03,8.03,NA,NA,2.63,2.63,2.28,165.75,102.45,87.23,11.18,262.9,126.88,0.84,12.13,14.14,52.94,206.92,NA,NA,NA,NA,NA,NA,NA,NA,NA,NA,NA,NA,NA,NA
"118",118,"9_2351","Nodo 3 - Pies inventariados",35,"IFN2",10,31,826.3,8.37,0,24.34,0,0,19.37,29.9,711.49,12.16,3.27,3.39,0.75,55.07,40.66,529.1,0,28.62,30.75,8.93,118.64,108.61,10.03,0.02,0,0,0,0,7.51,39.44,19.61,49,109.79,51.61,0,10.45,19.56,40.29,121.9,0.02,0,"Nodo 1 - Pies inventariados","IFN3",2003,32,590.64,0,0,18.06,NA,NA,19.73,30.19,726.99,14.1,3.2,3.38,0.53,68.21,46.69,390.39,29.19,31.37,14.01,107.56,98.16,9.41,NA,NA,0,0,0,9.83,44.71,23.36,41.4,100.13,46.64,0,6.82,11.65,29.9,95.01,NA,NA,NA,NA,NA,NA,NA,NA,NA,NA,NA,NA,NA,NA
"119",119,"9_2413","Nodo 3 - Pies inventariados",35,"IFN2",10,71,670.45,10.17,0,33.8,0.02,0,25.34,35,982.86,20.46,3.56,3.68,0.71,72.03,58.46,686.28,0,18.87,20.28,16.44,286.26,266.28,19.98,0.09,0,2.49,2.49,2.16,58.89,169.43,136.22,47.58,272.39,126.52,0.26,10.65,15.11,55.95,208.49,0.07,0,"Nodo 1 - Pies inventariados","IFN3",2003,72,341.09,0,0,21.52,NA,NA,28.34,34.46,960.51,18.58,4.3,4.4,0.52,63.09,53.91,424.89,29.14,31.32,18.61,167,157.32,9.68,NA,NA,0,0,2.09,34.46,92.75,76.79,21.54,159.22,74.75,0.36,7.67,10.44,35.62,128.83,NA,NA,NA,NA,NA,NA,0,0,0,NA,NA,NA,NA,NA
"120",120,"9_245","Nodo 3 - Pies inventariados",35,"IFN2",10,41,77.5,0.31,0,4.68,0,0,27.72,27.69,603.52,8.61,5.53,5.54,0.19,31.1,31.1,92.82,0,131.89,141.72,5.8,17.28,16.63,0.64,0.01,0,0,0,0,0,8.98,0,2.03,15.75,7.9,0,2.99,5.11,7.74,23.74,0.02,0,"Nodo 1 - Pies inventariados","IFN3",2003,42,42.44,0,0,2.79,NA,NA,28.94,28.9,657.98,7.5,6,6.01,0.12,25.95,25.95,54.84,204.67,219.93,7.5,8.91,8.69,0.22,NA,NA,0,0,0,0,5.45,0,0.99,8.01,4.13,0,2.1,3.64,4.62,14.49,NA,NA,NA,NA,NA,NA,NA,NA,NA,NA,NA,NA,NA,NA
"121",121,"9_246","Nodo 3 - Pies inventariados",35,"IFN2",10,45,800.51,5.87,0,22.02,0,0,18.72,26.59,558.93,8.62,3.36,3.45,0.75,46.68,32.41,482.86,0,41.01,44.07,5.7,85.44,78.02,7.43,0.02,0,0,0,0,0,24.23,0,41.68,77.11,37.07,0,11.13,22.71,36.45,107.36,0.02,0,"Nodo 1 - Pies inventariados","IFN3",2003,46,120.25,0,0,6.27,NA,NA,25.76,26.32,563.29,8.32,5,5.13,0.25,33.89,31.62,126.75,109.6,117.77,8.56,21.66,20.67,0.99,NA,NA,0,0,0,0,10.46,0,4.36,19.62,9.82,0,4.45,7.83,10.38,32.47,NA,NA,NA,NA,NA,NA,0,0,0,NA,NA,NA,NA,NA
"122",122,"9_305","Nodo 3 - Pies inventariados",35,"IFN2",10,39,544.18,4.02,0,28.74,0,0,25.93,32.13,814.48,15.83,4.2,4.25,0.77,50.49,49.27,580.04,0,27.08,29.1,12.06,171.15,160.89,10.25,0.02,0,0,0,0,19.6,101.44,81.39,27.7,161.07,76.45,0,12.13,19.27,47.57,155.41,0.02,0,"Nodo 1 - Pies inventariados","IFN3",2003,40,173.3,0,0,11.21,NA,NA,28.7,31.25,774.62,14.38,4.98,5.03,0.34,47.24,46.02,220.7,52.82,56.76,14.12,66.62,63.45,3.17,NA,NA,0,0,0,14.96,39.87,31.1,7.36,62.76,30.15,0,4.97,7.35,18.56,61.03,NA,NA,NA,NA,NA,NA,0,0,0,NA,NA,NA,NA,NA
"123",123,"9_355","Nodo 3 - Pies inventariados",35,"IFN2",10,30,1013.43,5.15,0,19.64,0,0,15.71,21.98,381.49,8.74,3.21,3.26,0.61,43.72,39.76,450.15,0,35.94,38.62,5.75,60.07,54.37,5.7,0.01,0,0,0,0,0,10.92,0,33.98,53.24,25.83,0,8.73,19.58,28.12,82.26,0.02,0,"Nodo 1 - Pies inventariados","IFN3",2003,31,618.94,0,0,14.05,NA,NA,17,21.35,360.1,9.25,3.13,3.22,0.43,48.87,43.31,315.23,43.47,46.71,9.24,46.19,41.72,4.47,NA,NA,0,0,0,0,12.42,0,23.97,41.25,19.82,0,5.62,12.32,19.6,57.36,NA,NA,NA,NA,NA,NA,NA,NA,NA,NA,NA,NA,NA,NA
"124",124,"9_382","Nodo 3 - Pies inventariados",35,"IFN2",10,31,1539.96,16.23,0,38.77,0,0,17.9,25.84,524.9,11.13,2.98,3.06,1.03,55.97,43.06,859.72,0,22.9,24.61,8.26,169.37,153.12,16.24,0.02,0,0,0,0,0,58.67,27.03,80.94,155.48,72.75,0,14.72,29.44,59,175.92,0.03,0,"Nodo 1 - Pies inventariados","IFN3",2003,32,997.37,0,0,24.32,NA,NA,17.62,26.54,556.09,11.59,2.91,3.02,0.61,60.57,43.66,540.76,27.32,29.36,11.73,102.46,92.07,10.4,NA,NA,0,0,0,0,33.94,19.52,50.5,94.29,43.74,0,7.74,15.32,33.24,100.04,NA,NA,NA,NA,NA,NA,NA,NA,NA,NA,NA,NA,NA,NA
"125",125,"9_393","Nodo 3 - Pies inventariados",35,"IFN2",10,29,474.85,2.61,0,12.74,0,0,18.48,21.87,376.03,7.98,3.54,3.57,0.47,42.51,36.49,280.18,0,57.51,61.79,5.12,45.29,41.24,4.05,0.01,0,0,0,0,0,8.64,0,24.55,40.49,19.59,0,6.66,14.4,21.08,61.73,0.02,0,"Nodo 1 - Pies inventariados","IFN3",2003,30,314.77,0,0,9.59,NA,NA,19.7,22.62,402.93,8.19,3.81,3.84,0.36,41.03,36.2,207.39,68.82,73.96,7.93,34.73,31.89,2.84,NA,NA,0,0,0,0,7.08,0,16.45,31.11,15.15,0,5.14,10.68,15.88,46.84,NA,NA,NA,NA,NA,NA,0,0,0,NA,NA,NA,NA,NA
"126",126,"9_467","Nodo 3 - Pies inventariados",35,"IFN2",10,31,899.18,6.23,0,24.69,0,0,18.7,26.44,550.84,13.16,3.41,3.45,0.72,55.66,49.77,541.49,0,25.35,27.24,9.79,121.17,110.26,10.91,0.02,0,0,0,0,0,47.84,22.91,52.5,112.16,52.39,0,9.7,18.4,39.54,120.03,0.02,0,"Nodo 1 - Pies inventariados","IFN3",2003,32,537.59,0,0,12.46,NA,NA,17.18,21.92,382.63,12.02,3.37,3.41,0.37,60.58,54.82,278.8,35.9,38.57,11.93,57.75,51.93,5.81,NA,NA,0,0,0,0,15.38,5.8,30.58,53.39,24.68,0,4.37,8.59,18.66,56.28,NA,NA,NA,NA,NA,NA,0,0,0,NA,NA,NA,NA,NA
"127",127,"9_610","Nodo 3 - Pies inventariados",35,"IFN2",10,45,610.88,4.52,0,31.82,0.01,0,25.75,30.92,752.09,14.4,4.08,4.15,0.83,54.02,46.56,643.31,0,28.11,30.2,10.81,195.25,182.77,12.48,0.04,0,0,0,0,11.76,121.79,97.35,35.22,183.88,86.84,0,12.84,19.91,52.66,172.25,0.04,0,"Nodo 1 - Pies inventariados","IFN3",2003,46,544.66,0,0,28.71,NA,NA,25.91,31.84,797.91,12.58,4.28,4.37,0.82,46.16,39.5,579.71,34.07,36.61,12.48,150.91,142.66,8.25,NA,NA,0,0,0,9.71,86.47,77.76,25.43,141.11,67.79,0,13.39,21.34,47.52,150.03,NA,NA,NA,NA,NA,NA,NA,NA,NA,NA,NA,NA,NA,NA
"128",128,"9_621","Nodo 3 - Pies inventariados",35,"IFN2",10,35,1296.01,9.06,0,36.73,0,0,19,22.62,401.82,10.04,3.26,3.29,1.1,50.97,44.39,802.21,0,27.67,29.73,7.12,161.62,146.37,15.25,0.02,0,0,0,0,0,45.63,0,79.59,147.77,69.55,0,16.29,32.99,60.79,179.61,0.02,0,"Nodo 1 - Pies inventariados","IFN3",2003,36,930.17,0,0,27.69,NA,NA,19.47,23.12,420.05,11.34,3.42,3.46,0.88,52.26,49.08,600.48,28.9,31.06,11.33,127.56,115.56,12,NA,NA,0,0,0,0,45.13,2.46,58.9,117.04,54.9,0,17.3,46.17,45.83,164.2,NA,NA,NA,NA,NA,NA,NA,NA,NA,NA,1.07789112,31.83,0.2530485,32.4745575
"129",129,"9_68","Nodo 3 - Pies inventariados",35,"IFN2",10,35,884.59,6.68,0,22.05,0,0,17.81,23.38,430.62,9.63,3.19,3.25,0.74,50.37,41.21,489.47,0,34.9,37.5,6.5,91.06,82.25,8.81,0.01,0,0,0,0,0,20.35,0,49.74,82.54,39.08,0,10.05,21.18,36.49,106.8,0.02,0,"Nodo 1 - Pies inventariados","IFN3",2003,36,534.05,0,0,15.45,NA,NA,19.19,22.92,414.6,9.35,3.49,3.53,0.52,51.47,40.79,336.22,46.28,49.73,9.08,69.15,62.74,6.41,NA,NA,0,0,0,0,25,0,33.21,63.29,29.81,0,6.85,13.67,25.57,75.9,NA,NA,NA,NA,NA,NA,NA,NA,NA,NA,NA,NA,NA,NA
"130",130,"9_714","Nodo 3 - Pies inventariados",35,"IFN2",10,37,1165.3,8.91,0,37.31,0,0,20.19,26.44,550.61,12.02,3.34,3.38,1.04,55.48,45.44,802.47,0,24.38,26.2,8.67,190.7,173.45,17.25,0.02,0,0,0,0,0,76.47,18.83,80.93,176.96,82.41,0,15.16,28.48,61.76,187.81,0.02,0,"Nodo 1 - Pies inventariados","IFN3",2003,38,859.44,0,0,27.24,NA,NA,20.09,26.38,551.38,11.27,3.46,3.51,0.83,52.08,42.72,586.1,30.27,32.53,11.23,129.38,118.03,11.34,NA,NA,0,0,0,0,53.56,9.64,54.98,119.14,56.08,0,11.78,22.51,45.09,135.46,NA,NA,NA,NA,NA,NA,NA,NA,NA,NA,NA,NA,NA,NA
"131",131,"9_72","Nodo 3 - Pies inventariados",35,"IFN2",10,30,218.08,1.19,0,6.12,0,0,18.9,21.95,394.73,7.71,3.71,3.81,0.25,37.6,35.13,133.87,0,87.8,94.35,4.19,19.84,18.37,1.47,0,0,0,0,0,0,5.28,0,8.53,17.83,8.73,0,3.62,7.72,10.13,30.2,0.02,0,"Nodo 1 - Pies inventariados","IFN3",2003,31,106.1,0,0,3.93,NA,NA,21.71,21.36,382.32,7.35,4.29,4.42,0.16,34.6,34.4,82.88,132.09,141.94,7.26,13.42,12.67,0.75,NA,NA,0,0,0,0,5.32,0,3.99,12.19,6.02,0,2.44,4.76,6.5,19.71,NA,NA,NA,NA,NA,NA,NA,NA,NA,NA,NA,NA,NA,NA
"132",132,"9_76","Nodo 3 - Pies inventariados",35,"IFN2",10,30,1046.26,4.16,0,18.75,0,0,15.1,19.79,307.61,8.75,3.34,3.35,0.59,50.99,44.19,434.01,0,35.35,37.99,5.75,63.93,57.64,6.29,0.01,0,0,0,0,0,5.73,0,39.7,57.45,27.39,0,7.95,17.35,27.62,80.3,0.02,0,"Nodo 1 - Pies inventariados","IFN3",2003,31,763.94,0,0,14.56,NA,NA,15.58,20.22,321.5,9.12,3.39,3.41,0.44,55.35,45.12,333.87,39.65,42.61,8.93,46.87,42.3,4.57,NA,NA,0,0,0,0,4.31,0,27.11,42.14,20.1,0,5.83,12.69,20.04,58.66,NA,NA,NA,NA,NA,NA,NA,NA,NA,NA,NA,NA,NA,NA
"133",133,"9_77","Nodo 3 - Pies inventariados",35,"IFN2",10,30,411.06,2.74,0,6.39,0,0,14.07,15.36,186.35,7.25,2.84,2.86,0.26,47.41,47.19,150.67,0,68.05,73.12,4.5,20.25,17.79,2.45,0.02,0,0,0,0,0,0,0,15.76,17.5,8.45,0,3.11,8.17,10.58,30.31,0.04,0,"Nodo 1 - Pies inventariados","IFN3",2003,31,222.82,0,0,2.84,NA,NA,12.74,14.42,165.62,6.96,2.67,2.7,0.13,45.94,48.27,68.5,96.26,103.44,5.78,8.25,7.21,1.04,NA,NA,0,0,0,0,0,0,5.7,7.02,3.42,0,1.43,4.11,4.7,13.68,NA,NA,NA,NA,NA,NA,NA,NA,NA,NA,NA,NA,NA,NA
"134",134,"9_903","Nodo 3 - Pies inventariados",35,"IFN2",10,20,28.24,0.06,0,2.63,0,0,34.43,33.42,931.15,12.33,8.15,8.15,0.07,36.9,36.9,49.38,0,152.62,164,10.75,9.58,9.67,-0.09,0.02,0,0,0,0,6.28,1.75,0,0,9.05,4.59,0.1,1.22,1.53,3.19,10.63,0.03,0,"Nodo 1 - Pies inventariados","IFN3",2003,21,28.29,0,0,2.8,NA,NA,35.52,35.43,990.86,9.66,7.75,7.75,0.07,27.26,27.26,52.31,194.63,209.15,9.66,5.7,5.75,-0.05,NA,NA,0,0,0,2.82,1.69,0,0,5.27,2.73,0,1.27,1.83,2.64,8.47,NA,NA,NA,NA,NA,NA,NA,NA,NA,NA,NA,NA,NA,NA
"135",135,"9_904","Nodo 3 - Pies inventariados",35,"IFN2",10,19,425.59,0.38,0,11.15,0,0,18.26,30.01,745.41,9.61,5.89,6.07,0.23,36.25,32.02,245.91,0,50.43,54.2,7.16,26.21,25.77,0.44,0,0,0,0,0,6.07,12.77,9.25,2.13,24.17,12.24,0.41,4.46,6.52,10.62,34.25,0,0,"Nodo 1 - Pies inventariados","IFN3",2003,20,408.29,0,0,11.42,NA,NA,18.87,29.23,709.38,7.22,6.03,6.26,0.19,33.86,24.72,249.54,68.51,73.62,7,13.69,13.66,0.03,NA,NA,0,0,0,1.53,3.76,0,1.13,12.37,6.49,0.31,4.59,7.36,7.97,26.71,NA,NA,NA,NA,NA,NA,NA,NA,NA,NA,NA,NA,NA,NA
"136",136,"9_919","Nodo 3 - Pies inventariados",35,"IFN2",10,48,1135.1,3.75,0,38.75,0,0,20.85,31.38,776.05,14.09,4.06,4.12,0.67,59.15,44.89,826.69,0,21.07,22.64,10.5,159.75,149.57,10.18,0.02,0,0,0,0,11.91,101.88,89.28,28.87,150.37,71.07,0,10.69,16.61,43.43,141.8,0.02,0,"Nodo 1 - Pies inventariados","IFN3",2003,49,848.83,0,0,34.12,NA,NA,22.62,32.02,808.62,14.94,4.15,4.25,0.57,58.25,46.64,712.67,22.98,24.69,14.79,110.94,104.58,6.36,NA,NA,0,0,0,14.51,62.42,56.31,19.65,103.72,49.69,0,11.41,25.1,32.93,119.13,NA,NA,NA,NA,NA,NA,NA,NA,NA,NA,0.86023758,31.83,0.305568,17.079978
"137",137,"9_924","Nodo 3 - Pies inventariados",35,"IFN2",10,45,568.29,4.66,0,13.97,0,0,17.69,23.27,428.88,9.52,3.25,3.35,0.5,46.6,40.89,310.64,0,44.08,47.37,6.25,54.88,50.01,4.88,0.02,0,0,0,0,0,20.34,0,23.58,49.64,23.76,0,6.8,14.52,23.12,68.2,0.02,0,"Nodo 1 - Pies inventariados","IFN3",2003,46,519.91,0,0,10.5,NA,NA,16.03,22.29,395.27,7.47,2.99,3.17,0.41,39.59,33.53,238.94,58.68,63.05,7.52,33.67,30.83,2.84,NA,NA,0,0,0,0,9.52,0,13.51,29.65,14.65,0,6.08,14.48,17.37,52.58,NA,NA,NA,NA,NA,NA,NA,NA,NA,NA,NA,NA,NA,NA
"139",139,"9_959","Nodo 3 - Pies inventariados",35,"IFN2",10,39,1338.29,5.69,0,34.75,0,0,18.18,31.46,777.68,14.67,3.73,3.88,0.59,58.31,46.63,767.49,0,18.64,20.02,11.62,138.89,129.95,8.94,0.03,0,0,0,0,16.4,83.26,67.1,26.15,130.8,61.74,0,9.08,14.34,37.52,122.68,0.02,0,"Nodo 1 - Pies inventariados","IFN3",2003,40,820.53,0,0,27.18,NA,NA,20.54,33.35,877.2,14.75,3.65,3.9,0.5,46.77,44.22,581.65,23.67,25.44,14.73,103.05,97.33,5.72,NA,NA,0,0,0,14.69,61.55,55.32,13.65,96.69,46.24,0,8.67,17.81,29.14,101.87,NA,NA,NA,NA,NA,NA,NA,NA,NA,NA,1.86845283,190.98,0.1390971,NA
