"","Provincia","Estadillo","Clase","Subclase","TREE_ID_IFN3_2","TREE_ID_IFN3","TREE_ID_IFN2","rumbo","distancia","DRed","specie","dbh_1","dbh_2","height","quality","shape","special_param","Agente","Import","Elemento","Compara","INVENTORY_ID","PLOT_ID","TREE_ID","IFN_TREE_ID","IFN3_ID","dbh","expan","basal_area"
"1",16,1051,"A","1",1,1,1,0,6.8,NA,25,155,146,10,3,2,NA,311,1,2,"X","IFN3","16_1051","16_1051_1","IFN3_16_1051_1","16_1051_A_1",15.05,31.8309886183791,177.894647504931
"2",16,1051,"A","1",2,0,2,0,0,NA,NA,0,0,0,NA,NA,NA,NA,NA,NA,"X","IFN3","16_1051","16_1051_2","IFN3_16_1051_2","16_1051_A_1",0,0,0
"3",16,1051,"A","1",3,0,3,0,0,NA,NA,0,0,0,NA,NA,NA,NA,NA,NA,"X","IFN3","16_1051","16_1051_3","IFN3_16_1051_3","16_1051_A_1",0,0,0
"4",16,1051,"A","1",4,0,4,0,0,NA,NA,0,0,0,NA,NA,NA,NA,NA,NA,"X","IFN3","16_1051","16_1051_4","IFN3_16_1051_4","16_1051_A_1",0,0,0
"5",16,1051,"A","1",5,0,5,0,0,NA,NA,0,0,0,NA,NA,NA,NA,NA,NA,"X","IFN3","16_1051","16_1051_5","IFN3_16_1051_5","16_1051_A_1",0,0,0
"6",16,1051,"A","1",6,0,6,0,0,NA,NA,0,0,0,NA,NA,NA,NA,NA,NA,"X","IFN3","16_1051","16_1051_6","IFN3_16_1051_6","16_1051_A_1",0,0,0
"7",16,1051,"A","1",7,2,7,40,9.8,NA,25,178,175,17.5,2,2,NA,100,NA,NA,"X","IFN3","16_1051","16_1051_7","IFN3_16_1051_7","16_1051_A_1",17.65,31.8309886183791,244.669199356982
"8",16,1051,"A","1",8,0,8,0,0,NA,NA,0,0,0,NA,NA,NA,NA,NA,NA,"X","IFN3","16_1051","16_1051_8","IFN3_16_1051_8","16_1051_A_1",0,0,0
"9",16,1051,"A","1",9,3,9,49,6.3,NA,25,148,151,9,2,2,NA,100,NA,NA,"X","IFN3","16_1051","16_1051_9","IFN3_16_1051_9","16_1051_A_1",14.95,31.8309886183791,175.538453014738
"10",16,1051,"A","1",10,4,10,53,13.6,NA,25,245,252,18,2,2,NA,100,NA,NA,"X","IFN3","16_1051","16_1051_10","IFN3_16_1051_10","16_1051_A_1",24.85,14.1471060526129,485.001037356601
"11",16,1051,"A","1",11,0,11,0,0,NA,NA,0,0,0,NA,NA,NA,NA,NA,NA,"X","IFN3","16_1051","16_1051_11","IFN3_16_1051_11","16_1051_A_1",0,0,0
"12",16,1051,"A","1",12,5,12,73,3.5,NA,25,289,266,15.5,2,2,NA,100,NA,NA,"X","IFN3","16_1051","16_1051_12","IFN3_16_1051_12","16_1051_A_1",27.75,14.1471060526129,604.805673201247
"13",16,1051,"A","1",13,6,13,117,11.9,NA,25,305,282,17,2,2,NA,100,NA,NA,"X","IFN3","16_1051","16_1051_13","IFN3_16_1051_13","16_1051_A_1",29.35,14.1471060526129,676.559649409239
"14",16,1051,"A","1",14,7,14,122,14.6,NA,25,264,259,17.5,2,2,NA,100,NA,NA,"X","IFN3","16_1051","16_1051_14","IFN3_16_1051_14","16_1051_A_1",26.15,14.1471060526129,537.072935589851
"15",16,1051,"A","1",15,8,15,159,12.3,NA,25,316,313,21,2,2,42,100,NA,NA,"X","IFN3","16_1051","16_1051_15","IFN3_16_1051_15","16_1051_A_1",31.45,14.1471060526129,776.839286911825
"16",16,1051,"A","1",16,9,16,160,12.5,NA,25,340,339,19.5,2,2,42,100,NA,NA,"X","IFN3","16_1051","16_1051_16","IFN3_16_1051_16","16_1051_A_1",33.95,14.1471060526129,905.251886627307
"17",16,1051,"A","1",17,0,17,0,0,NA,NA,0,0,0,NA,NA,NA,NA,NA,NA,"X","IFN3","16_1051","16_1051_17","IFN3_16_1051_17","16_1051_A_1",0,0,0
"18",16,1051,"A","1",18,10,18,179,5.2,NA,25,164,166,10,2,2,NA,100,NA,NA,"X","IFN3","16_1051","16_1051_18","IFN3_16_1051_18","16_1051_A_1",16.5,31.8309886183791,213.824649984955
"19",16,1051,"A","1",19,11,19,190,10.7,NA,25,328,345,18.5,2,2,NA,100,NA,NA,"X","IFN3","16_1051","16_1051_19","IFN3_16_1051_19","16_1051_A_1",33.65,14.1471060526129,889.324011873607
"20",16,1051,"A","1",20,0,20,0,0,NA,NA,0,0,0,NA,NA,NA,NA,NA,NA,"X","IFN3","16_1051","16_1051_20","IFN3_16_1051_20","16_1051_A_1",0,0,0
"21",16,1051,"A","1",21,0,21,0,0,NA,NA,0,0,0,NA,NA,NA,NA,NA,NA,"X","IFN3","16_1051","16_1051_21","IFN3_16_1051_21","16_1051_A_1",0,0,0
"22",16,1051,"A","1",22,12,22,228,9.7,NA,25,192,175,11.5,2,2,NA,100,NA,NA,"X","IFN3","16_1051","16_1051_22","IFN3_16_1051_22","16_1051_A_1",18.35,31.8309886183791,264.461233074597
"23",16,1051,"A","1",23,0,23,0,0,NA,NA,0,0,0,NA,NA,NA,NA,NA,NA,"X","IFN3","16_1051","16_1051_23","IFN3_16_1051_23","16_1051_A_1",0,0,0
"24",16,1051,"A","1",24,13,24,282,10.5,NA,25,269,259,12.5,2,2,NA,100,NA,NA,"X","IFN3","16_1051","16_1051_24","IFN3_16_1051_24","16_1051_A_1",26.4,14.1471060526129,547.391103961485
"25",16,1051,"A","1",25,0,25,0,0,NA,NA,0,0,0,NA,NA,NA,NA,NA,NA,"X","IFN3","16_1051","16_1051_25","IFN3_16_1051_25","16_1051_A_1",0,0,0
"26",16,1051,"A","1",26,14,26,316,9.5,NA,25,183,185,12.5,2,2,NA,100,NA,NA,"X","IFN3","16_1051","16_1051_26","IFN3_16_1051_26","16_1051_A_1",18.4,31.8309886183791,265.90440219984
"27",16,1051,"A","1",27,15,27,365,10.5,NA,25,268,280,17.5,2,2,NA,100,NA,NA,"X","IFN3","16_1051","16_1051_27","IFN3_16_1051_27","16_1051_A_1",27.4,14.1471060526129,589.645525152268
"28",16,1051,"A","1",28,0,28,0,0,NA,NA,0,0,0,NA,NA,NA,NA,NA,NA,"X","IFN3","16_1051","16_1051_28","IFN3_16_1051_28","16_1051_A_1",0,0,0
"29",16,1051,"A","1",29,0,29,0,0,NA,NA,0,0,0,NA,NA,NA,NA,NA,NA,"X","IFN3","16_1051","16_1051_29","IFN3_16_1051_29","16_1051_A_1",0,0,0
"30",16,1051,"A","1",30,16,30,397,9.4,NA,25,173,164,14.5,2,2,NA,100,NA,NA,"X","IFN3","16_1051","16_1051_30","IFN3_16_1051_30","16_1051_A_1",16.85,31.8309886183791,222.992210047212
"31",16,2992,"A","1",1,1,1,2,6.8,NA,26,253,246,11,2,2,NA,100,NA,NA,"X","IFN3","16_2992","16_2992_1","IFN3_16_2992_1","16_2992_A_1",24.95,14.1471060526129,488.91232021032
"32",16,2992,"A","1",2,2,0,186,5,NA,24,93,86,3.5,2,5,NA,100,NA,NA,"X","IFN3","16_2992","16_2992_0","IFN3_16_2992_0","16_2992_A_1",8.95,127.323954473516,62.9123563835441
"33",16,2992,"A","1",3,3,2,286,8.4,NA,26,175,166,7.5,2,2,NA,100,NA,NA,"X","IFN3","16_2992","16_2992_2","IFN3_16_2992_2","16_2992_A_1",17.05,31.8309886183791,228.317209595047
"34",16,2992,"A","1",4,4,3,394,23.5,NA,24,434,501,12.5,2,2,NA,100,NA,NA,"X","IFN3","16_2992","16_2992_3","IFN3_16_2992_3","16_2992_A_1",46.75,5.09295817894065,1716.53677349034
"35",40,1022,"A","3C",1,1,1,2,7.7,NA,21,268,269,14,2,2,NA,NA,NA,NA,"","IFN3","40_1022","40_1022_1","IFN3_40_1022_1","40_1022_A_3C",26.85,14.1471060526129,566.211207451897
"36",40,1022,"A","3C",2,2,2,5,15.2,NA,21,318,360,15,2,2,NA,NA,NA,NA,"","IFN3","40_1022","40_1022_2","IFN3_40_1022_2","40_1022_A_3C",33.9,14.1471060526129,902.587423357981
"37",40,1022,"A","3C",3,3,3,8,8.7,NA,21,175,168,13,2,2,NA,NA,NA,NA,"","IFN3","40_1022","40_1022_3","IFN3_40_1022_3","40_1022_A_3C",17.15,31.8309886183791,231.003271313866
"38",40,1022,"A","3C",4,4,0,19,10.3,NA,21,310,296,15,2,2,NA,NA,NA,NA,"","IFN3","40_1022","40_1022_0","IFN3_40_1022_0","40_1022_A_3C",30.3,14.1471060526129,721.066199833563
"39",40,1022,"A","3C",5,5,0,29,13.9,NA,21,252,250,14.5,2,2,NA,NA,NA,NA,"","IFN3","40_1022","40_1022_0","IFN3_40_1022_0","40_1022_A_3C",25.1,14.1471060526129,494.808696922026
"40",40,1022,"A","3C",6,6,4,35,1.1,NA,21,243,242,14,2,2,NA,NA,NA,NA,"","IFN3","40_1022","40_1022_4","IFN3_40_1022_4","40_1022_A_3C",24.25,14.1471060526129,461.863207462912
"41",40,1022,"A","3C",7,7,5,46,3.8,NA,21,285,284,14.5,2,2,NA,NA,NA,NA,"","IFN3","40_1022","40_1022_5","IFN3_40_1022_5","40_1022_A_3C",28.45,14.1471060526129,635.703236949303
"42",40,1022,"A","3C",8,8,6,50,11.8,NA,21,305,310,15,2,2,NA,NA,NA,NA,"","IFN3","40_1022","40_1022_6","IFN3_40_1022_6","40_1022_A_3C",30.75,14.1471060526129,742.6430508775
"43",40,1022,"A","3C",9,9,7,50,10.2,NA,21,331,340,14.5,2,2,NA,NA,NA,NA,"","IFN3","40_1022","40_1022_7","IFN3_40_1022_7","40_1022_A_3C",33.55,14.1471060526129,884.046136215576
"44",40,1022,"A","3C",10,10,8,50,6.9,NA,21,185,183,13,2,2,NA,NA,NA,NA,"","IFN3","40_1022","40_1022_8","IFN3_40_1022_8","40_1022_A_3C",18.4,31.8309886183791,265.90440219984
"45",40,1022,"A","3C",11,11,0,77,12.5,NA,21,262,277,13.5,2,2,NA,NA,NA,NA,"","IFN3","40_1022","40_1022_0","IFN3_40_1022_0","40_1022_A_3C",26.95,14.1471060526129,570.436649570975
"46",40,1022,"A","3C",12,12,0,83,10.8,NA,21,260,269,14,2,2,NA,NA,NA,NA,"","IFN3","40_1022","40_1022_0","IFN3_40_1022_0","40_1022_A_3C",26.45,14.1471060526129,549.466518608263
"47",40,1022,"A","3C",13,13,9,88,9.2,NA,21,245,260,14,2,2,NA,NA,NA,NA,"","IFN3","40_1022","40_1022_9","IFN3_40_1022_9","40_1022_A_3C",25.25,14.1471060526129,500.740416551086
"48",40,1022,"A","3C",14,14,0,97,14.4,NA,21,276,279,14.5,2,2,NA,NA,NA,NA,"","IFN3","40_1022","40_1022_0","IFN3_40_1022_0","40_1022_A_3C",27.75,14.1471060526129,604.805673201247
"49",40,1022,"A","3C",15,15,10,100,7.8,NA,21,285,270,14.5,2,2,NA,NA,NA,NA,"","IFN3","40_1022","40_1022_10","IFN3_40_1022_10","40_1022_A_3C",27.75,14.1471060526129,604.805673201247
"50",40,1022,"A","3C",16,16,11,107,7.2,NA,21,262,249,14,2,2,NA,NA,NA,NA,"","IFN3","40_1022","40_1022_11","IFN3_40_1022_11","40_1022_A_3C",25.55,14.1471060526129,512.709884561263
"51",40,1022,"A","3C",17,17,12,135,16.2,NA,21,286,279,14,2,2,NA,NA,NA,NA,"","IFN3","40_1022","40_1022_12","IFN3_40_1022_12","40_1022_A_3C",28.25,14.1471060526129,626.796821776376
"52",40,1022,"A","3C",18,18,13,136,10.1,NA,21,287,284,14,2,2,NA,NA,NA,NA,"","IFN3","40_1022","40_1022_13","IFN3_40_1022_13","40_1022_A_3C",28.55,14.1471060526129,640.180006480669
"53",40,1022,"A","3C",19,19,0,151,15.7,NA,21,288,282,15,2,2,NA,NA,NA,NA,"","IFN3","40_1022","40_1022_0","IFN3_40_1022_0","40_1022_A_3C",28.5,14.1471060526129,637.939658219577
"54",40,1022,"A","3C",20,20,0,154,10.3,NA,21,125,127,12,2,2,42,NA,NA,NA,"","IFN3","40_1022","40_1022_0","IFN3_40_1022_0","40_1022_A_3C",12.6,31.8309886183791,124.689812420979
"55",40,1022,"A","3C",21,21,14,154,9.9,NA,21,197,194,13.5,2,2,NA,NA,NA,NA,"","IFN3","40_1022","40_1022_14","IFN3_40_1022_14","40_1022_A_3C",19.55,31.8309886183791,300.181141545913
"56",40,1022,"A","3C",22,22,15,162,9.8,NA,21,181,175,13,2,2,NA,NA,NA,NA,"","IFN3","40_1022","40_1022_15","IFN3_40_1022_15","40_1022_A_3C",17.8,31.8309886183791,248.845554090848
"57",40,1022,"A","3C",23,23,0,175,11,NA,21,250,248,14.5,2,2,NA,NA,NA,NA,"","IFN3","40_1022","40_1022_0","IFN3_40_1022_0","40_1022_A_3C",24.9,14.1471060526129,486.954715288052
"58",40,1022,"A","3C",24,24,16,181,5.9,NA,21,402,402,16,2,2,NA,NA,NA,NA,"","IFN3","40_1022","40_1022_16","IFN3_40_1022_16","40_1022_A_3C",40.2,14.1471060526129,1269.23484797681
"59",40,1022,"A","3C",25,25,0,190,12.3,NA,21,263,242,13,2,2,42,NA,NA,NA,"","IFN3","40_1022","40_1022_0","IFN3_40_1022_0","40_1022_A_3C",25.25,14.1471060526129,500.740416551086
"60",40,1022,"A","3C",26,26,0,191,12.9,NA,21,259,240,14,2,2,NA,NA,NA,NA,"","IFN3","40_1022","40_1022_0","IFN3_40_1022_0","40_1022_A_3C",24.95,14.1471060526129,488.91232021032
"61",40,1022,"A","3C",27,27,17,198,14.8,NA,21,343,340,14.5,2,2,NA,NA,NA,NA,"","IFN3","40_1022","40_1022_17","IFN3_40_1022_17","40_1022_A_3C",34.15,14.1471060526129,915.949009612781
"62",40,1022,"A","3C",28,28,18,220,10.5,NA,21,387,362,15,2,2,41,NA,NA,NA,"","IFN3","40_1022","40_1022_18","IFN3_40_1022_18","40_1022_A_3C",37.45,14.1471060526129,1101.52288766033
"63",40,1022,"A","3C",29,29,19,226,13.3,NA,21,297,302,15,2,2,NA,NA,NA,NA,"","IFN3","40_1022","40_1022_19","IFN3_40_1022_19","40_1022_A_3C",29.95,14.1471060526129,704.50411606292
"64",40,1022,"A","3C",30,30,20,233,1.6,NA,21,100,101,9,3,3,42,NA,NA,NA,"","IFN3","40_1022","40_1022_20","IFN3_40_1022_20","40_1022_A_3C",10.05,127.323954473516,79.3271779985508
"65",40,1022,"A","3C",31,31,21,246,11.7,NA,21,406,404,15.5,2,2,NA,NA,NA,NA,"","IFN3","40_1022","40_1022_21","IFN3_40_1022_21","40_1022_A_3C",40.5,14.1471060526129,1288.24933751266
"66",40,1022,"A","3C",32,32,22,247,8.6,NA,21,265,259,13.5,2,2,NA,NA,NA,NA,"","IFN3","40_1022","40_1022_22","IFN3_40_1022_22","40_1022_A_3C",26.2,14.1471060526129,539.128715282544
"67",40,1022,"A","3C",33,33,23,250,5.3,NA,21,226,257,13,2,2,NA,NA,NA,NA,"","IFN3","40_1022","40_1022_23","IFN3_40_1022_23","40_1022_A_3C",24.15,14.1471060526129,458.061880352068
"68",40,1022,"A","3C",34,34,24,251,3.6,NA,21,292,291,14,2,2,NA,NA,NA,NA,"","IFN3","40_1022","40_1022_24","IFN3_40_1022_24","40_1022_A_3C",29.15,14.1471060526129,667.370490897488
"69",40,1022,"A","3C",35,35,25,257,1.8,NA,21,212,216,13.5,2,2,NA,NA,NA,NA,"","IFN3","40_1022","40_1022_25","IFN3_40_1022_25","40_1022_A_3C",21.4,31.8309886183791,359.680942909495
"70",40,1022,"A","3C",36,36,26,270,13.6,NA,21,270,269,14.5,2,2,NA,NA,NA,NA,"","IFN3","40_1022","40_1022_26","IFN3_40_1022_26","40_1022_A_3C",26.95,14.1471060526129,570.436649570975
"71",40,1022,"A","3C",37,37,0,276,10.6,NA,21,271,269,15,2,2,NA,NA,NA,NA,"","IFN3","40_1022","40_1022_0","IFN3_40_1022_0","40_1022_A_3C",27,14.1471060526129,572.55526111674
"72",40,1022,"A","3C",38,38,27,282,9.4,NA,21,184,165,14,2,2,NA,NA,NA,NA,"","IFN3","40_1022","40_1022_27","IFN3_40_1022_27","40_1022_A_3C",17.45,31.8309886183791,239.155704249931
"73",40,1022,"A","3C",39,39,28,289,8.5,NA,21,220,210,13.5,2,2,NA,NA,NA,NA,"","IFN3","40_1022","40_1022_28","IFN3_40_1022_28","40_1022_A_3C",21.5,31.8309886183791,363.05030103047
"74",40,1022,"A","3C",40,40,29,297,7.6,NA,21,205,204,13.5,2,2,NA,NA,NA,NA,"","IFN3","40_1022","40_1022_29","IFN3_40_1022_29","40_1022_A_3C",20.45,31.8309886183791,328.455475428221
"75",40,1022,"A","3C",41,41,0,303,13.4,NA,21,277,257,11.5,2,2,NA,NA,NA,NA,"","IFN3","40_1022","40_1022_0","IFN3_40_1022_0","40_1022_A_3C",26.7,14.1471060526129,559.902496704407
"76",40,1022,"A","3C",42,42,30,316,6.2,NA,21,198,181,12.5,2,2,NA,NA,NA,NA,"","IFN3","40_1022","40_1022_30","IFN3_40_1022_30","40_1022_A_3C",18.95,31.8309886183791,282.038443971432
"77",40,1022,"A","3C",43,43,0,317,11.4,NA,21,234,219,13,2,2,NA,NA,NA,NA,"","IFN3","40_1022","40_1022_0","IFN3_40_1022_0","40_1022_A_3C",22.65,14.1471060526129,402.926929281567
"78",40,1022,"A","3C",44,44,0,320,5.7,NA,21,155,148,13,2,2,NA,NA,NA,NA,"","IFN3","40_1022","40_1022_0","IFN3_40_1022_0","40_1022_A_3C",15.15,31.8309886183791,180.266549958391
"79",40,1022,"A","3C",45,45,0,330,10.8,NA,21,293,293,14.5,2,2,NA,NA,NA,NA,"","IFN3","40_1022","40_1022_0","IFN3_40_1022_0","40_1022_A_3C",29.3,14.1471060526129,674.256469295075
"80",40,1022,"A","3C",46,46,31,338,10.5,NA,21,285,275,14.5,2,2,NA,NA,NA,NA,"","IFN3","40_1022","40_1022_31","IFN3_40_1022_31","40_1022_A_3C",28,14.1471060526129,615.752160103599
"81",40,1022,"A","3C",47,47,32,353,5.4,NA,21,319,297,14.5,2,2,NA,NA,NA,NA,"","IFN3","40_1022","40_1022_32","IFN3_40_1022_32","40_1022_A_3C",30.8,14.1471060526129,745.060113725355
"82",40,1022,"A","3C",48,48,0,360,10.8,NA,21,226,225,13.5,2,2,NA,NA,NA,NA,"","IFN3","40_1022","40_1022_0","IFN3_40_1022_0","40_1022_A_3C",22.55,14.1471060526129,399.376929583011
"83",40,1022,"A","3C",49,49,33,363,5.5,NA,21,219,223,13.5,2,2,NA,NA,NA,NA,"","IFN3","40_1022","40_1022_33","IFN3_40_1022_33","40_1022_A_3C",22.1,31.8309886183791,383.596316984948
"84",40,1022,"A","3C",50,888,34,373,5.5,NA,21,160,154,NA,6,NA,NA,NA,NA,NA,"","IFN3","40_1022","40_1022_34","IFN3_40_1022_34","40_1022_A_3C",15.7,31.8309886183791,193.592793295837
"85",40,1022,"A","3C",51,50,0,379,12,NA,21,286,284,14,2,2,NA,NA,NA,NA,"","IFN3","40_1022","40_1022_0","IFN3_40_1022_0","40_1022_A_3C",28.5,14.1471060526129,637.939658219577
"86",40,1022,"A","3C",52,51,0,385,12.5,NA,21,290,285,14.5,2,2,NA,NA,NA,NA,"","IFN3","40_1022","40_1022_0","IFN3_40_1022_0","40_1022_A_3C",28.75,14.1471060526129,649.180669433203
"87",40,1022,"A","3C",53,52,35,388,6.2,NA,21,311,303,14,2,2,NA,NA,NA,NA,"","IFN3","40_1022","40_1022_35","IFN3_40_1022_35","40_1022_A_3C",30.7,14.1471060526129,740.229915020461
"88",40,1022,"A","3C",54,53,0,393,13.5,NA,21,263,279,13.5,2,2,NA,NA,NA,NA,"","IFN3","40_1022","40_1022_0","IFN3_40_1022_0","40_1022_A_3C",27.1,14.1471060526129,576.80426518072
"89",40,1033,"A","3C",1,1,1,13,7.5,NA,21,309,277,13,2,2,NA,NA,NA,NA,"","IFN3","40_1033","40_1033_1","IFN3_40_1033_1","40_1033_A_3C",29.3,14.1471060526129,674.256469295075
"90",40,1033,"A","3C",2,2,0,32,13.5,NA,21,284,273,9.5,2,2,NA,NA,NA,NA,"","IFN3","40_1033","40_1033_0","IFN3_40_1033_0","40_1033_A_3C",27.85,14.1471060526129,609.172486989737
"91",40,1033,"A","3C",3,3,2,32,5.9,NA,21,235,247,10.5,2,2,NA,NA,NA,NA,"","IFN3","40_1033","40_1033_2","IFN3_40_1033_2","40_1033_A_3C",24.1,14.1471060526129,456.167107282872
"92",40,1033,"A","3C",4,4,3,71,5,NA,21,215,225,12,2,2,NA,NA,NA,NA,"","IFN3","40_1033","40_1033_3","IFN3_40_1033_3","40_1033_A_3C",22,31.8309886183791,380.132711084365
"93",40,1033,"A","3C",5,5,0,80,15.6,NA,21,239,247,11,2,2,NA,NA,NA,NA,"","IFN3","40_1033","40_1033_0","IFN3_40_1033_0","40_1033_A_3C",24.3,14.1471060526129,463.769761504559
"94",40,1033,"A","3C",6,6,0,87,15.8,NA,21,243,248,13,2,2,NA,NA,NA,NA,"","IFN3","40_1033","40_1033_0","IFN3_40_1033_0","40_1033_A_3C",24.55,14.1471060526129,473.361436575051
"95",40,1033,"A","3C",7,7,4,91,5.5,NA,21,219,230,13,2,2,NA,NA,NA,NA,"","IFN3","40_1033","40_1033_4","IFN3_40_1033_4","40_1033_A_3C",22.45,31.8309886183791,395.842637847722
"96",40,1033,"A","3C",8,8,5,103,6,NA,21,262,268,12,2,2,NA,NA,NA,NA,"","IFN3","40_1033","40_1033_5","IFN3_40_1033_5","40_1033_A_3C",26.5,14.1471060526129,551.545860245858
"97",40,1033,"A","3C",9,9,6,131,7.8,NA,21,210,207,12,2,2,NA,NA,NA,NA,"","IFN3","40_1033","40_1033_6","IFN3_40_1033_6","40_1033_A_3C",20.85,31.8309886183791,341.430253087547
"98",40,1033,"A","3C",10,10,7,136,9.2,NA,21,167,175,12,2,2,NA,NA,NA,NA,"","IFN3","40_1033","40_1033_7","IFN3_40_1033_7","40_1033_A_3C",17.1,31.8309886183791,229.658276959048
"99",40,1033,"A","3C",11,11,8,141,10.5,NA,21,323,328,13,2,2,NA,NA,NA,NA,"","IFN3","40_1033","40_1033_8","IFN3_40_1033_8","40_1033_A_3C",32.55,14.1471060526129,832.131317615005
"100",40,1033,"A","3C",12,12,9,147,0.6,NA,21,208,196,11,2,2,NA,NA,NA,NA,"","IFN3","40_1033","40_1033_9","IFN3_40_1033_9","40_1033_A_3C",20.2,31.8309886183791,320.473866592695
"101",40,1033,"A","3C",13,13,10,166,6.4,NA,21,263,271,12,2,2,NA,NA,NA,NA,"","IFN3","40_1033","40_1033_10","IFN3_40_1033_10","40_1033_A_3C",26.7,14.1471060526129,559.902496704407
"102",40,1033,"A","3C",14,14,11,168,2.6,NA,21,219,222,12,2,2,NA,NA,NA,NA,"","IFN3","40_1033","40_1033_11","IFN3_40_1033_11","40_1033_A_3C",22.05,31.8309886183791,381.862550539248
"103",40,1033,"A","3C",15,15,12,170,4.3,NA,21,207,215,12.5,2,2,NA,NA,NA,NA,"","IFN3","40_1033","40_1033_12","IFN3_40_1033_12","40_1033_A_3C",21.1,31.8309886183791,349.667116326178
"104",40,1033,"A","3C",16,16,0,171,14.8,NA,21,292,285,12.5,2,2,NA,NA,NA,NA,"","IFN3","40_1033","40_1033_0","IFN3_40_1033_0","40_1033_A_3C",28.85,14.1471060526129,653.704562854373
"105",40,1033,"A","3C",17,17,0,171,7.7,NA,21,174,181,12.5,2,2,42,NA,NA,NA,"","IFN3","40_1033","40_1033_0","IFN3_40_1033_0","40_1033_A_3C",17.75,31.8309886183791,247.449508855409
"106",40,1033,"A","3C",18,18,0,172,8.9,NA,21,135,142,11.5,2,2,NA,NA,NA,NA,"","IFN3","40_1033","40_1033_0","IFN3_40_1033_0","40_1033_A_3C",13.85,31.8309886183791,150.657039198307
"107",40,1033,"A","3C",19,19,0,173,10.5,NA,21,225,225,12.5,2,2,NA,NA,NA,NA,"","IFN3","40_1033","40_1033_0","IFN3_40_1033_0","40_1033_A_3C",22.5,14.1471060526129,397.607820219958
"108",40,1033,"A","3C",20,20,0,190,12.2,NA,21,282,297,13.5,2,2,NA,NA,NA,NA,"","IFN3","40_1033","40_1033_0","IFN3_40_1033_0","40_1033_A_3C",28.95,14.1471060526129,658.24416423881
"109",40,1033,"A","3C",21,21,13,210,7.5,NA,21,272,263,11.5,2,2,NA,NA,NA,NA,"","IFN3","40_1033","40_1033_13","IFN3_40_1033_13","40_1033_A_3C",26.75,14.1471060526129,562.001473296087
"110",40,1033,"A","3C",22,22,0,220,14.3,NA,21,243,251,12.5,2,2,NA,NA,NA,NA,"","IFN3","40_1033","40_1033_0","IFN3_40_1033_0","40_1033_A_3C",24.7,14.1471060526129,479.163565507149
"111",40,1033,"A","3C",23,23,14,221,6.6,NA,21,241,242,11.5,2,2,NA,NA,NA,NA,"","IFN3","40_1033","40_1033_14","IFN3_40_1033_14","40_1033_A_3C",24.15,14.1471060526129,458.061880352068
"112",40,1033,"A","3C",24,24,0,235,4.9,NA,21,95,95,11,2,2,42,NA,NA,NA,"","IFN3","40_1033","40_1033_0","IFN3_40_1033_0","40_1033_A_3C",9.5,127.323954473516,70.8821842466197
"113",40,1033,"A","3C",25,25,15,235,5,NA,21,147,142,6.5,4,3,42,NA,NA,NA,"","IFN3","40_1033","40_1033_15","IFN3_40_1033_15","40_1033_A_3C",14.45,31.8309886183791,163.993100012796
"114",40,1033,"A","3C",26,26,0,243,11.3,NA,21,228,232,12,2,2,42,NA,NA,NA,"","IFN3","40_1033","40_1033_0","IFN3_40_1033_0","40_1033_A_3C",23,14.1471060526129,415.47562843725
"115",40,1033,"A","3C",27,27,0,250,15.5,NA,21,277,268,11,2,2,NA,NA,NA,NA,"","IFN3","40_1033","40_1033_0","IFN3_40_1033_0","40_1033_A_3C",27.25,14.1471060526129,583.207223707818
"116",40,1033,"A","3C",28,28,16,252,4.7,NA,21,234,243,13.5,2,2,NA,NA,NA,NA,"","IFN3","40_1033","40_1033_16","IFN3_40_1033_16","40_1033_A_3C",23.85,14.1471060526129,446.752146799145
"117",40,1033,"A","3C",29,29,17,253,10.8,NA,21,186,183,12,2,2,NA,NA,NA,NA,"","IFN3","40_1033","40_1033_17","IFN3_40_1033_17","40_1033_A_3C",18.45,31.8309886183791,267.3514983159
"118",40,1033,"A","3C",30,30,18,264,10.8,NA,21,202,204,10.5,2,2,NA,NA,NA,NA,"","IFN3","40_1033","40_1033_18","IFN3_40_1033_18","40_1033_A_3C",20.3,31.8309886183791,323.654729154455
"119",40,1033,"A","3C",31,31,19,265,4.7,NA,21,172,173,12.5,2,2,NA,NA,NA,NA,"","IFN3","40_1033","40_1033_19","IFN3_40_1033_19","40_1033_A_3C",17.25,31.8309886183791,233.705040995953
"120",40,1033,"A","3C",32,32,20,271,10.9,NA,21,243,234,12.5,2,2,NA,NA,NA,NA,"","IFN3","40_1033","40_1033_20","IFN3_40_1033_20","40_1033_A_3C",23.85,14.1471060526129,446.752146799145
"121",40,1033,"A","3C",33,33,21,278,4.8,NA,21,197,225,12.5,2,2,NA,NA,NA,NA,"","IFN3","40_1033","40_1033_21","IFN3_40_1033_21","40_1033_A_3C",21.1,31.8309886183791,349.667116326178
"122",40,1033,"A","3C",34,34,0,291,12.1,NA,21,282,280,11.5,2,2,NA,NA,NA,NA,"","IFN3","40_1033","40_1033_0","IFN3_40_1033_0","40_1033_A_3C",28.1,14.1471060526129,620.158243800259
"123",40,1033,"A","3C",35,35,0,296,12.8,NA,21,255,258,12,2,2,NA,NA,NA,NA,"","IFN3","40_1033","40_1033_0","IFN3_40_1033_0","40_1033_A_3C",25.65,14.1471060526129,516.731123157858
"124",40,1033,"A","3C",36,36,0,314,12.4,NA,21,218,234,9.5,2,2,NA,NA,NA,NA,"","IFN3","40_1033","40_1033_0","IFN3_40_1033_0","40_1033_A_3C",22.6,14.1471060526129,401.149965936881
"125",40,1033,"A","3C",37,37,22,323,7.3,NA,21,166,165,10.5,2,2,42,NA,NA,NA,"","IFN3","40_1033","40_1033_22","IFN3_40_1033_22","40_1033_A_3C",16.55,31.8309886183791,215.12252044997
"126",40,1033,"A","3C",38,38,23,323,7.1,NA,21,165,169,10,2,2,42,NA,NA,NA,"","IFN3","40_1033","40_1033_23","IFN3_40_1033_23","40_1033_A_3C",16.7,31.8309886183791,219.039693789914
"127",40,1033,"A","3C",39,39,24,329,8.5,NA,21,228,241,10,2,2,NA,NA,NA,NA,"","IFN3","40_1033","40_1033_24","IFN3_40_1033_24","40_1033_A_3C",23.45,14.1471060526129,431.892413547665
"128",40,1033,"A","3C",40,0,25,0,0,NA,NA,0,0,0,NA,NA,NA,NA,NA,NA,"","IFN3","40_1033","40_1033_25","IFN3_40_1033_25","40_1033_A_3C",0,0,0
"129",40,1033,"A","3C",41,40,26,374,2.4,NA,21,145,158,12,2,2,NA,NA,NA,NA,"","IFN3","40_1033","40_1033_26","IFN3_40_1033_26","40_1033_A_3C",15.15,31.8309886183791,180.266549958391
"130",40,1033,"A","3C",42,41,27,377,4.8,NA,21,298,296,12.5,2,2,NA,NA,NA,NA,"","IFN3","40_1033","40_1033_27","IFN3_40_1033_27","40_1033_A_3C",29.7,14.1471060526129,692.791865951255
"131",40,1033,"A","3C",43,42,28,385,1.1,NA,21,180,192,11.5,2,2,NA,NA,NA,NA,"","IFN3","40_1033","40_1033_28","IFN3_40_1033_28","40_1033_A_3C",18.6,31.8309886183791,271.716348608981
