"","X.3","X.2","PLOT_ID","X.1","specie","G_sp","N_sp","sp_1","sp_2","sp_3","G_sp_1","G_sp_2","G_sp_3","N_sp_1","N_sp_2","N_sp_3","SUM_DBH","SUM_H","BASAL_AREA","DENSITY","CD_0_75","CD_75_125","CD_125_175","CD_175_225","CD_225_275","CD_275_325","CD_325_375","CD_375_425","CD_425_","MEAN_DBH","MEAN_H","QM_DBH","DOMINANT_H","X","Provincia","Estadillo","ESTRATO","FECHGR","CODGR","NUMPMA","NUMTIP","NUMPME","NUMMAT","VERIFICA","FECHAVE","CODVE","HOJA","VUELO","FOTO","COORDEX","COORDEY","ANO","MUNICI","PROPIED1","PROPIED2","AREAPRO1","AREAPRO2","ALTITUD1","ALTITUD2","PENDIEN1","PENDIEN2","USO1","USO2","FRACCION1","FRACCION2","ESPECIA12","OCUPA11","OCUPA12","ESTADA11","ESTADA12","ESPECIA21","ESPECIA22","OCUPA21","OCUPA22","ESTADA21","ESTADA22","ESPECIA31","ESPECIA32","OCUPA31","OCUPA32","ESTADA31","ESTADA32","ESPECIB1","MASAB1","ORIGEB1","EDADB1","ESPECIB2","MASAB2","ORIGEB2","EDADB2","ESPECIB3","MASAB3","ORIGEB3","EDADB3","ESPECIE1","ESPECIE2","ESPECIE3","ESPECIE4","ESPECIE5","ESPECIE6","ESPECIE7","CLASUELO","ESPESOR","CLACOBER","CUBIERTA","MEROSIVA1","MEROSIVA2","MEROSIVA3","MEROSIVA4","DISESPAC","COMPESPE","PREPSUEL1","PREPSUEL2","TRAVUELO1","TRAVUELO2","CORTAS","DANOS1","DANOS2","DANOS3","ORIENTA1","ORIENTA2","MAXPEND1","MAXPEND2","INVENTORY_ID","AGE","MUNICIPALITY","SPECIE_IFN_ID","Fecha_IFN2","AÃ±o_IFN2","EXEC_TIME","PLOT_TYPE","AA_RAINFALL","AM_TEMPERATURE","MARTONNE"
"1",1,14806,"40_1022",99020,21,275135.048611111,944.319329011912,21,NA,NA,275135.048611111,NA,NA,944.319329011912,NA,NA,17411.727613079,9747.3560702503,27.5135048611111,944.319329011912,0,159.154943091895,286.478897565412,286.478897565412,155.618166578742,42.4413181578388,14.1471060526129,0,0,18.4383895131086,10.3220973782772,19.2605452900201,11.875,101,40,1022,NA,921119,2,35,4,2,1,"S",921126,2,431,2,"0431M12",455,4560,92,191,1,1,0,0,15,14,5,5,9,1,0,90,21,0,9,1,4,NA,37,NA,1,NA,2,NA,NA,NA,NA,NA,NA,21,1,2,25,37,3,6,NA,NA,NA,NA,NA,21,37,65,NA,NA,NA,NA,3,4,"W",20,NA,NA,NA,"1",1,3,NA,3,3,4,0,NA,NA,"01",140,NA,8.5,NA,"IFN2",25,191,21,19921119,1992,12,"IFN",0,0,0
"2",2,14808,"40_1033",99038,21,209444.861111111,1064.56973045912,21,NA,NA,209444.861111111,NA,NA,1064.56973045912,NA,NA,16321.5162528995,7798.59221150287,20.9444861111111,1064.56973045912,0,254.647908947033,477.464829275686,318.309886183791,14.1471060526129,0,0,0,0,15.331561461794,7.32558139534884,15.8271550573469,8.70967741935484,1089,40,1033,NA,920512,4,28,5,1,2,"S",920519,4,431,2,"0431M12",456,4559,92,191,1,1,0,0,16,15,5,5,9,1,0,70,21,0,8,1,4,NA,37,NA,2,NA,2,NA,NA,NA,NA,NA,NA,21,1,2,25,37,3,6,NA,NA,NA,NA,NA,21,37,74,NA,NA,NA,NA,3,4,"W",20,NA,NA,NA,"1",1,3,NA,0,NA,0,0,NA,NA,"01",260,NA,9.25,NA,"IFN2",25,191,21,19920512,1992,12,"IFN",0,0,0
"3",3,14810,"40_1062",99074,21,141534.4375,1018.59163578813,21,NA,NA,141534.4375,NA,NA,1018.59163578813,NA,NA,13170.0715408543,5634.0849854531,14.15344375,1018.59163578813,0,509.295817894065,413.802852038928,95.4929658551372,0,0,0,0,0,12.9296875,5.53125,13.3010543520053,6.875,104,40,1062,NA,921120,2,20,5,2,4,"S",921126,2,432,2,"0432J04",463,4574,91,195,3,3,5,5,12,11,2,2,6,1,20,65,21,0,9,4,3,NA,NA,NA,NA,NA,NA,NA,NA,NA,NA,NA,NA,21,1,2,28,NA,NA,NA,NA,NA,NA,NA,NA,21,37,43,NA,NA,NA,NA,2,3,"W",20,NA,NA,NA,"1",1,2,NA,0,NA,0,0,NA,NA,"P902",55,NA,2,NA,"IFN2",28,195,21,19921120,1992,12,"IFN",0,0,0
"4",4,14812,"40_1089",99115,21,83048.75,332.456992236404,21,25,NA,83048.75,8055.0625,NA,332.456992236404,31.8309886183791,NA,6444.18364579084,2779.90633933844,9.11038125,364.287980854783,0,0,222.816920328653,127.323954473516,14.1471060526129,0,0,0,0,17.6898058252427,7.63106796116505,17.8443574340185,7.79032258064516,1138,40,1089,NA,920512,2,12,5,1,2,"S",920519,3,432,2,"0432K10",476,4571,91,116,5,5,0,0,14,13,3,3,9,1,1,60,21,5,8,2,3,23,25,5,2,2,3,NA,NA,NA,NA,NA,NA,21,1,2,32,25,1,2,35,NA,NA,NA,NA,21,25,37,45,43,NA,NA,2,1,"W",20,NA,NA,NA,"1",1,2,NA,0,NA,0,0,NA,NA,"01",135,NA,2.5,NA,"IFN2",32,116,21,19920512,1992,12,"IFN",0,0,0
"5",5,14817,"40_1141",99183,21,236763.902777778,827.605704077856,21,NA,NA,236763.902777778,NA,NA,827.605704077856,NA,NA,15613.8072726176,8210.62667528522,23.6763902777778,827.605704077856,0,0,350.14087480217,350.14087480217,127.323954473516,0,0,0,0,18.8662393162393,9.92094017094017,19.085391222599,10.1875,1184,40,1141,NA,920420,2,31,4,2,2,"S",920428,4,432,2,"0432M01",457,4562,91,54,1,1,5,5,13,13,3,2,9,1,0,70,21,0,0,1,3,NA,NA,NA,NA,NA,NA,NA,NA,NA,NA,NA,NA,21,1,2,19,NA,NA,NA,NA,NA,NA,NA,NA,21,37,15,NA,NA,NA,NA,2,2,"W",20,NA,NA,NA,"1",1,1,NA,0,NA,4,0,NA,NA,"01",350,NA,2,NA,"IFN2",19,54,21,19920420,1992,12,"IFN",0,0,0
"6",6,14818,"40_1145",99187,21,167628.354166667,445.633840657307,21,NA,NA,167628.354166667,NA,NA,445.633840657307,NA,NA,9533.20425237887,4403.28675887577,16.7628354166667,445.633840657307,0,0,95.4929658551372,222.816920328653,70.7355302630646,56.5884242104517,0,0,0,21.3924603174603,9.88095238095238,21.8846556921032,9.8125,1187,40,1145,NA,920420,2,19,4,1,1,"S",920428,4,432,2,"0432M01",457,4560,91,54,1,1,5,5,14,14,4,4,9,1,0,40,21,0,0,1,4,NA,NA,NA,NA,NA,NA,NA,NA,NA,NA,NA,NA,21,3,1,NA,NA,NA,NA,NA,NA,NA,NA,NA,21,37,NA,NA,NA,NA,NA,2,2,"W",20,NA,NA,NA,"1",1,1,NA,0,NA,0,4,NA,NA,"01",355,NA,4.5,NA,"IFN2",28,54,21,19920420,1992,12,"IFN",0,0,0
"7",7,14820,"40_1396",99503,21,30184.55,29.4259805894349,21,NA,NA,30184.55,NA,NA,29.4259805894349,NA,NA,1022.2415891497,239.086092289158,3.018455,29.4259805894349,0,0,0,0,14.1471060526129,0,0,0,15.278874536822,34.7394230769231,8.125,36.1394833888835,8.125,1404,40,1396,NA,920422,4,4,4,0,1,"S",920430,2,458,1,"0458L05",437,4546,91,93,7,7,0,0,16,15,5,4,9,1,90,10,21,0,7,4,4,NA,37,NA,3,NA,2,NA,NA,NA,NA,NA,NA,21,3,1,NA,37,3,6,NA,NA,NA,NA,NA,21,37,NA,NA,NA,NA,NA,2,1,"W",18,NA,NA,NA,"1",1,2,NA,0,NA,0,0,NA,NA,"P314",350,NA,4.5,NA,"IFN2",18,93,21,19920422,1992,12,"IFN",0,0,0
"8",8,14821,"40_1808",100039,21,227157.75,2419.15513499681,21,NA,NA,227157.75,NA,NA,2419.15513499681,NA,NA,25779.9176820252,13846.4800489949,22.715775,2419.15513499681,0,1782.53536262923,636.619772367581,0,0,0,0,0,0,10.6565789473684,5.72368421052632,10.9341991259678,7,1763,40,1808,NA,920427,2,34,5,1,1,"S",920507,4,508,2,"0508J04",405,4517,92,113,5,5,0,0,18,18,5,5,9,1,80,80,21,0,0,3,3,NA,NA,NA,NA,NA,NA,NA,NA,NA,NA,NA,NA,21,1,2,25,NA,NA,NA,NA,NA,NA,NA,NA,21,NA,NA,NA,NA,NA,NA,2,1,"W",20,NA,NA,NA,"1",1,1,NA,1,NA,0,0,NA,NA,"01",315,NA,9.5,NA,"IFN2",25,113,21,19920427,1992,12,"IFN",0,0,0
"9",9,15010,"42_1194",103356,21,110758.875,986.760647169751,21,43,NA,110758.875,64530,NA,986.760647169751,1018.59163578813,NA,20495.9735713743,11745.6348001819,17.5288875,2005.35228295788,0,1655.21140815571,286.478897565412,63.6619772367581,0,0,0,0,0,10.2206349206349,5.85714285714286,10.5496219747214,7.875,1542,42,1194,NA,920113,7,24,5,2,2,"S",920116,10,349,2,"0349J11",534,4629,91,173,3,3,0,0,10,10,1,1,9,1,80,90,21,6,8,2,3,2,43,4,2,0,3,NA,NA,NA,NA,NA,NA,21,1,2,22,43,3,6,NA,NA,NA,NA,NA,21,43,NA,NA,NA,NA,NA,1,1,"W",20,NA,NA,NA,"1",1,3,NA,0,NA,0,0,NA,NA,"P303",151,NA,0.5,NA,"IFN2",22,173,21,19920113,1992,12,"IFN",352.1,12.7,15.511013215859
"10",10,15016,"42_124",103425,21,26810.5625,190.985931710274,21,26,NA,26810.5625,6520.5625,NA,190.985931710274,31.8309886183791,NA,3065.3242039499,1289.15503904435,3.3331125,222.816920328653,0,0,222.816920328653,0,0,0,0,0,0,13.7571428571429,5.78571428571429,13.8008540108419,5.875,115,42,124,0,920109,NA,7,4,0,3,"S",920116,8,280,1,"0280K11",559,4660,91,209,1,1,0,0,14,14,4,4,9,1,25,26,21,0,0,2,3,NA,NA,NA,NA,NA,NA,NA,NA,NA,NA,NA,NA,21,1,1,12,NA,NA,NA,NA,NA,NA,NA,NA,21,15,NA,NA,NA,NA,NA,2,2,"W",20,NA,NA,NA,"1",1,2,NA,2,NA,0,0,NA,NA,"01",275,NA,5.5,NA,"IFN2",12,209,21,19920109,1992,12,"IFN",352.1,12.7,15.511013215859
"11",11,15068,"42_586",105952,21,65715.3125,732.112738222719,21,NA,NA,65715.3125,NA,NA,732.112738222719,NA,NA,7717.423190526,3421.83127647575,6.57153125,732.112738222719,0,636.619772367581,95.4929658551372,0,0,0,0,0,0,10.5413043478261,4.67391304347826,10.6905331953088,5.07142857142857,997,42,586,NA,920114,1,8,4,0,3,"S",920117,10,317,2,"0317K08",529,4644,91,174,1,1,3,3,12,12,3,3,9,1,10,30,21,0,9,1,2,NA,43,NA,1,NA,2,NA,NA,NA,NA,NA,NA,21,3,1,NA,43,3,6,NA,NA,NA,NA,NA,21,43,NA,NA,NA,NA,NA,2,1,"W",16,NA,NA,NA,"W",1,2,NA,1,NA,0,0,NA,NA,"P204",225,NA,3,NA,"IFN2",18,174,21,19920114,1992,12,"IFN",352.1,12.7,15.511013215859
"12",12,15069,"42_626",106018,21,431213.833333333,1343.97507499823,21,NA,NA,431213.833333333,NA,NA,1343.97507499823,NA,NA,26611.4138402675,19271.8952201719,43.1213833333333,1343.97507499823,0,127.323954473516,190.985931710274,700.281749604339,282.942121052258,42.4413181578388,0,0,0,19.8005263157895,14.3394736842105,20.2118373341231,15.3125,1034,42,626,NA,920114,2,52,4,0,0,"S",920116,1,317,1,"0317K02",515,4641,91,69,2,2,3,3,14,15,5,2,9,1,70,85,21,0,0,4,4,NA,NA,NA,NA,NA,NA,NA,NA,NA,NA,NA,NA,21,2,1,65,NA,NA,NA,NA,NA,NA,NA,NA,21,43,NA,NA,NA,NA,NA,2,4,"W",20,NA,NA,NA,"1",1,1,NA,0,NA,0,4,NA,NA,"01",14,NA,1.5,NA,"IFN2",65,69,21,19920114,1992,12,"IFN",352.1,12.7,15.511013215859
"13",13,15071,"42_638",106033,21,82950.5555555555,261.721461973339,21,43,NA,82950.5555555555,14762.25,NA,261.721461973339,127.323954473516,NA,6741.80338937269,2689.36486060172,9.77128055555556,389.045416446855,0,127.323954473516,95.4929658551372,95.4929658551372,70.7355302630646,0,0,0,0,17.3290909090909,6.91272727272727,17.8825994653004,7.41379310344827,1046,42,638,NA,920115,1,12,5,2,4,"S",920116,1,317,2,"0317K09",532,4641,91,174,3,3,0,0,13,13,3,2,9,1,10,70,21,8,8,1,3,2,43,2,2,0,3,NA,NA,NA,NA,NA,NA,21,3,1,NA,43,3,6,NA,NA,NA,NA,NA,21,43,15,37,65,45,NA,2,1,"W",7,NA,NA,NA,"1",1,2,NA,0,NA,0,0,NA,NA,"01",280,NA,2,NA,"IFN2",8,174,21,19920115,1992,12,"IFN",352.1,12.7,15.511013215859
"14",14,15073,"42_828",106343,21,21779.5,381.971863420549,21,NA,NA,21779.5,NA,NA,381.971863420549,NA,NA,3221.29604817996,1591.54943091895,2.17795,381.971863420549,127.323954473516,254.647908947033,0,0,0,0,0,0,0,8.43333333333333,4.16666666666667,8.52046555848525,4.5,1211,42,828,NA,920108,10,3,3,2,5,"S",920114,10,319,2,"0319M29",575,4633,91,110,5,5,0,0,11,11,4,5,9,1,70,60,21,0,0,4,3,NA,NA,NA,NA,NA,NA,NA,NA,NA,NA,NA,NA,21,1,2,20,NA,NA,NA,NA,NA,NA,NA,NA,21,37,43,15,NA,NA,NA,1,2,"W",20,NA,NA,NA,"1",1,1,NA,1,NA,0,0,NA,NA,"P902",230,NA,7.25,NA,"IFN2",20,110,21,19920108,1992,12,"IFN",352.1,12.7,15.511013215859
"15",15,18120,"5_1003",121320,21,114688.388888889,332.456992236404,21,NA,NA,114688.388888889,NA,NA,332.456992236404,NA,NA,6708.91136780036,2817.04249272655,11.4688388888889,332.456992236404,0,0,127.323954473516,63.6619772367581,99.0297423682904,42.4413181578388,0,0,0,20.1797872340426,8.47340425531915,20.957865532052,9.6875,1360,5,1003,NA,931117,3,16,6,0,0,"S",931119,1,577,1,"0577M11",307,4453,91,47,3,3,0,0,12,12,4,3,9,1,0,60,21,0,0,1,3,21,NA,0,NA,2,NA,NA,NA,NA,NA,NA,NA,21,1,1,25,NA,NA,NA,NA,NA,NA,NA,NA,21,NA,NA,NA,NA,NA,NA,2,1,"W",20,NA,NA,NA,"1",1,1,NA,9,NA,4,0,NA,NA,"01",2,NA,3.5,NA,"IFN2",25,47,21,19931117,1993,9,"IFN",0,0,0
"16",16,18174,"5_1030",121376,21,157081.152777778,919.56189341984,21,NA,NA,157081.152777778,NA,NA,919.56189341984,NA,NA,13017.4596343118,5996.6045780513,15.7081152777778,919.56189341984,0,254.647908947033,477.464829275686,159.154943091895,28.2942121052258,0,0,0,0,14.1561538461538,6.52115384615385,14.7477788418877,7.3,940,5,1030,NA,920527,2,24,5,1,0,"S",920605,2,578,1,"0578J03",318,4467,91,165,2,2,0,0,15,15,3,2,9,1,0,70,21,0,0,2,3,NA,NA,NA,NA,NA,NA,NA,NA,NA,NA,NA,NA,21,1,2,19,NA,NA,NA,NA,NA,NA,NA,NA,21,NA,NA,NA,NA,NA,NA,1,2,"W",20,NA,NA,NA,"1",1,1,NA,0,NA,4,0,NA,NA,"01",360,NA,2.25,NA,"IFN2",19,165,21,19920527,1992,10,"IFN",0,0,0
"17",17,18175,"5_1035",121380,21,201906.298611111,498.685488354605,21,NA,NA,201906.298611111,NA,NA,498.685488354605,NA,NA,10892.0337887323,4666.77660910569,20.1906298611111,498.685488354605,0,0,127.323954473516,159.154943091895,113.176848420903,56.5884242104517,42.4413181578388,0,0,21.8414893617021,9.35815602836879,22.7047449503933,10.125,942,5,1035,NA,920527,2,24,4,0,2,"S",920605,2,578,1,"0578J08",328,4466,91,216,1,1,0,0,15,15,4,4,9,1,0,60,21,0,0,2,4,NA,NA,NA,NA,NA,NA,NA,NA,NA,NA,NA,NA,21,3,1,NA,NA,NA,NA,NA,NA,NA,NA,NA,21,NA,NA,NA,NA,NA,NA,1,2,"W",20,NA,NA,NA,"1",1,1,NA,1,NA,0,0,NA,NA,"01",10,NA,5.75,NA,"IFN2",35,216,21,19920527,1992,10,"IFN",0,0,0
"18",18,18176,"5_1037",121382,21,198763.5,1655.21140815571,21,NA,NA,198763.5,NA,NA,1655.21140815571,NA,NA,19964.3960614474,9087.74725054722,19.87635,1655.21140815571,0,891.267681314614,700.281749604339,63.6619772367581,0,0,0,0,0,12.0615384615385,5.49038461538461,12.3650717749635,6.375,944,5,1037,NA,920527,2,31,4,1,2,"S",920605,2,578,1,"0578J09",330,4466,91,262,1,1,0,0,15,15,5,5,9,1,70,70,21,0,0,4,3,NA,NA,NA,NA,NA,NA,NA,NA,NA,NA,NA,NA,21,3,1,NA,NA,NA,NA,NA,NA,NA,NA,NA,21,NA,NA,NA,NA,NA,NA,2,2,"W",20,NA,NA,NA,"1",1,1,NA,0,1,2,0,NA,NA,"01",351,NA,8.75,NA,"IFN2",20,262,21,19920527,1992,10,"IFN",0,0,0
"19",19,18218,"5_390",122223,21,14485.25,254.647908947033,21,NA,NA,14485.25,NA,NA,254.647908947033,NA,NA,2158.1410283261,1145.91559026165,1.448525,254.647908947033,0,254.647908947033,0,0,0,0,0,0,0,8.475,4.5,8.51036133192945,4.5,284,5,390,NA,920526,1,2,2,1,2,"S",920601,3,529,2,"0529L10",308,4493,91,246,6,6,0,0,13,13,5,5,9,1,0,80,21,0,9,2,2,NA,45,NA,1,NA,1,NA,NA,NA,NA,NA,NA,21,1,2,10,45,3,6,NA,NA,NA,NA,NA,21,45,NA,NA,NA,NA,NA,2,1,"W",11,NA,NA,NA,"3",1,2,NA,1,NA,0,0,NA,NA,"G204",115,NA,11.5,NA,"IFN2",10,246,21,19920526,1992,10,"IFN",0,0,0
"20",20,18224,"5_614",122519,21,116299.3125,859.436692696235,21,45,43,116299.3125,26873.5311111111,13489.8125,859.436692696235,24.3330224104942,63.6619772367581,13030.1920297591,5788.64211907789,15.6662656111111,947.431692343487,0,381.971863420549,477.464829275686,63.6619772367581,0,14.1471060526129,0,0,10.1859163578813,13.7531730625653,6.10982529490817,14.5098809099079,7.53246753246753,447,5,614,NA,920604,3,23,6,3,1,"S",920609,1,553,1,"0553L13",284,4474,91,112,6,6,0,0,10,10,4,3,9,1,70,90,21,0,9,2,3,NA,NA,NA,NA,NA,NA,NA,NA,NA,NA,NA,NA,21,1,2,15,NA,NA,NA,NA,NA,NA,NA,NA,21,45,43,72,NA,NA,NA,2,2,"W",19,NA,NA,NA,"1",1,2,NA,0,NA,4,0,NA,NA,"P204",260,NA,2.5,NA,"IFN2",15,112,21,19920604,1992,10,"IFN",0,0,0
"21",21,18233,"5_615",122522,21,234061.854166667,1181.28335539318,21,NA,NA,234061.854166667,NA,NA,1181.28335539318,NA,NA,17878.2284351639,7204.41375729313,23.4061854166667,1181.28335539318,0,381.971863420549,509.295817894065,190.985931710274,70.7355302630646,28.2942121052258,0,0,0,15.1345808383234,6.09880239520958,15.883395040858,6.64864864864865,448,5,615,NA,920604,3,32,4,1,1,"S",920609,1,553,1,"0553L10",276,4473,91,24,6,6,0,0,15,15,4,3,9,1,0,75,21,0,0,1,3,NA,NA,NA,NA,NA,NA,NA,NA,NA,NA,NA,NA,21,1,1,20,NA,NA,NA,NA,NA,NA,NA,NA,21,57,NA,NA,NA,NA,NA,2,4,"W",20,NA,NA,NA,"1",1,1,NA,1,NA,0,0,NA,NA,"P204",76,NA,3.5,NA,"IFN2",20,24,21,19920604,1992,10,"IFN",0,0,0
"22",22,18234,"5_667",122585,21,62662.2916666667,201.596261249734,21,NA,NA,62662.2916666667,NA,NA,201.596261249734,NA,NA,3921.22412013299,1336.90152197192,6.26622916666667,201.596261249734,0,0,63.6619772367581,95.4929658551372,28.2942121052258,14.1471060526129,0,0,0,19.4508771929825,6.63157894736842,19.8937638999075,7.35,488,5,667,NA,920605,3,8,5,0,3,"S",920609,1,554,1,"0554L04",296,4473,91,18,6,6,0,0,14,14,3,3,9,1,0,40,21,0,0,1,4,NA,NA,NA,NA,NA,NA,NA,NA,NA,NA,NA,NA,21,1,2,20,NA,NA,NA,NA,NA,NA,NA,NA,21,43,NA,NA,NA,NA,NA,2,2,"W",19,NA,NA,NA,"1",1,1,NA,0,NA,4,0,NA,NA,"P204",175,NA,3.75,NA,"IFN2",20,18,21,19920605,1992,10,"IFN",0,0,0
"23",23,18235,"5_669",122587,21,80801.3125,668.45076098596,21,NA,NA,80801.3125,NA,NA,668.45076098596,NA,NA,8105.76125167023,2992.11293012763,8.08013125,668.45076098596,0,381.971863420549,286.478897565412,0,0,0,0,0,0,12.1261904761905,4.47619047619048,12.4059365589528,5.375,490,5,669,NA,920605,3,12,4,1,2,"S",920609,1,554,1,"0554L04",296,4472,91,904,6,6,0,0,15,15,3,4,9,1,0,80,21,0,0,1,3,NA,NA,NA,NA,NA,NA,NA,NA,NA,NA,NA,NA,21,1,2,15,NA,NA,NA,NA,NA,NA,NA,NA,21,NA,NA,NA,NA,NA,NA,2,3,"W",20,NA,NA,NA,"1",1,1,NA,1,NA,4,0,NA,NA,"P204",125,NA,5.75,NA,"IFN2",15,904,21,19920605,1992,10,"IFN",0,0,0
"24",24,18236,"5_670",122588,21,77350.5625,891.267681314614,21,NA,NA,77350.5625,NA,NA,891.267681314614,NA,NA,9149.81767835306,3549.15523094927,7.73505625,891.267681314614,0,763.943726841098,127.323954473516,0,0,0,0,0,0,10.2660714285714,3.98214285714286,10.5119362427399,4.875,491,5,670,NA,920605,3,10,4,1,3,"S",920609,1,554,1,"0554L05",297,4472,91,904,6,6,0,0,16,16,5,4,9,1,0,50,21,0,0,1,3,NA,NA,NA,NA,NA,NA,NA,NA,NA,NA,NA,NA,21,1,2,15,NA,NA,NA,NA,NA,NA,NA,NA,21,NA,NA,NA,NA,NA,NA,2,2,"W",20,NA,NA,NA,"1",1,1,NA,1,NA,0,0,NA,NA,"P204",140,NA,4.25,NA,"IFN2",15,904,21,19920605,1992,10,"IFN",0,0,0
"25",25,18237,"5_672",122590,21,67931.7291666667,116.713624934057,21,NA,NA,67931.7291666667,NA,NA,116.713624934057,NA,NA,3093.79525488079,875.352187005424,6.79317291666667,116.713624934057,0,0,0,31.8309886183791,28.2942121052258,28.2942121052258,28.2942121052258,0,0,26.5075757575758,7.5,27.222663519408,7.5,493,5,672,NA,920609,3,7,5,3,3,"S",920610,3,554,1,"0554M04",294,4471,91,7,6,6,0,0,12,12,3,4,9,1,0,50,21,0,9,2,4,NA,NA,NA,NA,NA,NA,NA,NA,NA,NA,NA,NA,21,1,1,20,NA,NA,NA,NA,NA,NA,NA,NA,21,43,45,NA,NA,NA,NA,2,2,"W",20,NA,NA,NA,"1",1,2,NA,0,NA,4,0,NA,NA,"P204",29,NA,6.25,NA,"IFN2",20,7,21,19920609,1992,10,"IFN",0,0,0
"26",26,18246,"5_707",122641,21,192624.006944444,855.899916183082,21,NA,NA,192624.006944444,NA,NA,855.899916183082,NA,NA,14254.0935421358,6537.73138456374,19.2624006944444,855.899916183082,0,0,509.295817894065,318.309886183791,28.2942121052258,0,0,0,0,16.6539256198347,7.63842975206611,16.9277319657458,8.58571428571429,520,5,707,NA,920609,3,28,4,0,2,"S",920610,3,555,1,"0555M09",331,4470,91,262,1,1,0,0,14,14,3,2,9,1,40,50,21,0,0,2,3,NA,NA,NA,NA,NA,NA,NA,NA,NA,NA,NA,NA,21,1,2,18,NA,NA,NA,NA,NA,NA,NA,NA,21,NA,NA,NA,NA,NA,NA,1,3,"W",20,NA,NA,NA,"1",1,1,NA,3,NA,2,0,NA,NA,"01",206,NA,0.75,NA,"IFN2",18,262,21,19920609,1992,10,"IFN",0,0,0
"27",27,18247,"5_708",122642,21,218754.548611111,930.172222959299,21,NA,NA,218754.548611111,NA,NA,930.172222959299,NA,NA,15672.3409239102,6912.62969495799,21.8754548611111,930.172222959299,0,127.323954473516,381.971863420549,350.14087480217,70.7355302630646,0,0,0,0,16.8488593155894,7.43155893536122,17.3042157877905,7.96551724137931,521,5,708,NA,920609,3,29,5,1,1,"S",920610,3,555,1,"0555M09",332,4470,91,262,1,1,0,0,14,14,3,3,9,1,40,70,21,0,0,2,3,NA,NA,NA,NA,NA,NA,NA,NA,NA,NA,NA,NA,21,1,2,31,NA,NA,NA,NA,NA,NA,NA,NA,21,NA,NA,NA,NA,NA,NA,1,2,"W",20,NA,NA,NA,"1",1,1,NA,0,1,4,0,NA,NA,"01",0,NA,2.75,NA,"IFN2",31,262,21,19920609,1992,10,"IFN",0,0,0
"28",28,18248,"5_721",122661,21,5256.25,31.8309886183791,21,NA,NA,5256.25,NA,NA,31.8309886183791,NA,NA,461.549334966496,159.154943091895,0.525625,31.8309886183791,0,0,31.8309886183791,0,0,0,0,0,0,14.5,5,14.5,5,533,5,721,NA,920609,3,1,1,1,1,"S",920610,3,555,1,"0555M07",327,4468,91,216,1,1,0,0,14,14,2,2,9,1,40,40,21,0,0,2,2,NA,NA,NA,NA,NA,NA,NA,NA,NA,NA,NA,NA,21,1,2,10,NA,NA,NA,NA,NA,NA,NA,NA,21,NA,NA,NA,NA,NA,NA,1,1,"W",20,NA,NA,NA,"1",1,1,NA,2,NA,3,0,NA,NA,"M204",110,NA,1,NA,"IFN2",10,216,21,19920609,1992,10,"IFN",0,0,0
"29",29,18249,"5_724",122664,21,183324.055555556,1015.05485927498,21,NA,NA,183324.055555556,NA,NA,1015.05485927498,NA,NA,14893.7195745396,8113.36532117351,18.3324055555556,1015.05485927498,0,381.971863420549,477.464829275686,127.323954473516,28.2942121052258,0,0,0,0,14.6728222996516,7.99303135888502,15.1642183828829,9.87142857142857,535,5,724,NA,920609,3,24,5,1,1,"S",920611,1,555,1,"0555M09",331,4468,91,262,1,1,0,0,15,14,3,3,9,1,40,70,21,0,0,2,3,NA,NA,NA,NA,NA,NA,NA,NA,NA,NA,NA,NA,21,1,2,18,NA,NA,NA,NA,NA,NA,NA,NA,21,NA,NA,NA,NA,NA,NA,1,3,"W",20,NA,NA,NA,"1",1,1,NA,1,NA,0,0,NA,NA,"P204",394,NA,3,NA,"IFN2",18,262,21,19920609,1992,10,"IFN",0,0,0
"30",30,18250,"5_725",122665,21,122777.965277778,452.707393683613,21,NA,NA,122777.965277778,NA,NA,452.707393683613,NA,NA,8240.51243682137,3202.55113266025,12.2777965277778,452.707393683613,0,0,190.985931710274,190.985931710274,56.5884242104517,14.1471060526129,0,0,0,18.202734375,7.07421875,18.5826001233345,8.25862068965517,536,5,725,NA,920609,3,17,4,0,1,"S",920611,1,555,1,"0555M09",332,4468,91,262,1,1,0,0,15,15,3,4,9,1,40,60,21,0,0,2,3,NA,NA,NA,NA,NA,NA,NA,NA,NA,NA,NA,NA,21,1,2,19,NA,NA,NA,NA,NA,NA,NA,NA,21,NA,NA,NA,NA,NA,NA,1,3,"W",20,NA,NA,NA,"1",1,1,NA,1,1,4,0,NA,NA,"01",394,NA,6.25,NA,"IFN2",19,262,21,19920609,1992,10,"IFN",0,0,0
"31",31,18252,"5_733",122674,21,395612.027777778,1301.53375684039,21,NA,NA,395612.027777778,NA,NA,1301.53375684039,NA,NA,25240.9129414207,12569.7037277466,39.5612027777778,1301.53375684039,0,0,445.633840657307,700.281749604339,141.471060526129,14.1471060526129,0,0,0,19.3932065217391,9.65760869565217,19.6726146280648,10.8125,543,5,733,NA,920610,1,47,4,0,1,"S",920611,1,555,1,"0555M09",331,4467,91,262,1,1,0,0,16,16,2,2,9,1,50,90,21,0,0,3,3,NA,NA,NA,NA,NA,NA,NA,NA,NA,NA,NA,NA,21,1,2,26,NA,NA,NA,NA,NA,NA,NA,NA,21,NA,NA,NA,NA,NA,NA,1,2,"W",20,NA,NA,NA,"1",1,1,NA,0,NA,4,4,NA,NA,"M414",383,NA,1.75,NA,"IFN2",26,262,21,19920610,1992,10,"IFN",0,0,0
"32",32,18271,"5_980",123052,21,6201.5625,31.8309886183791,21,NA,NA,6201.5625,NA,NA,31.8309886183791,NA,NA,501.33807073947,143.239448782706,0.62015625,31.8309886183791,0,0,31.8309886183791,0,0,0,0,0,0,15.75,4.5,15.75,4.5,896,5,980,NA,920525,2,1,1,0,1,"S",920605,4,577,1,"0577J06",297,4466,91,904,5,5,0,0,14,14,4,5,9,1,70,15,21,0,0,3,4,NA,NA,NA,NA,NA,NA,NA,NA,NA,NA,NA,NA,21,1,1,20,NA,NA,NA,NA,NA,NA,NA,NA,21,NA,NA,NA,NA,NA,NA,2,4,"W",20,NA,NA,NA,"1",1,1,NA,0,NA,0,0,NA,NA,"P204",188,NA,10.75,NA,"IFN2",20,904,21,19920525,1992,10,"IFN",0,0,0
"33",33,18272,"5_984",123056,21,153830.263888889,629.546219341275,21,NA,NA,153830.263888889,NA,NA,629.546219341275,NA,NA,10932.1762021566,4470.48551262568,15.3830263888889,629.546219341275,0,31.8309886183791,350.14087480217,190.985931710274,56.5884242104517,0,0,0,0,17.3651685393258,7.10112359550562,17.6385199957493,7.92647058823529,898,5,984,NA,920525,2,22,5,0,0,"S",920605,4,577,1,"0577J03",290,4465,91,37,5,5,0,0,14,14,3,4,9,1,0,60,21,0,0,2,3,NA,NA,NA,NA,NA,NA,NA,NA,NA,NA,NA,NA,21,1,2,20,NA,NA,NA,NA,NA,NA,NA,NA,21,NA,NA,NA,NA,NA,NA,2,2,"W",20,NA,NA,NA,"1",1,1,NA,0,NA,4,9,NA,"P204","G912",350,NA,7,NA,"IFN2",20,37,21,19920525,1992,10,"IFN",0,0,0
"34",34,18273,"5_995",123071,21,183012.576388889,951.392882038219,21,NA,NA,183012.576388889,NA,NA,951.392882038219,NA,NA,14323.0606841423,5462.55132456516,18.3012576388889,951.392882038219,0,381.971863420549,222.816920328653,318.309886183791,28.2942121052258,0,0,0,0,15.0548327137546,5.74163568773234,15.6500445383406,6.58571428571429,908,5,995,NA,920525,2,22,4,2,2,"S",920605,4,577,1,"0577K02",289,4463,91,159,5,5,0,0,14,14,4,5,9,1,0,80,21,0,0,2,3,NA,NA,NA,NA,NA,NA,NA,NA,NA,NA,NA,NA,21,1,2,20,NA,NA,NA,NA,NA,NA,NA,NA,21,43,45,NA,NA,NA,NA,2,2,"W",18,NA,NA,NA,"1",1,1,NA,0,NA,4,0,NA,NA,"P204",395,NA,8,NA,"IFN2",20,159,21,19920525,1992,10,"IFN",0,0,0
"35",35,19590,"9_1043",136388,21,65341.75,268.795014999645,21,NA,NA,65341.75,NA,NA,268.795014999645,NA,NA,4665.36189850043,1317.44925114958,6.534175,268.795014999645,0,0,159.154943091895,95.4929658551372,14.1471060526129,0,0,0,0,17.3565789473684,4.90131578947368,17.5929972611712,5.33870967741935,1371,9,1043,NA,920205,2,9,5,1,4,"S",920227,0,166,2,"0166L12",429,4711,91,427,4,4,0,0,10,10,1,1,9,1,20,40,21,0,9,1,3,NA,NA,NA,NA,NA,NA,NA,NA,NA,NA,NA,NA,21,1,2,24,NA,NA,NA,NA,NA,NA,NA,NA,21,44,95,NA,NA,NA,NA,3,1,"W",20,NA,NA,NA,"1",1,2,NA,0,NA,4,0,NA,NA,"M202",353,NA,0.5,NA,"IFN2",24,427,21,19920205,1992,11,"IFN",0,0,0
"36",36,19595,"9_1095",136467,21,170552.8125,1336.90152197192,21,NA,NA,170552.8125,NA,NA,1336.90152197192,NA,NA,16792.4380456259,8737.60637574505,17.05528125,1336.90152197192,0,636.619772367581,668.45076098596,31.8309886183791,0,0,0,0,0,12.5607142857143,6.53571428571429,12.7448519018465,7.25,1423,9,1095,NA,920206,2,27,5,1,2,"S",920227,2,167,1,"0167M05",439,4710,91,172,6,6,0,0,9,9,2,2,9,1,35,40,21,0,0,2,3,NA,NA,NA,NA,NA,NA,NA,NA,NA,NA,NA,NA,21,3,1,NA,NA,NA,NA,NA,NA,NA,NA,NA,21,44,NA,NA,NA,NA,NA,3,2,"W",20,NA,NA,NA,"1",1,1,NA,0,NA,4,4,NA,NA,"01",79,NA,1.25,NA,"IFN2",19,172,21,19920206,1992,11,"IFN",0,0,0
"37",37,19602,"9_1133",136528,21,480193.25,2942.59805894349,21,NA,NA,480193.25,NA,NA,2942.59805894349,NA,NA,41209.4588983075,30791.176323512,48.019325,2942.59805894349,0,1273.23954473516,1177.74657888003,477.464829275686,14.1471060526129,0,0,0,0,14.0044471153846,10.4639423076923,14.4144346223072,11.4193548387097,1461,9,1133,NA,920207,3,63,5,0,0,"S",920227,2,169,1,"0169J03",488,4723,91,251,6,6,0,0,7,7,2,2,9,1,90,90,21,0,0,2,3,NA,NA,NA,NA,NA,NA,NA,NA,NA,NA,NA,NA,21,1,2,31,NA,NA,NA,NA,NA,NA,NA,NA,21,95,26,15,45,NA,NA,2,3,"W",20,NA,NA,NA,"1",1,3,NA,3,NA,0,0,NA,NA,"01",252,NA,1,NA,"IFN2",31,251,21,19920207,1992,11,"IFN",0,0,0
"38",38,19615,"9_1204",136655,21,165052,1559.71844230057,21,NA,NA,165052,NA,NA,1559.71844230057,NA,NA,17752.14235247,7368.87386515475,16.5052,1559.71844230057,0,1305.07053335354,222.816920328653,31.8309886183791,0,0,0,0,0,11.3816326530612,4.72448979591837,11.6075977932823,5.125,1531,9,1204,NA,920211,2,19,4,2,2,"S",920302,7,201,2,"0201L07",472,4695,91,411,3,3,0,0,10,10,2,4,9,1,20,70,21,0,9,1,3,43,NA,0,NA,3,NA,NA,NA,NA,NA,NA,NA,21,1,2,15,NA,NA,NA,NA,NA,NA,NA,NA,21,43,37,NA,NA,NA,NA,2,2,"W",20,NA,NA,NA,"1",1,3,NA,1,NA,0,0,NA,NA,"01",310,NA,4.25,NA,"IFN2",15,411,21,19920211,1992,11,"IFN",0,0,0
"39",39,19623,"9_1226",136691,21,82833.25,891.267681314614,21,43,NA,82833.25,63083.75,NA,891.267681314614,923.098669932993,NA,18054.5367443446,11570.5643627808,14.5917,1814.36635124761,0,1527.8874536822,286.478897565412,0,0,0,0,0,0,9.95087719298246,6.37719298245614,10.1191844897127,7.25,1553,9,1226,NA,920212,3,21,5,2,3,"S",920302,7,201,2,"0201M05",467,4691,91,44,4,4,0,0,10,10,2,2,9,1,30,80,21,0,5,1,3,NA,43,NA,4,NA,3,NA,NA,NA,NA,NA,NA,21,1,2,15,43,3,6,NA,NA,NA,NA,NA,21,43,57,NA,NA,NA,NA,2,4,"W",20,NA,NA,NA,"1",1,2,NA,1,NA,0,0,NA,NA,"01",20,NA,2,NA,"IFN2",15,44,21,19920212,1992,11,"IFN",0,0,0
"40",40,19627,"9_1227",136693,21,103681.6875,891.267681314614,21,43,NA,103681.6875,16165.25,NA,891.267681314614,254.647908947033,NA,13023.6489932098,6970.98650742502,11.98469375,1145.91559026165,0,763.943726841098,381.971863420549,0,0,0,0,0,0,11.3652777777778,6.08333333333333,11.5396388110239,7.25,1554,9,1227,NA,920212,3,18,4,5,4,"S",920302,7,201,2,"0201M05",468,4691,91,44,4,4,0,0,10,10,2,2,9,1,30,70,21,0,5,1,3,NA,43,NA,3,NA,3,NA,NA,NA,NA,NA,NA,21,1,2,15,43,3,6,NA,NA,NA,NA,NA,21,43,15,95,51,37,16,2,3,"W",20,NA,NA,NA,"1",1,3,NA,1,NA,0,0,NA,NA,"P204",50,NA,1.5,NA,"IFN2",15,44,21,19920212,1992,11,"IFN",0,0,0
"41",41,19631,"9_1231",136701,21,129261.5625,1050.42262440651,21,43,NA,129261.5625,122156.5,NA,1050.42262440651,1782.53536262923,NA,29422.9743293987,18095.9170295485,25.14180625,2832.95798703574,0,2419.15513499681,413.802852038928,0,0,0,0,0,0,10.3859550561798,6.3876404494382,10.6299991543966,7.75,1558,9,1231,NA,920212,3,32,4,3,1,"S",920302,7,201,2,"0201M04",466,4690,91,142,3,3,0,0,10,10,1,2,9,1,30,90,21,0,5,1,3,NA,43,NA,3,NA,3,NA,NA,NA,NA,NA,NA,21,1,2,20,43,3,6,NA,NA,NA,NA,NA,21,43,15,37,95,NA,NA,2,3,"W",20,NA,NA,NA,"1",1,3,NA,1,NA,0,0,NA,NA,"01",375,NA,1.5,NA,"IFN2",20,142,21,19920212,1992,11,"IFN",0,0,0
"42",42,19635,"9_1232",136703,21,116384,1145.91559026165,21,43,NA,116384,4032.25,NA,1145.91559026165,31.8309886183791,NA,13251.2405618312,6047.88783749202,12.041625,1177.74657888003,0,891.267681314614,286.478897565412,0,0,0,0,0,0,11.2513513513514,5.13513513513514,11.4096331987374,5.875,1559,9,1232,NA,920212,3,16,4,3,2,"S",920302,7,201,2,"0201M05",467,4690,91,44,3,3,0,0,10,10,2,2,9,1,30,80,21,0,5,1,3,NA,43,NA,4,NA,2,NA,NA,NA,NA,NA,NA,21,1,2,15,43,3,6,NA,NA,NA,NA,NA,21,43,37,95,NA,NA,NA,2,4,"W",20,NA,NA,NA,"1",1,2,NA,1,NA,0,0,NA,NA,"01",50,NA,1.25,NA,"IFN2",15,44,21,19920212,1992,11,"IFN",0,0,0
"43",43,19639,"9_1234",136707,21,112129.625,795.774715459477,21,43,NA,112129.625,78640.4375,NA,795.774715459477,636.619772367581,NA,18065.677590361,10424.6487725191,19.07700625,1432.39448782706,0,636.619772367581,668.45076098596,127.323954473516,0,0,0,0,0,12.6122222222222,7.27777777777778,13.0220347445739,8.75,1561,9,1234,NA,920213,3,30,6,1,3,"S",920302,7,201,2,"0201M06",469,4690,91,44,4,4,0,0,11,11,2,2,9,1,40,80,21,0,6,1,3,NA,43,NA,4,NA,3,NA,NA,NA,NA,NA,NA,21,1,2,20,43,3,6,NA,NA,NA,NA,NA,21,43,15,NA,NA,NA,NA,2,4,"W",20,NA,NA,NA,"1",1,2,NA,1,NA,0,0,NA,NA,"01",10,NA,2.25,NA,"IFN2",20,44,21,19920213,1992,11,"IFN",0,0,0
"44",44,19643,"9_1237",136713,21,265044.875,1266.16599170886,21,NA,NA,265044.875,NA,NA,1266.16599170886,NA,NA,19886.2333005067,10412.2700547231,26.5044875,1266.16599170886,0,381.971863420549,477.464829275686,350.14087480217,56.5884242104517,0,0,0,0,15.7058659217877,8.22346368715084,16.325610941882,9.8235294117647,1564,9,1237,NA,920213,3,33,5,0,2,"S",920302,7,201,2,"0201M07",472,4690,91,431,6,6,0,0,11,11,2,2,9,1,40,80,21,0,8,1,3,NA,43,NA,2,NA,2,NA,NA,NA,NA,NA,NA,21,1,2,25,43,3,6,NA,NA,NA,NA,NA,21,43,NA,NA,NA,NA,NA,2,4,"W",20,NA,NA,NA,"1",1,2,NA,0,NA,4,0,NA,NA,"01",40,NA,1.25,NA,"IFN2",25,431,21,19920213,1992,11,"IFN",0,0,0
"45",45,19649,"9_1243",136723,21,294375.75,1687.04239677409,21,43,NA,294375.75,6162.25,NA,1687.04239677409,127.323954473516,NA,25604.8472446241,14546.7617985992,30.0538,1814.36635124761,0,636.619772367581,923.098669932993,254.647908947033,0,0,0,0,0,14.1122807017544,8.01754385964912,14.5225293819335,9.625,1570,9,1243,NA,920213,3,42,4,1,1,"S",920302,2,201,2,"0201M06",470,4689,91,44,4,4,0,0,11,11,2,3,9,1,40,80,21,0,8,1,3,NA,43,NA,2,NA,2,NA,NA,NA,NA,NA,NA,21,1,2,20,43,3,6,NA,NA,NA,NA,NA,21,43,NA,NA,NA,NA,NA,2,3,"W",20,NA,NA,NA,"1",1,2,NA,0,NA,0,0,NA,NA,"P402",100,260,2.75,2.75,"IFN2",20,44,21,19920213,1992,11,"IFN",0,0,0
"46",46,19653,"9_1244",136725,21,263073.375,2291.83118052329,21,NA,NA,263073.375,NA,NA,2291.83118052329,NA,NA,27097.7206108261,17300.142314089,26.3073375,2291.83118052329,0,1400.56349920868,827.605704077856,63.6619772367581,0,0,0,0,0,11.8236111111111,7.54861111111111,12.0893289722796,9,1571,9,1244,NA,920213,3,39,4,2,1,"S",920302,2,201,2,"0201M06",471,4689,91,44,3,3,0,0,11,11,3,3,9,1,40,80,21,0,9,1,3,NA,43,NA,1,NA,2,NA,NA,NA,NA,NA,NA,21,1,2,20,43,3,6,NA,NA,NA,NA,NA,21,43,NA,NA,NA,NA,NA,2,3,"W",20,NA,NA,NA,"1",1,3,NA,0,NA,0,0,NA,NA,"01",390,NA,3,NA,"IFN2",20,44,21,19920213,1992,11,"IFN",0,0,0
"47",47,19659,"9_1253",136742,21,259995.826388889,1025.66518881444,21,43,NA,259995.826388889,57028.125,NA,1025.66518881444,604.788783749202,NA,24640.1914506616,14281.5035601127,31.7023951388889,1630.45397256364,0,509.295817894065,572.957795130823,477.464829275686,70.7355302630646,0,0,0,0,15.1124728850325,8.75921908893709,15.7342782117893,11.6896551724138,1580,9,1253,NA,920213,3,42,6,2,2,"S",920302,2,201,2,"0201M06",470,4688,91,5,3,3,0,0,11,11,2,4,9,1,70,80,21,0,8,3,3,NA,43,NA,2,NA,3,NA,NA,NA,NA,NA,NA,21,1,2,20,43,3,6,NA,NA,NA,NA,NA,21,25,43,15,NA,NA,NA,3,3,"W",20,NA,NA,NA,"1",1,2,NA,1,NA,0,0,NA,NA,"01",180,NA,4.25,NA,"IFN2",20,5,21,19920213,1992,11,"IFN",0,0,0
"48",48,19663,"9_1254",136744,21,358534.951388889,1814.36635124761,21,43,NA,358534.951388889,5292.5625,NA,1814.36635124761,31.8309886183791,NA,27887.1291285619,18672.4116011925,36.3827513888889,1846.19733986599,0,509.295817894065,700.281749604339,509.295817894065,127.323954473516,0,0,0,0,15.1051724137931,10.1139846743295,15.8403133434892,12.6875,1581,9,1254,NA,920213,3,51,5,2,0,"S",920302,2,201,2,"0201M06",471,4688,91,431,3,3,0,0,11,11,3,4,9,1,70,80,21,0,9,3,3,NA,NA,NA,NA,NA,NA,NA,NA,NA,NA,NA,NA,21,3,1,NA,NA,NA,NA,NA,NA,NA,NA,NA,21,43,15,NA,NA,NA,NA,2,4,"W",20,NA,NA,NA,"1",1,3,NA,0,NA,0,0,NA,NA,"P402",220,NA,4.75,NA,"IFN2",29,431,21,19920213,1992,11,"IFN",0,0,0
"49",49,19665,"9_1255",136746,21,122467.965277778,905.414787367227,21,NA,NA,122467.965277778,NA,NA,905.414787367227,NA,NA,11437.7584047119,5374.13191173633,12.2467965277778,905.414787367227,0,381.971863420549,445.633840657307,63.6619772367581,14.1471060526129,0,0,0,0,12.6326171875,5.935546875,13.1232837419556,6.62903225806452,1582,9,1255,NA,920213,3,20,5,1,2,"S",920302,2,201,2,"0201M07",472,4688,91,431,3,3,0,0,11,11,1,1,9,1,70,70,21,0,9,3,3,NA,NA,NA,NA,NA,NA,NA,NA,NA,NA,NA,NA,21,1,2,20,NA,NA,NA,NA,NA,NA,NA,NA,21,43,NA,NA,NA,NA,NA,3,1,"W",7,NA,NA,NA,"1",1,3,NA,0,NA,0,0,NA,NA,"01",270,NA,0.5,NA,"IFN2",20,431,21,19920213,1992,11,"IFN",0,0,0
"50",50,19671,"9_1257",136749,21,280305.125,1941.69030572112,21,NA,NA,280305.125,NA,NA,1941.69030572112,NA,NA,25821.2979672291,16825.8605836752,28.0305125,1941.69030572112,0,668.45076098596,1145.91559026165,127.323954473516,0,0,0,0,0,13.2983606557377,8.6655737704918,13.5575307244447,10,1584,9,1257,NA,920214,2,46,4,0,3,"S",920302,2,201,2,"0201M07",474,4688,91,303,6,6,0,0,11,11,2,4,9,1,70,70,21,0,0,3,3,NA,NA,NA,NA,NA,NA,NA,NA,NA,NA,NA,NA,21,1,2,15,NA,NA,NA,NA,NA,NA,NA,NA,21,37,57,NA,NA,NA,NA,2,3,"W",20,NA,NA,NA,"1",1,1,NA,1,NA,0,0,NA,NA,"01",30,NA,4.75,NA,"IFN2",15,303,21,19920214,1992,11,"IFN",0,0,0
"51",51,19672,"9_1260",136754,21,255672.9375,1878.02832848436,21,43,NA,255672.9375,22357.6944444444,NA,1878.02832848436,77.809083289371,NA,25533.5811978841,14219.6099711326,27.8030631944444,1955.83741177374,0,891.267681314614,954.929658551372,95.4929658551372,0,0,14.1471060526129,0,0,13.0550632911392,7.27034358047016,13.4534914833371,8.7741935483871,1587,9,1260,NA,920217,3,41,6,3,3,"S",920302,2,201,2,"0201M09",478,4688,91,431,3,3,0,0,11,11,2,2,9,1,70,70,21,0,8,1,3,NA,43,NA,1,NA,4,NA,NA,NA,NA,NA,NA,21,1,2,15,43,3,6,NA,NA,NA,NA,NA,21,43,37,45,NA,NA,NA,2,4,"W",20,NA,NA,NA,"1",1,3,NA,0,NA,0,0,NA,NA,"01",385,NA,1.25,NA,"IFN2",15,431,21,19920217,1992,11,"IFN",0,0,0
"52",52,19680,"9_1278",136780,21,81243.25,1018.59163578813,21,43,NA,81243.25,31961.25,NA,1018.59163578813,509.295817894065,NA,14769.5787189279,6811.83156433312,11.32045,1527.8874536822,0,1527.8874536822,0,0,0,0,0,0,0,9.66666666666667,4.45833333333333,9.71272790380402,4,1605,9,1278,NA,920217,3,12,4,3,2,"S",920302,2,202,1,"0202L03",487,4693,91,48,6,6,0,0,10,10,4,4,9,1,30,70,21,0,7,1,3,NA,43,NA,3,NA,3,NA,NA,NA,NA,NA,NA,21,1,2,10,43,3,6,NA,NA,NA,NA,NA,21,43,37,15,NA,NA,NA,2,3,"W",20,NA,NA,NA,"1",1,2,NA,1,NA,0,0,NA,NA,"01",360,NA,6.5,NA,"IFN2",10,48,21,19920217,1992,11,"IFN",0,0,0
"53",53,19684,"9_1287",136796,21,176034.131944444,1110.54782513011,21,43,NA,176034.131944444,31115.6944444444,NA,1110.54782513011,300.626003618025,NA,18417.5868534198,10525.446903144,20.7149826388889,1411.17382874814,0,763.943726841098,413.802852038928,190.985931710274,42.4413181578388,0,0,0,0,13.0512531328321,7.45864661654135,13.67121424737,9.65,1614,9,1287,NA,920218,3,28,6,2,2,"S",920303,4,202,1,"0202L04",489,4692,91,126,6,6,0,0,10,10,4,5,9,1,30,60,21,0,8,1,3,NA,43,NA,2,NA,3,NA,NA,NA,NA,NA,NA,21,1,2,15,43,3,6,NA,NA,NA,NA,NA,21,43,15,16,71,57,12,2,4,"W",20,NA,NA,NA,"1",1,2,NA,1,NA,0,0,NA,NA,"01",20,NA,9,NA,"IFN2",15,126,21,19920218,1992,11,"IFN",0,0,0
"54",54,19688,"9_1295",136813,21,34782.1875,254.647908947033,21,43,NA,34782.1875,11679.0277777778,NA,254.647908947033,45.978094670992,NA,4135.72961565573,1488.98291203751,4.64612152777778,300.626003618025,0,127.323954473516,159.154943091895,0,14.1471060526129,0,0,0,0,13.7570588235294,4.95294117647059,14.0277194071134,5.59677419354839,1622,9,1295,NA,920218,3,7,4,3,2,"S",920303,4,202,1,"0202M03",488,4691,91,360,3,3,0,0,11,11,4,4,9,1,40,50,21,0,5,1,3,NA,43,NA,3,NA,3,NA,NA,NA,NA,NA,NA,21,1,2,10,43,3,6,NA,NA,NA,NA,NA,21,43,95,15,57,NA,NA,2,4,"W",20,NA,NA,NA,"1",1,3,NA,1,NA,0,0,NA,NA,"01",100,NA,6.5,NA,"IFN2",10,360,21,19920218,1992,11,"IFN",0,0,0
"55",55,19704,"9_1339",136883,21,305785.381944444,1828.51345730022,21,43,NA,305785.381944444,91857.6527777778,NA,1828.51345730022,664.913984472807,NA,33510.0732679986,21754.7123324055,39.7643034722222,2493.42744177303,0,1273.23954473516,827.605704077856,350.14087480217,14.1471060526129,14.1471060526129,14.1471060526129,0,0,13.4393617021277,8.72482269503546,14.2496232375227,10.1833333333333,1666,9,1339,NA,920219,2,50,6,3,1,"S",920303,2,239,1,"0239J05",469,4687,91,463,3,3,0,0,11,11,3,4,9,1,65,85,21,0,6,3,3,NA,43,NA,3,NA,3,NA,NA,NA,NA,NA,NA,21,1,2,20,43,3,6,NA,NA,NA,NA,NA,21,43,72,15,NA,NA,NA,2,3,"W",20,NA,NA,NA,"1",1,2,NA,0,1,4,0,NA,NA,"01",351,NA,5,NA,"IFN2",20,463,21,19920219,1992,11,"IFN",0,0,0
"56",56,19708,"9_1341",136888,21,404306.534722222,1563.25521881373,21,43,NA,404306.534722222,5041,NA,1563.25521881373,31.8309886183791,NA,27428.9397312829,16481.3785512941,40.9347534722222,1595.08620743211,0,413.802852038928,381.971863420549,445.633840657307,297.089227104871,56.5884242104517,0,0,0,17.1958980044346,10.3325942350333,18.0762803811197,12,1668,9,1341,NA,920219,2,55,6,0,1,"S",920303,2,239,1,"0239J06",471,4687,91,475,3,3,0,0,11,11,1,3,9,1,75,85,21,0,9,2,3,NA,43,NA,1,NA,3,NA,NA,NA,NA,NA,NA,21,1,2,26,43,3,6,NA,NA,NA,NA,NA,21,43,NA,NA,NA,NA,NA,2,4,"W",20,NA,NA,NA,"1",1,2,NA,0,NA,0,0,NA,NA,"M913",61,NA,3.5,NA,"IFN2",26,475,21,19920219,1992,11,"IFN",0,0,0
"57",57,19712,"9_1342",136890,21,385330.4375,2274.14729795753,21,NA,NA,385330.4375,NA,NA,2274.14729795753,NA,NA,32538.1670821841,19988.0924640855,38.53304375,2274.14729795753,0,636.619772367581,1273.23954473516,350.14087480217,14.1471060526129,0,0,0,0,14.3078538102644,8.78926905132193,14.6879918103688,10,1669,9,1342,NA,920219,2,57,6,0,1,"S",920303,2,239,1,"0239J06",472,4687,91,475,3,3,0,0,11,11,2,4,9,1,80,85,21,0,0,2,3,NA,NA,NA,NA,NA,NA,NA,NA,NA,NA,NA,NA,21,1,2,25,NA,NA,NA,NA,NA,NA,NA,NA,21,43,NA,NA,NA,NA,NA,2,4,"W",20,NA,NA,NA,"1",1,1,NA,0,NA,4,0,NA,NA,"G913",9,NA,4.5,NA,"IFN2",25,475,21,19920219,1992,11,"IFN",0,0,0
"58",58,19713,"9_1343",136891,21,475266.395833333,2284.75762749699,21,NA,NA,475266.395833333,NA,NA,2284.75762749699,NA,NA,36176.8027589161,22686.6529436214,47.5266395833333,2284.75762749699,0,381.971863420549,1241.40855611678,618.935889801815,42.4413181578388,0,0,0,0,15.8339783281734,9.92956656346749,16.2743460155944,10.9117647058824,1670,9,1343,NA,920219,2,65,5,1,1,"S",920303,2,239,1,"0239J07",473,4687,91,303,3,3,0,0,11,11,2,3,9,1,80,90,21,0,0,2,3,NA,NA,NA,NA,NA,NA,NA,NA,NA,NA,NA,NA,21,1,2,25,NA,NA,NA,NA,NA,NA,NA,NA,21,43,15,NA,NA,NA,NA,2,3,"W",20,NA,NA,NA,"1",1,1,NA,1,NA,4,0,NA,NA,"01",275,NA,3.5,NA,"IFN2",25,303,21,19920219,1992,11,"IFN",0,0,0
"59",59,19716,"9_1351",136902,21,407375.402777778,2019.49938901049,21,NA,NA,407375.402777778,NA,NA,2019.49938901049,NA,NA,31757.0699892542,18205.5571014562,40.7375402777778,2019.49938901049,0,381.971863420549,1082.25361302489,541.126806512444,14.1471060526129,0,0,0,0,15.7252189141856,9.01488616462347,16.0262014557357,9.56451612903226,1678,9,1351,NA,920219,2,55,5,1,1,"S",920303,2,239,1,"0239J07",473,4686,91,475,3,3,0,0,11,11,2,4,9,1,75,90,21,0,0,2,3,NA,NA,NA,NA,NA,NA,NA,NA,NA,NA,NA,NA,21,1,2,25,NA,NA,NA,NA,NA,NA,NA,NA,21,43,15,NA,NA,NA,NA,2,3,"W",20,NA,NA,NA,"1",1,1,NA,1,NA,4,0,NA,NA,"01",257,NA,5.25,NA,"IFN2",25,475,21,19920219,1992,11,"IFN",0,0,0
"60",60,19717,"9_1357",136908,21,99792.5,859.436692696235,21,43,NA,99792.5,72943.7916666667,NA,859.436692696235,325.383439210097,NA,15299.3878405982,9025.85366156704,17.2736291666667,1184.82013190633,0,636.619772367581,445.633840657307,31.8309886183791,56.5884242104517,14.1471060526129,0,0,0,12.9128358208955,7.61791044776119,13.624502181786,10.4137931034483,1684,9,1357,NA,920220,0,25,6,3,1,"S",920303,4,239,1,"0239J07",475,4685,91,303,6,6,0,0,11,11,2,3,9,1,50,80,21,0,6,2,3,NA,43,NA,4,NA,4,NA,NA,NA,NA,NA,NA,21,1,2,20,43,3,6,NA,NA,NA,NA,NA,21,43,37,NA,NA,NA,NA,2,3,"W",20,NA,NA,NA,"1",1,2,NA,0,NA,0,0,NA,NA,"01",175,NA,2.75,NA,"IFN2",20,303,21,19920220,1992,11,"IFN",0,0,0
"61",61,19721,"9_1360",136916,21,156165.506944444,523.442923946678,21,25,NA,156165.506944444,108277.0625,NA,523.442923946678,954.929658551372,NA,20893.1535738014,10044.4452973552,26.4442569444444,1478.37258249805,0,795.774715459477,286.478897565412,254.647908947033,127.323954473516,14.1471060526129,0,0,0,14.1325358851675,6.79425837320574,15.0913744019461,7.4375,1687,9,1360,NA,920220,0,34,6,0,2,"S",920303,4,239,1,"0239J03",460,4684,91,177,3,3,0,0,10,10,1,1,9,1,70,90,21,0,6,2,4,NA,25,NA,4,NA,3,NA,NA,NA,NA,NA,NA,21,1,2,15,25,1,2,15,NA,NA,NA,NA,21,25,NA,NA,NA,NA,NA,1,2,"W",20,NA,NA,NA,"1",1,2,NA,3,NA,4,0,NA,NA,"P402",321,NA,0.25,NA,"IFN2",15,177,21,19920220,1992,11,"IFN",0,0,0
"62",62,19725,"9_1361",136918,21,359668.326388889,1506.66679460328,21,NA,NA,359668.326388889,NA,NA,1506.66679460328,NA,NA,26005.3871847387,12615.6818224176,35.9668326388889,1506.66679460328,0,0,827.605704077856,636.619772367581,42.4413181578388,0,0,0,0,17.2602112676056,8.37323943661972,17.4340203210272,9.55,1688,9,1361,NA,920220,0,49,5,1,2,"S",920303,4,239,1,"0239J03",462,4684,91,26,3,3,0,0,10,10,1,1,9,1,60,95,21,0,9,2,4,NA,NA,NA,NA,NA,NA,NA,NA,NA,NA,NA,NA,21,1,2,25,NA,NA,NA,NA,NA,NA,NA,NA,21,43,NA,NA,NA,NA,NA,2,4,"W",20,NA,NA,NA,"1",1,1,NA,2,4,2,3,NA,NA,"01",230,NA,0.5,NA,"IFN2",25,26,21,19920220,1992,11,"IFN",0,0,0
"63",63,19742,"9_1389",136965,21,122580.25,1273.23954473516,21,43,NA,122580.25,71075.875,NA,1273.23954473516,891.267681314614,NA,22698.6779837661,12477.7475384046,19.3656125,2164.50722604978,0,1782.53536262923,381.971863420549,0,0,0,0,0,0,10.4867647058824,5.76470588235294,10.6731142431372,6.375,1716,9,1389,NA,920220,3,26,4,2,2,"S",920304,4,239,1,"0239K08",475,4682,91,303,3,3,3,3,12,12,2,2,9,1,70,80,21,0,5,1,3,NA,43,NA,5,NA,3,NA,NA,NA,NA,NA,NA,21,1,2,18,43,3,6,NA,NA,NA,NA,NA,21,43,15,NA,NA,NA,NA,2,3,"W",20,NA,NA,NA,"1",1,2,NA,1,NA,0,0,NA,NA,"01",110,NA,1.25,NA,"IFN2",18,303,21,19920220,1992,11,"IFN",0,0,0
"64",64,19746,"9_1390",136970,21,125548.875,1591.54943091895,21,NA,NA,125548.875,NA,NA,1591.54943091895,NA,NA,15791.3534535779,8896.76131883695,12.5548875,1591.54943091895,0,1527.8874536822,63.6619772367581,0,0,0,0,0,0,9.922,5.59,10.0219309516679,5.58333333333333,1717,9,1390,NA,920220,3,14,4,2,1,"S",920304,4,239,1,"0239K08",476,4682,91,303,3,3,3,3,12,12,2,4,9,1,70,70,21,0,5,1,3,NA,43,NA,5,NA,2,NA,NA,NA,NA,NA,NA,21,1,2,20,43,3,6,NA,NA,NA,NA,NA,21,43,NA,NA,NA,NA,NA,2,3,"W",20,NA,NA,NA,"1",1,2,NA,1,NA,0,0,NA,NA,"01",260,NA,6,NA,"IFN2",20,303,21,19920220,1992,11,"IFN",0,0,0
"65",65,19748,"9_1391",136971,21,278953.569444444,877.120575262001,21,NA,NA,278953.569444444,NA,NA,877.120575262001,NA,NA,17228.345750872,10502.4578558085,27.8953569444444,877.120575262001,0,0,254.647908947033,396.118969473162,169.765272631355,42.4413181578388,14.1471060526129,0,0,19.641935483871,11.9737903225806,20.122937181397,13.4375,1718,9,1391,NA,920220,3,37,5,0,1,"S",920304,4,239,1,"0239K08",477,4682,91,303,3,3,3,3,13,13,4,5,9,1,85,70,21,0,0,1,4,NA,NA,NA,NA,NA,NA,NA,NA,NA,NA,NA,NA,21,1,2,38,NA,NA,NA,NA,NA,NA,NA,NA,21,78,NA,NA,NA,NA,NA,2,6,"G",20,NA,NA,NA,"1",1,1,NA,0,NA,0,0,NA,NA,"P714",10,NA,8.5,NA,"IFN2",38,303,21,19920220,1992,11,"IFN",0,0,0
"66",66,19749,"9_1394",136976,21,408412.090277778,1121.15815466957,21,NA,NA,408412.090277778,NA,NA,1121.15815466957,NA,NA,23429.1991725579,15625.478635111,40.8412090277778,1121.15815466957,0,0,445.633840657307,222.816920328653,297.089227104871,155.618166578742,0,0,0,20.8973186119874,13.9369085173502,21.5362911741886,15.4375,1721,9,1394,NA,920220,3,53,5,0,0,"S",920305,4,239,1,"0239K09",480,4682,91,407,3,3,3,3,13,13,4,4,9,1,85,85,21,0,0,1,4,NA,NA,NA,NA,NA,NA,NA,NA,NA,NA,NA,NA,21,1,2,39,NA,NA,NA,NA,NA,NA,NA,NA,21,NA,NA,NA,NA,NA,NA,2,3,"W",20,NA,NA,NA,"1",1,1,NA,0,NA,0,0,NA,NA,"P902",10,NA,6.5,NA,"IFN2",39,407,21,19920220,1992,11,"IFN",0,0,0
"67",67,19750,"9_1398",136980,21,178284.0625,1145.91559026165,21,NA,NA,178284.0625,NA,NA,1145.91559026165,NA,NA,15665.6210485353,7002.81749604339,17.82840625,1145.91559026165,0,509.295817894065,477.464829275686,159.154943091895,0,0,0,0,0,13.6708333333333,6.11111111111111,14.0745658113413,7.375,1725,9,1398,NA,920221,2,24,4,2,3,"S",920305,4,239,1,"0239K11",484,4682,91,346,6,6,3,3,13,13,4,5,9,1,50,70,21,0,0,1,3,NA,NA,NA,NA,NA,NA,NA,NA,NA,NA,NA,NA,21,1,2,21,NA,NA,NA,NA,NA,NA,NA,NA,21,43,NA,NA,NA,NA,NA,2,3,"W",20,NA,NA,NA,"1",1,1,NA,0,NA,0,0,NA,NA,"01",315,NA,12.5,NA,"IFN2",21,346,21,19920221,1992,11,"IFN",0,0,0
"68",68,19755,"9_1401",136986,21,164749.75,1177.74657888003,21,43,NA,164749.75,21856.25,NA,1177.74657888003,381.971863420549,NA,18662.5086269556,10138.1698749537,18.6606,1559.71844230057,0,891.267681314614,636.619772367581,31.8309886183791,0,0,0,0,0,11.965306122449,6.5,12.3422618904084,7.125,1728,9,1401,NA,920221,2,28,5,3,0,"S",920305,4,239,1,"0239K04",464,4681,91,335,3,3,0,0,10,10,2,3,9,1,45,99,21,0,8,2,3,NA,43,NA,2,NA,3,NA,NA,NA,NA,NA,NA,21,1,2,15,43,3,6,NA,NA,NA,NA,NA,21,43,15,NA,NA,NA,NA,1,2,"W",20,NA,NA,NA,"1",1,3,1,3,NA,0,0,NA,NA,"M203",33,NA,4,NA,"IFN2",15,335,21,19920221,1992,11,"IFN",0,0,0
"69",69,19759,"9_1405",136992,21,434787.791666667,1029.20196532759,21,NA,NA,434787.791666667,NA,NA,1029.20196532759,NA,NA,23465.804809469,14451.2688327441,43.4787791666667,1029.20196532759,0,0,127.323954473516,350.14087480217,424.413181578388,99.0297423682904,28.2942121052258,0,0,22.8,14.0412371134021,23.192278976498,14.125,1732,9,1405,NA,920224,0,54,4,0,0,"S",920305,4,239,1,"0239K08",476,4681,91,303,3,3,3,3,13,13,2,3,9,1,75,80,21,0,0,1,4,NA,NA,NA,NA,NA,NA,NA,NA,NA,NA,NA,NA,21,1,2,40,NA,NA,NA,NA,NA,NA,NA,NA,21,43,NA,NA,NA,NA,NA,2,3,"W",20,NA,NA,NA,"1",1,1,NA,0,NA,0,0,NA,NA,"P902",300,NA,2.75,NA,"IFN2",40,303,21,19920224,1992,11,"IFN",0,0,0
"70",70,19760,"9_1406",136993,21,379112.173611111,862.973469209388,21,NA,NA,379112.173611111,NA,NA,862.973469209388,NA,NA,20181.3773005293,10803.0838594265,37.9112173611111,862.973469209388,0,0,31.8309886183791,350.14087480217,353.677651315323,127.323954473516,0,0,0,23.3858606557377,12.5184426229508,23.6504932277962,13.5,1733,9,1406,NA,920224,0,46,5,2,1,"S",920305,4,239,1,"0239K08",477,4681,91,303,3,3,3,3,14,14,2,2,9,1,70,80,21,0,0,1,4,NA,NA,NA,NA,NA,NA,NA,NA,NA,NA,NA,NA,21,1,2,38,NA,NA,NA,NA,NA,NA,NA,NA,21,43,78,NA,NA,NA,NA,2,3,"W",20,NA,NA,NA,"1",1,1,NA,0,NA,0,0,NA,NA,"01",325,NA,2,NA,"IFN2",38,303,21,19920224,1992,11,"IFN",0,0,0
"71",71,19763,"9_1415",137008,21,125143.25,732.112738222719,21,NA,NA,125143.25,NA,NA,732.112738222719,NA,NA,10660.1980882952,4886.05675292119,12.514325,732.112738222719,0,127.323954473516,541.126806512444,63.6619772367581,0,0,0,0,0,14.5608695652174,6.67391304347826,14.7526416204898,7.125,1742,9,1415,NA,920224,0,20,4,2,2,"S",920304,2,239,1,"0239K04",465,4680,91,335,6,6,0,0,11,11,2,3,9,1,60,90,21,0,7,4,3,NA,43,NA,3,NA,3,NA,NA,NA,NA,NA,NA,21,1,6,26,43,3,6,NA,NA,NA,NA,NA,21,43,NA,NA,NA,NA,NA,1,2,"W",20,NA,NA,NA,"1",1,3,1,3,NA,0,0,NA,NA,"01",153,NA,3,NA,"IFN2",26,335,21,19920224,1992,11,"IFN",0,0,0
"72",72,19766,"9_1427",137024,21,65225.5625,254.647908947033,21,25,NA,65225.5625,13660.8125,NA,254.647908947033,63.6619772367581,NA,5621.35259000574,1893.94382279355,7.8886375,318.309886183791,0,0,190.985931710274,127.323954473516,0,0,0,0,0,17.66,5.95,17.7636004233376,6.25,1754,9,1427,NA,920224,0,10,4,1,2,"S",920304,2,239,1,"0239K10",481,4680,91,346,3,3,3,3,17,17,2,4,9,1,40,40,21,0,7,2,4,NA,25,NA,3,NA,4,NA,NA,NA,NA,NA,NA,21,3,1,NA,25,3,1,NA,NA,NA,NA,NA,21,25,78,NA,NA,NA,NA,2,2,"W",20,NA,NA,NA,"1",1,2,NA,0,NA,0,0,NA,NA,"P714",380,NA,5.5,NA,"IFN2",24,346,21,19920224,1992,11,"IFN",0,0,0
"73",73,19770,"9_1428",137026,21,398461.965277778,1099.93749559065,21,55,NA,398461.965277778,9157.5625,NA,1099.93749559065,63.6619772367581,NA,23297.1005697916,12460.0636558388,40.7619527777778,1163.59947282741,0,127.323954473516,254.647908947033,413.802852038928,212.206590789194,113.176848420903,28.2942121052258,14.1471060526129,0,20.0215805471125,10.7082066869301,21.1193618939709,13.1875,1755,9,1428,NA,920224,0,48,5,2,3,"S",920304,2,239,1,"0239K10",482,4680,91,346,3,3,3,3,13,13,4,5,9,1,90,80,21,0,9,2,4,NA,NA,NA,NA,NA,NA,NA,NA,NA,NA,NA,NA,21,1,2,32,NA,NA,NA,NA,NA,NA,NA,NA,21,78,55,NA,NA,NA,NA,2,3,"W",20,NA,NA,NA,"1",1,2,NA,0,NA,0,0,NA,NA,"M714",330,NA,11.5,NA,"IFN2",32,346,21,19920224,1992,11,"IFN",0,0,0
"74",74,19776,"9_1429",137028,21,417978.597222222,2150.36011999716,21,NA,NA,417978.597222222,NA,NA,2150.36011999716,NA,NA,32291.4769203916,24267.5920450009,41.7978597222222,2150.36011999716,0,636.619772367581,827.605704077856,572.957795130823,113.176848420903,0,0,0,0,15.0167763157895,11.2853618421053,15.7317299526349,12.625,1756,9,1429,NA,920224,0,57,4,2,1,"S",920304,2,239,1,"0239K10",483,4680,91,346,3,3,3,3,11,11,5,5,9,1,60,80,21,0,0,2,3,NA,NA,NA,NA,NA,NA,NA,NA,NA,NA,NA,NA,21,1,2,31,NA,NA,NA,NA,NA,NA,NA,NA,21,78,16,NA,NA,NA,NA,2,2,"W",20,NA,NA,NA,"1",1,1,NA,0,NA,0,0,NA,"P902","P714",15,NA,9.25,NA,"IFN2",31,346,21,19920224,1992,11,"IFN",0,0,0
"75",75,19777,"9_1430",137029,21,7140.25,127.323954473516,21,NA,NA,7140.25,NA,NA,127.323954473516,NA,NA,1075.88741530121,381.971863420549,0.714025,127.323954473516,0,127.323954473516,0,0,0,0,0,0,0,8.45,3,8.45,3,1757,9,1430,NA,920224,0,1,1,3,2,"S",920304,2,239,1,"0239K11",484,4680,91,346,3,3,3,3,12,12,5,5,9,1,80,30,21,0,0,2,2,NA,NA,NA,NA,NA,NA,NA,NA,NA,NA,NA,NA,21,1,2,15,NA,NA,NA,NA,NA,NA,NA,NA,21,78,15,NA,NA,NA,NA,2,5,"G",20,NA,NA,NA,"1",1,1,NA,0,NA,0,0,NA,NA,"01",395,NA,11,NA,"IFN2",15,346,21,19920224,1992,11,"IFN",0,0,0
"76",76,19778,"9_1432",137031,21,61461.0277777778,219.2801438155,21,NA,NA,61461.0277777778,NA,NA,219.2801438155,NA,NA,4087.8062939025,1641.0643021031,6.14610277777778,219.2801438155,0,0,95.4929658551372,95.4929658551372,28.2942121052258,0,0,0,0,18.641935483871,7.48387096774194,18.891015956559,7.85714285714286,1759,9,1432,NA,920224,0,8,5,3,3,"S",920304,2,239,1,"0239K05",469,4679,91,463,4,4,0,0,13,13,4,4,9,1,40,50,21,0,9,1,3,NA,NA,NA,NA,NA,NA,NA,NA,NA,NA,NA,NA,21,1,2,25,NA,NA,NA,NA,NA,NA,NA,NA,21,43,15,NA,NA,NA,NA,2,2,"W",20,NA,NA,NA,"1",1,3,1,3,NA,0,0,NA,NA,"P204",155,NA,7,NA,"IFN2",25,463,21,19920224,1992,11,"IFN",0,0,0
"77",77,19779,"9_1438",137042,21,278848.347222222,1004.44452973552,21,NA,NA,278848.347222222,NA,NA,1004.44452973552,NA,NA,18617.2378875873,8475.88491377172,27.8848347222222,1004.44452973552,0,0,445.633840657307,445.633840657307,113.176848420903,0,0,0,0,18.5348591549296,8.43838028169014,18.8007908321829,9.5,1765,9,1438,NA,920224,2,36,4,2,3,"S",920304,2,239,1,"0239K09",479,4679,91,303,3,3,3,3,16,16,3,3,9,1,55,70,21,0,0,1,3,NA,NA,NA,NA,NA,NA,NA,NA,NA,NA,NA,NA,21,1,2,35,NA,NA,NA,NA,NA,NA,NA,NA,21,78,NA,NA,NA,NA,NA,2,3,"W",20,NA,NA,NA,"1",1,1,NA,0,NA,0,0,NA,NA,"01",260,NA,3.75,NA,"IFN2",35,303,21,19920224,1992,11,"IFN",0,0,0
"78",78,19782,"9_1444",137051,21,49248.8125,572.957795130823,21,NA,NA,49248.8125,NA,NA,572.957795130823,NA,NA,5963.53571765332,2435.070629306,4.92488125,572.957795130823,0,509.295817894065,63.6619772367581,0,0,0,0,0,0,10.4083333333333,4.25,10.4614437605694,4.75,1771,9,1444,NA,920224,2,6,4,0,2,"S",920304,2,239,1,"0239K05",468,4678,91,463,3,3,0,0,12,12,4,5,9,1,60,40,21,0,9,2,2,NA,NA,NA,NA,NA,NA,NA,NA,NA,NA,NA,NA,21,1,2,25,NA,NA,NA,NA,NA,NA,NA,NA,21,43,15,NA,NA,NA,NA,2,2,"W",20,NA,NA,NA,"1",1,3,NA,0,NA,0,0,NA,NA,"01",273,NA,14.25,NA,"IFN2",25,463,21,19920224,1992,11,"IFN",0,0,0
"79",79,19784,"9_1447",137054,21,221777.118055556,923.098669932993,21,NA,NA,221777.118055556,NA,NA,923.098669932993,NA,NA,14454.9824480829,9333.55321821137,22.1777118055556,923.098669932993,0,381.971863420549,286.478897565412,127.323954473516,28.2942121052258,56.5884242104517,14.1471060526129,28.2942121052258,0,15.6591954022988,10.1111111111111,17.4899820806105,15.0625,1774,9,1447,NA,920224,2,25,4,3,1,"S",920304,2,239,1,"0239K06",471,4678,91,463,3,3,0,0,11,12,2,4,9,1,40,70,21,0,7,1,4,NA,21,NA,1,NA,4,NA,57,NA,1,NA,3,21,1,2,25,21,3,1,NA,57,3,6,NA,21,57,15,95,43,NA,NA,2,3,"W",20,NA,NA,NA,"1",1,3,1,3,NA,0,0,NA,NA,"P702",380,NA,4.5,NA,"IFN2",25,463,21,19920224,1992,11,"IFN",0,0,0
"80",80,19785,"9_1448",137055,21,195539.625,969.076764603985,21,43,NA,195539.625,34894.5,NA,969.076764603985,381.971863420549,NA,19136.7903573695,8507.71590239009,23.0434125,1351.04862802453,0,636.619772367581,477.464829275686,222.816920328653,14.1471060526129,0,0,0,0,14.1643979057592,6.29712041884817,14.7364530921867,8.5,1775,9,1448,NA,920224,2,28,6,2,2,"S",920304,2,239,1,"0239K07",472,4678,91,463,6,6,3,3,11,11,2,3,9,1,50,60,21,0,8,2,3,NA,43,NA,2,NA,2,NA,NA,NA,NA,NA,NA,21,1,2,25,43,3,6,NA,NA,NA,NA,NA,21,43,NA,NA,NA,NA,NA,2,3,"W",20,NA,NA,NA,"1",1,3,1,3,NA,0,0,NA,"P704","P203",92,NA,3.75,NA,"IFN2",25,463,21,19920224,1992,11,"IFN",0,0,0
"81",81,19797,"9_1458",137072,21,19489,254.647908947033,21,NA,NA,19489,NA,NA,254.647908947033,NA,NA,2508.28190312827,891.267681314614,1.9489,254.647908947033,0,254.647908947033,0,0,0,0,0,0,0,9.85,3.5,9.87142340293435,3.5,1785,9,1458,NA,920224,2,2,2,1,1,"S",920304,2,239,1,"0239L06",468,4677,91,177,3,3,0,0,15,15,1,2,9,1,45,45,21,0,0,1,2,NA,NA,NA,NA,NA,NA,NA,NA,NA,NA,NA,NA,21,1,2,20,NA,NA,NA,NA,NA,NA,NA,NA,21,NA,NA,NA,NA,NA,NA,2,1,"W",11,NA,NA,NA,"1",1,1,NA,2,NA,0,0,NA,NA,"M702",350,NA,1.25,NA,"IFN2",20,177,21,19920224,1992,11,"IFN",0,0,0
"82",82,19798,"9_1459",137073,21,142048.125,969.076764603985,21,NA,NA,142048.125,NA,NA,969.076764603985,NA,NA,12552.0198451808,6017.82523713022,14.2048125,969.076764603985,0,541.126806512444,286.478897565412,127.323954473516,14.1471060526129,0,0,0,0,12.9525547445255,6.20985401459854,13.6613532635936,8.29032258064516,1786,9,1459,NA,920224,2,19,5,2,2,"S",920304,2,239,1,"0239L06",469,4677,91,177,3,3,0,0,15,15,3,4,9,1,40,75,21,0,9,1,3,NA,25,NA,1,NA,1,NA,NA,NA,NA,NA,NA,21,1,2,22,25,1,2,15,NA,NA,NA,NA,21,25,57,NA,NA,NA,NA,2,3,"W",20,NA,NA,NA,"1",1,2,NA,2,NA,0,0,NA,NA,"01",0,NA,5.25,NA,"IFN2",22,177,21,19920224,1992,11,"IFN",0,0,0
"83",83,19800,"9_1473",137091,21,245490.895833333,972.613541117138,21,NA,NA,245490.895833333,NA,NA,972.613541117138,NA,NA,16750.7040827707,7720.7831282135,24.5490895833333,972.613541117138,0,254.647908947033,190.985931710274,413.802852038928,113.176848420903,0,0,0,0,17.2223636363636,7.93818181818182,17.9267927973745,9.4375,1800,9,1473,NA,920224,2,29,5,2,1,"S",920305,4,239,1,"0239L05",466,4676,91,177,3,3,0,0,14,14,3,4,9,1,20,80,21,0,0,2,3,NA,NA,NA,NA,NA,NA,NA,NA,NA,NA,NA,NA,21,1,1,32,NA,NA,NA,NA,NA,NA,NA,NA,21,15,NA,NA,NA,NA,NA,2,3,"W",20,NA,NA,NA,"1",1,1,NA,0,NA,0,0,NA,NA,"M913",150,NA,6,NA,"IFN2",32,177,21,19920224,1992,11,"IFN",0,0,0
"84",84,19801,"9_1474",137092,21,316273.229166667,1467.76225295859,21,NA,NA,316273.229166667,NA,NA,1467.76225295859,NA,NA,23572.0849436893,13512.2546685019,31.6273229166667,1467.76225295859,0,381.971863420549,572.957795130823,413.802852038928,99.0297423682904,0,0,0,0,16.0598795180723,9.20602409638554,16.5637405195807,10.8243243243243,1801,9,1474,NA,920224,2,41,4,1,1,"S",920305,4,239,1,"0239L05",467,4676,91,177,3,3,0,0,14,14,2,3,9,1,20,90,21,0,0,1,3,NA,NA,NA,NA,NA,NA,NA,NA,NA,NA,NA,NA,21,1,2,23,NA,NA,NA,NA,NA,NA,NA,NA,21,15,NA,NA,NA,NA,NA,3,2,"W",20,NA,NA,NA,"1",1,1,NA,2,NA,0,0,NA,NA,"01",140,NA,3.75,NA,"IFN2",23,177,21,19920224,1992,11,"IFN",0,0,0
"85",85,19802,"9_1475",137093,21,62153.5,891.267681314614,21,NA,NA,62153.5,NA,NA,891.267681314614,NA,NA,8377.91620435737,4138.02852038928,6.21535,891.267681314614,0,891.267681314614,0,0,0,0,0,0,0,9.4,4.64285714285714,9.42288248285599,4.5,1802,9,1475,NA,920224,2,7,4,2,1,"S",920305,4,239,1,"0239L06",468,4676,91,177,3,3,0,0,14,14,4,3,9,1,65,60,21,0,8,1,2,NA,43,NA,2,NA,1,NA,NA,NA,NA,NA,NA,21,1,2,20,43,3,6,NA,NA,NA,NA,NA,21,43,NA,NA,NA,NA,NA,2,1,"W",20,NA,NA,NA,"1",1,3,NA,2,NA,0,0,NA,NA,"M203",40,NA,4,NA,"IFN2",20,177,21,19920224,1992,11,"IFN",0,0,0
"86",86,19803,"9_1476",137094,21,78397.0625,700.281749604339,21,NA,NA,78397.0625,NA,NA,700.281749604339,NA,NA,8296.7471833805,3517.32424233089,7.83970625,700.281749604339,0,413.802852038928,286.478897565412,0,0,0,0,0,0,11.8477272727273,5.02272727272727,11.9390164434246,5.5,1803,9,1476,NA,920224,2,13,4,1,2,"S",920305,4,239,1,"0239L06",469,4676,91,177,3,3,0,0,14,14,3,3,9,1,70,70,21,0,0,1,2,NA,NA,NA,NA,NA,NA,NA,NA,NA,NA,NA,NA,21,1,2,20,NA,NA,NA,NA,NA,NA,NA,NA,21,43,NA,NA,NA,NA,NA,2,1,"W",20,NA,NA,NA,"1",1,1,NA,2,NA,0,0,NA,NA,"01",220,NA,2.75,NA,"IFN2",20,177,21,19920224,1992,11,"IFN",0,0,0
"87",87,19804,"9_1477",137095,21,81945.6875,827.605704077856,21,43,NA,81945.6875,17378.75,NA,827.605704077856,190.985931710274,NA,11199.7333453767,4822.39477568443,9.93244375,1018.59163578813,0,795.774715459477,222.816920328653,0,0,0,0,0,0,10.9953125,4.734375,11.1425107976165,4.75,1804,9,1477,NA,920224,2,14,4,2,2,"S",920305,4,239,1,"0239L06",470,4676,91,177,3,3,0,0,13,13,4,4,9,1,60,60,21,0,6,2,2,NA,43,NA,4,NA,2,NA,NA,NA,NA,NA,NA,21,1,2,20,43,3,6,NA,NA,NA,NA,NA,21,43,NA,NA,NA,NA,NA,2,1,"W",20,NA,NA,NA,"1",1,2,NA,2,NA,0,0,NA,NA,"M203",0,NA,5.75,NA,"IFN2",20,177,21,19920224,1992,11,"IFN",0,0,0
"88",88,19810,"9_1488",137111,21,476057.569444444,2656.11916137808,21,43,NA,476057.569444444,6400,NA,2656.11916137808,127.323954473516,NA,39966.6356315854,28163.7050518905,48.2457569444444,2783.44311585159,0,1145.91559026165,1018.59163578813,604.788783749202,14.1471060526129,0,0,0,0,14.3587039390089,10.1182973316391,14.8557111491982,11.1451612903226,1815,9,1488,NA,920225,0,61,6,4,1,"S",920305,4,239,1,"0239L05",467,4675,91,177,3,3,0,0,13,13,4,5,9,1,70,90,21,0,6,2,3,NA,43,NA,2,NA,2,NA,NA,NA,NA,NA,NA,21,1,2,31,43,3,6,NA,NA,NA,NA,NA,21,43,71,95,15,65,NA,3,3,"W",20,NA,NA,NA,"1",1,3,NA,0,NA,0,0,NA,"P413","G204",210,NA,7.5,NA,"IFN2",31,177,21,19920225,1992,11,"IFN",0,0,0
"89",89,19814,"9_1489",137113,21,265505.652777778,763.943726841098,21,NA,NA,265505.652777778,NA,NA,763.943726841098,NA,NA,15502.0451348019,6903.7877536751,26.5505652777778,763.943726841098,0,0,318.309886183791,190.985931710274,169.765272631355,70.7355302630646,14.1471060526129,0,0,20.2921296296296,9.03703703703704,21.0359079028288,11.75,1816,9,1489,NA,920225,0,34,6,0,0,"S",920305,4,239,1,"0239L06",468,4675,91,177,3,3,0,0,13,13,2,3,9,1,60,80,21,0,0,2,4,NA,NA,NA,NA,NA,NA,NA,NA,NA,NA,NA,NA,21,1,2,30,NA,NA,NA,NA,NA,NA,NA,NA,21,NA,NA,NA,NA,NA,NA,3,2,"W",20,NA,NA,NA,"1",1,1,NA,0,NA,0,0,NA,"G713","G413",100,NA,2.5,NA,"IFN2",30,177,21,19920225,1992,11,"IFN",0,0,0
"90",90,19815,"9_1490",137117,21,163983.652777778,1365.19573407715,21,NA,NA,163983.652777778,NA,NA,1365.19573407715,NA,NA,16151.7509802682,7321.12738222719,16.3983652777778,1365.19573407715,0,923.098669932993,318.309886183791,95.4929658551372,28.2942121052258,0,0,0,0,11.8310880829016,5.36269430051814,12.3668153443665,6.94285714285714,1817,9,1490,NA,920225,0,23,4,1,1,"S",920305,4,239,1,"0239L06",469,4675,91,177,3,3,0,0,13,13,3,3,9,1,60,75,21,0,0,1,3,NA,NA,NA,NA,NA,NA,NA,NA,NA,NA,NA,NA,21,1,2,20,NA,NA,NA,NA,NA,NA,NA,NA,21,NA,NA,NA,NA,NA,NA,2,1,"W",20,NA,NA,NA,"1",1,1,NA,2,NA,0,0,NA,NA,"M203",300,NA,2.5,NA,"IFN2",20,177,21,19920225,1992,11,"IFN",0,0,0
"91",91,19816,"9_1491",137118,21,18595.25,95.4929658551372,21,NA,NA,18595.25,NA,NA,95.4929658551372,NA,NA,1492.87336620198,493.380323584876,1.859525,95.4929658551372,0,0,63.6619772367581,31.8309886183791,0,0,0,0,0,15.6333333333333,5.16666666666667,15.7460047842831,5.16666666666667,1818,9,1491,NA,920225,0,3,3,1,3,"S",920305,4,239,1,"0239L06",470,4675,91,177,3,3,0,0,14,14,2,5,9,1,50,50,21,0,9,1,3,NA,NA,NA,NA,NA,NA,NA,NA,NA,NA,NA,NA,21,1,2,23,NA,NA,NA,NA,NA,NA,NA,NA,21,71,78,43,NA,NA,NA,3,3,"W",20,NA,NA,NA,"1",1,3,NA,2,NA,0,0,NA,NA,"01",65,NA,7.5,NA,"IFN2",23,177,21,19920225,1992,11,"IFN",0,0,0
"92",92,19828,"9_1507",137141,21,333802.277777778,1287.38665078778,21,71,NA,333802.277777778,25728.16,NA,1287.38665078778,5.09295817894065,NA,23137.9031853816,16216.6154615194,35.9530437777778,1292.47960896672,0,286.478897565412,254.647908947033,604.788783749202,141.471060526129,0,0,0,5.09295817894065,17.9019483362522,12.5469023642732,18.8196282772501,13.8804347826087,1834,9,1507,NA,920225,0,41,5,1,0,"S",920305,2,239,1,"0239L06",470,4674,91,344,3,3,0,0,15,15,3,5,9,1,70,90,21,0,7,2,3,NA,71,NA,3,NA,4,NA,NA,NA,NA,NA,NA,21,1,2,37,71,3,6,NA,NA,NA,NA,NA,21,71,NA,NA,NA,NA,NA,2,4,"W",20,NA,NA,NA,"1",1,2,NA,0,NA,0,0,NA,NA,"G413",375,NA,8,NA,"IFN2",37,344,21,19920225,1992,11,"IFN",0,0,0
"93",93,19832,"9_1508",137143,21,258664.569444444,1064.56973045912,21,NA,NA,258664.569444444,NA,NA,1064.56973045912,NA,NA,18525.9890535479,7800.36059975945,25.8664569444444,1064.56973045912,0,0,477.464829275686,572.957795130823,14.1471060526129,0,0,0,0,17.4023255813953,7.32724252491694,17.588810717569,6.83870967741935,1835,9,1508,NA,920225,0,34,6,2,0,"S",920305,2,239,1,"0239L07",471,4674,91,266,3,3,3,3,15,15,4,4,9,1,70,80,21,0,9,3,3,NA,NA,NA,NA,NA,NA,NA,NA,NA,NA,NA,NA,21,1,2,28,NA,NA,NA,NA,NA,NA,NA,NA,21,71,43,NA,NA,NA,NA,2,2,"W",20,NA,NA,NA,"1",1,2,NA,0,NA,0,0,NA,"G413","G713",350,NA,5,NA,"IFN2",28,266,21,19920225,1992,11,"IFN",0,0,0
"94",94,19833,"9_1509",137144,21,193575.486111111,873.583798748848,21,NA,NA,193575.486111111,NA,NA,873.583798748848,NA,NA,14519.8822970993,6928.54518926718,19.3575486111111,873.583798748848,0,0,668.45076098596,190.985931710274,14.1471060526129,0,0,0,0,16.6210526315789,7.93117408906883,16.7968542215765,8.46774193548387,1836,9,1509,NA,920225,0,28,6,2,1,"S",920305,2,239,1,"0239L07",472,4674,91,266,3,3,3,3,14,14,3,3,9,1,65,90,21,0,7,1,3,NA,43,NA,2,NA,3,NA,71,NA,1,NA,2,21,1,2,26,43,3,6,NA,71,3,6,NA,21,43,71,NA,NA,NA,NA,2,3,"W",20,NA,NA,NA,"1",1,3,NA,0,NA,0,0,NA,NA,"P713",170,NA,3,NA,"IFN2",26,266,21,19920225,1992,11,"IFN",0,0,0
"95",95,19834,"9_1524",137174,21,150873.708333333,459.78094670992,21,NA,NA,150873.708333333,NA,NA,459.78094670992,NA,NA,9315.16198034298,4390.90804107974,15.0873708333333,459.78094670992,0,0,63.6619772367581,254.647908947033,127.323954473516,14.1471060526129,0,0,0,20.26,9.55,20.4402572240326,10.0625,1851,9,1524,NA,920225,0,20,4,1,2,"S",920305,2,239,1,"0239L10",480,4673,91,266,2,2,3,3,14,14,3,4,9,1,75,75,21,0,0,1,3,NA,NA,NA,NA,NA,NA,NA,NA,NA,NA,NA,NA,21,1,2,30,NA,NA,NA,NA,NA,NA,NA,NA,21,43,NA,NA,NA,NA,NA,2,2,"W",19,NA,NA,NA,"1",1,1,NA,0,NA,0,0,NA,NA,"M202",0,NA,4.5,NA,"IFN2",30,266,21,19920225,1992,11,"IFN",0,0,0
"96",96,19835,"9_1525",137175,21,295989.388888889,1145.91559026165,21,NA,NA,295989.388888889,NA,NA,1145.91559026165,NA,NA,20191.1034359405,13766.9025774489,29.5989388888889,1145.91559026165,0,127.323954473516,350.14087480217,541.126806512444,113.176848420903,14.1471060526129,0,0,0,17.6200617283951,12.0138888888889,18.1349689485654,12.8125,1852,9,1525,NA,920225,0,38,5,0,1,"S",920305,2,239,1,"0239L10",481,4673,91,318,3,3,3,3,15,15,4,5,9,1,80,80,21,0,0,1,4,NA,NA,NA,NA,NA,NA,NA,NA,NA,NA,NA,NA,21,1,2,34,NA,NA,NA,NA,NA,NA,NA,NA,21,NA,NA,NA,NA,NA,NA,2,3,"W",20,NA,NA,NA,"1",1,1,NA,0,NA,0,0,NA,NA,"P902",325,NA,8.5,NA,"IFN2",34,318,21,19920225,1992,11,"IFN",0,0,0
"97",97,19836,"9_1543",137204,21,222091.1875,2878.93608170673,21,NA,NA,222091.1875,NA,NA,2878.93608170673,NA,NA,28024.5328960979,16410.643021031,22.20911875,2878.93608170673,0,2673.80304394384,190.985931710274,0,14.1471060526129,0,0,0,0,9.73433660933661,5.7002457002457,9.91070869342333,7.12903225806452,1870,9,1543,NA,920225,2,28,4,1,1,"S",920226,2,239,1,"0239M09",477,4671,91,266,3,3,3,3,16,16,4,4,9,1,80,90,21,0,0,1,3,NA,NA,NA,NA,NA,NA,NA,NA,NA,NA,NA,NA,21,1,2,30,NA,NA,NA,NA,NA,NA,NA,NA,21,NA,NA,NA,NA,NA,NA,2,2,"W",20,NA,NA,NA,"1",1,1,NA,0,NA,0,0,NA,NA,"01",360,NA,4.25,NA,"IFN2",30,266,21,19920225,1992,11,"IFN",0,0,0
"98",98,19841,"9_1549",137212,21,28493.9513888889,74.2723067762178,21,NA,NA,28493.9513888889,NA,NA,74.2723067762178,NA,NA,1622.14254775773,539.358418255867,2.84939513888889,74.2723067762178,0,0,0,31.8309886183791,42.4413181578388,0,0,0,0,21.8404761904762,7.26190476190476,22.1013062531435,7.26190476190476,1876,9,1549,NA,920225,2,4,4,4,2,"S",920226,2,239,1,"0239M04",463,4670,91,476,2,2,0,0,12,12,3,4,9,1,50,40,21,0,9,1,4,NA,NA,NA,NA,NA,NA,NA,NA,NA,NA,NA,NA,21,1,1,29,NA,NA,NA,NA,NA,NA,NA,NA,21,43,15,95,NA,NA,NA,2,3,"W",20,NA,NA,NA,"1",1,2,NA,0,NA,0,0,NA,NA,"M402",100,NA,6,NA,"IFN2",29,476,21,19920225,1992,11,"IFN",0,0,0
"99",99,19844,"9_1568",137239,21,28437.5,381.971863420549,21,NA,NA,28437.5,NA,NA,381.971863420549,NA,NA,3679.66228428462,1973.5212943395,2.84375,381.971863420549,0,381.971863420549,0,0,0,0,0,0,0,9.63333333333333,5.16666666666667,9.73610120462327,6,1895,9,1568,NA,920225,2,3,3,1,2,"S",920226,2,239,1,"0239M09",476,4669,91,340,3,3,0,0,15,15,4,5,9,1,35,35,21,0,9,1,2,NA,57,NA,1,NA,2,NA,NA,NA,NA,NA,NA,21,1,2,20,57,3,6,NA,NA,NA,NA,NA,21,57,NA,NA,NA,NA,NA,3,1,"W",20,NA,NA,NA,"1",1,1,NA,0,NA,0,0,NA,NA,"01",180,NA,11,NA,"IFN2",20,340,21,19920225,1992,11,"IFN",0,0,0
"100",100,19846,"9_1577",137252,21,434689.611111111,926.635446446146,21,NA,NA,434689.611111111,NA,NA,926.635446446146,NA,NA,22404.0645002204,12732.3954473516,43.4689611111111,926.635446446146,0,0,31.8309886183791,286.478897565412,452.707393683613,127.323954473516,28.2942121052258,0,0,24.1778625954198,13.7404580152672,24.4393828709831,14.3125,1904,9,1577,NA,920225,2,53,4,2,1,"S",920226,2,240,1,"0240J02",485,4686,91,274,3,3,0,0,12,12,2,4,9,1,60,80,21,0,0,3,4,NA,NA,NA,NA,NA,NA,NA,NA,NA,NA,NA,NA,21,3,1,NA,NA,NA,NA,NA,NA,NA,NA,NA,21,44,15,37,78,NA,NA,2,1,"W",20,NA,NA,NA,"1",1,1,NA,0,NA,0,4,NA,NA,"01",220,NA,6.5,NA,"IFN2",39,274,21,19920225,1992,11,"IFN",0,0,0
"101",101,19847,"9_1580",137257,21,151901.75,1464.22547644544,21,NA,NA,151901.75,NA,NA,1464.22547644544,NA,NA,16491.6352031822,8339.71901801532,15.190175,1464.22547644544,0,1145.91559026165,318.309886183791,0,0,0,0,0,0,11.2630434782609,5.69565217391304,11.4929751701145,5.875,1907,9,1580,NA,920225,2,19,4,1,3,"S",920226,2,240,1,"0240J03",486,4685,91,433,3,3,3,3,12,12,2,3,9,1,60,50,21,0,0,3,3,NA,NA,NA,NA,NA,NA,NA,NA,NA,NA,NA,NA,21,1,2,18,NA,NA,NA,NA,NA,NA,NA,NA,21,44,NA,NA,NA,NA,NA,2,2,"W",20,NA,NA,NA,"1",1,1,NA,1,NA,0,0,NA,NA,"01",100,NA,3,NA,"IFN2",18,433,21,19920225,1992,11,"IFN",0,0,0
"102",102,19854,"9_1587",137265,21,24163.5,286.478897565412,21,78,NA,24163.5,4096,NA,286.478897565412,31.8309886183791,NA,3351.80310151532,1511.97195937301,2.82595,318.309886183791,0,254.647908947033,63.6619772367581,0,0,0,0,0,0,10.53,4.75,10.6319330321442,4.91666666666667,1914,9,1587,NA,920305,2,4,3,1,2,"S",920312,2,240,1,"0240J03",487,4683,91,274,3,3,3,3,12,12,4,5,9,1,60,60,21,0,9,3,2,NA,NA,NA,NA,NA,NA,NA,NA,NA,NA,NA,NA,21,1,2,15,NA,NA,NA,NA,NA,NA,NA,NA,21,78,15,NA,NA,NA,NA,2,3,"W",20,NA,NA,NA,"1",1,2,NA,1,NA,0,0,NA,NA,"01",195,NA,10.25,NA,"IFN2",15,274,21,19920305,1992,11,"IFN",0,0,0
"103",103,19866,"9_1589",137269,21,114106.798611111,417.339628552081,21,NA,NA,114106.798611111,NA,NA,417.339628552081,NA,NA,7445.44507666452,2992.11293012763,11.4106798611111,417.339628552081,0,127.323954473516,31.8309886183791,159.154943091895,99.0297423682904,0,0,0,0,17.8402542372881,7.16949152542373,18.6580394586537,8.75675675675676,1916,9,1589,NA,920305,2,14,4,1,2,"S",920312,2,240,1,"0240J05",491,4683,91,129,3,3,3,3,12,12,4,5,9,1,40,40,21,0,0,1,4,NA,NA,NA,NA,NA,NA,NA,NA,NA,NA,NA,NA,21,1,2,30,NA,NA,NA,NA,NA,NA,NA,NA,21,15,44,78,NA,NA,NA,2,2,"W",20,NA,NA,NA,"1",1,1,NA,0,NA,0,0,NA,NA,"P902",200,NA,9,NA,"IFN2",30,129,21,19920305,1992,11,"IFN",0,0,0
"104",104,19871,"9_1595",137281,21,381888.277777778,2114.99235486563,21,NA,NA,381888.277777778,NA,NA,2114.99235486563,NA,NA,31058.2029502551,13858.8587667909,38.1888277777778,2114.99235486563,0,636.619772367581,1082.25361302489,381.971863420549,14.1471060526129,0,0,0,0,14.6847826086957,6.55267558528428,15.1624304667445,7.37096774193548,1922,9,1595,NA,920306,0,52,6,1,2,"S",920312,2,240,1,"0240K05",491,4682,91,129,3,3,3,3,13,13,3,4,9,1,40,70,21,0,0,1,3,NA,NA,NA,NA,NA,NA,NA,NA,NA,NA,NA,NA,21,1,2,30,NA,NA,NA,NA,NA,NA,NA,NA,21,55,15,NA,NA,NA,NA,2,4,"W",20,NA,NA,NA,"1",1,1,NA,0,NA,0,0,NA,NA,"01",90,NA,4.25,NA,"IFN2",30,129,21,19920306,1992,11,"IFN",0,0,0
"105",105,19872,"9_1596",137282,21,218949.631944444,541.126806512444,21,25,NA,218949.631944444,58000.3472222222,NA,541.126806512444,166.228496118202,NA,15473.2204062197,7632.36371538467,27.6949979166667,707.355302630646,0,0,95.4929658551372,286.478897565412,268.795014999645,42.4413181578388,14.1471060526129,0,0,21.87475,10.79,22.3273366638298,11.375,1923,9,1596,NA,920306,0,35,6,1,3,"S",920312,2,240,1,"0240K05",492,4682,91,129,3,3,3,3,14,14,4,5,9,1,40,70,21,0,9,1,4,NA,25,NA,1,NA,4,NA,NA,NA,NA,NA,NA,21,1,2,37,25,1,2,35,NA,NA,NA,NA,21,25,71,78,95,NA,NA,2,3,"W",20,NA,NA,NA,"1",1,2,NA,0,NA,0,0,NA,NA,"01",320,NA,7.5,NA,"IFN2",37,129,21,19920306,1992,11,"IFN",0,0,0
"106",106,19874,"9_1602",137291,21,477204.6875,2832.95798703574,21,NA,NA,477204.6875,NA,NA,2832.95798703574,NA,NA,40251.8766573712,22520.4244475032,47.72046875,2832.95798703574,0,891.267681314614,1336.90152197192,604.788783749202,0,0,0,0,0,14.2084269662921,7.94943820224719,14.6449314390315,9.125,1929,9,1602,NA,920306,0,68,4,2,1,"S",920312,2,240,1,"0240K04",490,4681,91,129,3,3,3,3,14,14,4,5,9,1,30,90,21,0,0,1,3,NA,NA,NA,NA,NA,NA,NA,NA,NA,NA,NA,NA,21,1,2,25,NA,NA,NA,NA,NA,NA,NA,NA,21,71,15,NA,NA,NA,NA,2,4,"W",20,NA,NA,NA,"1",1,1,NA,0,NA,0,0,NA,NA,"01",290,NA,12,NA,"IFN2",25,129,21,19920306,1992,11,"IFN",0,0,0
"107",107,19877,"9_1608",137300,21,164575.5625,1687.04239677409,21,NA,NA,164575.5625,NA,NA,1687.04239677409,NA,NA,18670.4663741102,9979.01493186184,16.45755625,1687.04239677409,0,1400.56349920868,286.478897565412,0,0,0,0,0,0,11.0669811320755,5.91509433962264,11.1448630183647,6.375,1935,9,1608,NA,920306,4,20,4,4,2,"S",920312,2,240,1,"0240K03",488,4680,91,129,3,3,3,3,13,13,4,4,9,1,50,60,21,0,9,3,3,NA,NA,NA,NA,NA,NA,NA,NA,NA,NA,NA,NA,21,1,2,17,NA,NA,NA,NA,NA,NA,NA,NA,21,95,15,12,71,NA,NA,2,2,"W",20,NA,NA,NA,"1",1,2,NA,1,NA,0,0,NA,NA,"01",160,NA,4.5,NA,"IFN2",17,129,21,19920306,1992,11,"IFN",0,0,0
"108",108,19878,"9_1609",137301,21,345778.4375,1941.69030572112,21,NA,NA,345778.4375,NA,NA,1941.69030572112,NA,NA,28461.6784731236,13782.8180717581,34.57784375,1941.69030572112,0,541.126806512444,891.267681314614,509.295817894065,0,0,0,0,0,14.6581967213115,7.09836065573771,15.0578869372961,8,1936,9,1609,NA,920306,4,49,4,1,1,"S",920312,2,240,1,"0240K04",490,4680,91,129,3,3,3,3,16,16,4,5,9,1,30,80,21,0,0,1,3,NA,NA,NA,NA,NA,NA,NA,NA,NA,NA,NA,NA,21,1,2,32,NA,NA,NA,NA,NA,NA,NA,NA,21,78,NA,NA,NA,NA,NA,2,2,"W",20,NA,NA,NA,"1",1,1,NA,0,NA,0,0,NA,NA,"01",260,NA,8,NA,"IFN2",32,129,21,19920306,1992,11,"IFN",0,0,0
"109",109,19883,"9_1617",137321,21,386941.277777778,1566.79199532688,21,NA,NA,386941.277777778,NA,NA,1566.79199532688,NA,NA,26975.348143471,14912.8181677106,38.6941277777778,1566.79199532688,0,254.647908947033,541.126806512444,572.957795130823,169.765272631355,28.2942121052258,0,0,0,17.2169300225734,9.51805869074492,17.7325795989333,12.125,1944,9,1617,NA,920306,4,51,5,0,1,"S",920312,2,240,1,"0240K04",490,4679,91,129,3,3,3,3,13,13,4,5,9,1,30,85,21,0,0,1,4,NA,NA,NA,NA,NA,NA,NA,NA,NA,NA,NA,NA,21,1,2,28,NA,NA,NA,NA,NA,NA,NA,NA,21,78,NA,NA,NA,NA,NA,2,3,"W",20,NA,NA,NA,"1",1,1,NA,0,NA,0,0,NA,NA,"P714",30,NA,7.5,NA,"IFN2",28,129,21,19920306,1992,11,"IFN",0,0,0
"110",110,19884,"9_1620",137328,21,27101.3125,413.802852038928,21,NA,NA,27101.3125,NA,NA,413.802852038928,NA,NA,3735.36651436678,1591.54943091895,2.71013125,413.802852038928,0,381.971863420549,31.8309886183791,0,0,0,0,0,0,9.02692307692308,3.84615384615385,9.13173881832775,4.4,1947,9,1620,NA,920306,4,4,4,1,3,"S",920312,2,240,1,"0240K02",485,4678,91,346,3,3,3,3,16,16,4,5,9,1,60,30,21,0,0,3,2,NA,NA,NA,NA,NA,NA,NA,NA,NA,NA,NA,NA,21,1,2,15,NA,NA,NA,NA,NA,NA,NA,NA,21,78,71,57,NA,NA,NA,2,4,"W",20,NA,NA,NA,"1",1,1,NA,0,NA,0,0,NA,NA,"01",340,NA,10,NA,"IFN2",15,346,21,19920306,1992,11,"IFN",0,0,0
"111",111,19885,"9_1626",137336,21,364665.944444444,2351.9563812469,21,NA,NA,364665.944444444,NA,NA,2351.9563812469,NA,NA,31879.088778958,16242.6461366562,36.4665944444444,2351.9563812469,0,1273.23954473516,668.45076098596,381.971863420549,28.2942121052258,0,0,0,0,13.5542857142857,6.90601503759398,14.0503787442596,8.94285714285714,1953,9,1626,NA,920306,4,45,5,1,1,"S",920313,0,240,1,"0240K05",492,4678,91,129,3,3,3,3,16,16,4,5,9,1,30,70,21,0,0,1,3,NA,NA,NA,NA,NA,NA,NA,NA,NA,NA,NA,NA,21,1,2,26,NA,NA,NA,NA,NA,NA,NA,NA,21,NA,NA,NA,NA,NA,NA,2,4,"W",20,NA,NA,NA,"1",1,1,NA,0,NA,0,0,NA,NA,"01",270,NA,11.5,NA,"IFN2",26,129,21,19920306,1992,11,"IFN",0,0,0
"112",112,19893,"9_1688",137425,21,38318.375,190.985931710274,21,43,NA,38318.375,5700.25,NA,190.985931710274,127.323954473516,NA,3978.87357729738,1559.71844230057,4.4018625,318.309886183791,0,127.323954473516,127.323954473516,63.6619772367581,0,0,0,0,0,12.5,4.9,13.269306688746,6,2013,9,1688,NA,920306,2,7,4,2,4,"S",920313,4,276,2,"0276J11",453,4666,91,119,3,3,0,0,11,11,3,4,9,1,20,40,21,0,7,2,3,NA,43,NA,2,NA,2,NA,NA,NA,NA,NA,NA,21,3,1,NA,43,3,6,NA,NA,NA,NA,NA,21,43,45,37,NA,NA,NA,3,3,"W",20,NA,NA,NA,"1",1,2,NA,0,NA,0,0,NA,NA,"01",205,NA,4.25,NA,"IFN2",24,119,21,19920306,1992,11,"IFN",0,0,0
"113",113,19901,"9_1735",137509,21,40499.625,445.633840657307,21,NA,NA,40499.625,NA,NA,445.633840657307,NA,NA,4746.00040300032,1734.78887970166,4.0499625,445.633840657307,0,381.971863420549,63.6619772367581,0,0,0,0,0,0,10.65,3.89285714285714,10.7570076827022,4.08333333333333,2060,9,1735,NA,920306,2,5,4,1,3,"S",920313,2,276,2,"0276M07",440,4652,91,194,6,6,0,0,8,8,3,3,9,1,20,30,21,0,0,1,3,25,NA,2,NA,1,NA,NA,NA,NA,NA,NA,NA,21,1,2,20,NA,NA,NA,NA,NA,NA,NA,NA,21,NA,NA,NA,NA,NA,NA,2,2,"W",18,NA,NA,NA,"1",1,1,NA,1,NA,4,0,NA,NA,"M204",230,NA,2.5,NA,"IFN2",20,194,21,19920306,1992,11,"IFN",0,0,0
"114",114,19925,"9_1810",137637,21,101628.368055556,339.53054526271,21,NA,NA,101628.368055556,NA,NA,339.53054526271,NA,NA,6493.69851697499,2760.4540685161,10.1628368055556,339.53054526271,0,0,190.985931710274,63.6619772367581,70.7355302630646,14.1471060526129,0,0,0,19.1255208333333,8.13020833333333,19.5219461173402,8.78787878787879,2135,9,1810,NA,920309,4,14,5,3,2,"S",920316,4,277,2,"0277L12",482,4657,91,330,6,6,0,0,11,11,4,4,9,1,60,45,21,0,9,3,3,NA,NA,NA,NA,NA,NA,NA,NA,NA,NA,NA,NA,21,1,2,19,NA,NA,NA,NA,NA,NA,NA,NA,21,15,95,37,65,43,NA,3,2,"W",19,NA,NA,NA,"1",1,2,NA,9,4,1,0,NA,NA,"P413",81,NA,4.25,NA,"IFN2",19,330,21,19920309,1992,11,"IFN",0,0,0
"115",115,19933,"9_1884",137763,21,138961.256944444,498.685488354605,21,65,NA,138961.256944444,90648.9236111111,NA,498.685488354605,873.583798748848,NA,18920.6933124158,8116.90209768666,22.9610180555556,1372.26928710345,0,763.943726841098,318.309886183791,190.985931710274,70.7355302630646,28.2942121052258,0,0,0,13.7878865979381,5.91494845360825,14.5959026343471,10.5810810810811,2207,9,1884,NA,920309,2,29,6,3,3,"S",920316,2,278,2,"0278K02",487,4661,91,414,2,2,3,3,12,12,4,4,9,1,90,80,21,0,6,4,3,NA,65,NA,3,NA,3,NA,37,NA,1,NA,2,21,1,2,30,65,3,6,NA,37,3,6,NA,21,65,37,71,95,NA,NA,2,1,"W",16,NA,NA,NA,"1",1,3,NA,0,NA,0,0,NA,NA,"01",340,NA,6.75,NA,"IFN2",30,414,21,19920309,1992,11,"IFN",0,0,0
"116",116,19939,"9_1959",137869,21,112992.333333333,519.906147433525,21,NA,NA,112992.333333333,NA,NA,519.906147433525,NA,NA,8561.12122773871,4286.57313394171,11.2992333333333,519.906147433525,0,0,445.633840657307,31.8309886183791,42.4413181578388,0,0,0,0,16.4666666666667,8.24489795918367,16.6347803822998,7.85,2278,9,1959,NA,920310,2,18,6,3,2,"S",920317,2,278,2,"0278M03",489,4654,91,154,3,3,3,3,14,14,2,3,9,1,30,60,21,0,0,2,3,NA,NA,NA,NA,NA,NA,NA,NA,NA,NA,NA,NA,21,2,1,25,NA,NA,NA,NA,NA,NA,NA,NA,21,42,37,NA,NA,NA,NA,1,3,"W",20,NA,NA,NA,"1",1,1,NA,0,NA,0,0,NA,"G203","P202",360,NA,3.75,NA,"IFN2",25,154,21,19920310,1992,11,"IFN",0,0,0
"117",117,19965,"9_218",138201,21,263179.361111111,1407.63705223499,21,NA,NA,263179.361111111,NA,NA,1407.63705223499,NA,NA,21010.2208763868,8345.02418278505,26.3179361111111,1407.63705223499,0,381.971863420549,668.45076098596,286.478897565412,70.7355302630646,0,0,0,0,14.9258793969849,5.928391959799,15.4289235987831,7.96551724137931,200,9,218,NA,920130,2,38,5,2,1,"S",920203,1,85,1,"0085L06",470,4769,91,189,3,3,0,0,8,8,2,2,9,1,70,90,21,0,0,2,3,NA,NA,NA,NA,NA,NA,NA,NA,NA,NA,NA,NA,21,1,2,33,NA,NA,NA,NA,NA,NA,NA,NA,21,15,45,65,41,NA,NA,2,3,"W",20,NA,NA,NA,"1",1,1,NA,0,NA,4,0,NA,NA,"P402",260,NA,1.75,NA,"IFN2",33,189,21,19920130,1992,11,"IFN",0,0,0
"118",118,19972,"9_2332",138463,21,499697.298611111,3087.60589598277,21,NA,NA,499697.298611111,NA,NA,3087.60589598277,NA,NA,42307.4511668159,35825.7776899856,49.9697298611111,3087.60589598277,0,1273.23954473516,1273.23954473516,413.802852038928,127.323954473516,0,0,0,0,13.7023482245132,11.6030927835052,14.3548159756684,13.9375,1036,9,2332,NA,920309,3,72,6,1,0,"S",920324,3,316,2,"0316J05",492,4647,91,246,6,6,3,3,10,10,2,1,9,1,40,90,21,0,0,3,3,NA,NA,NA,NA,NA,NA,NA,NA,NA,NA,NA,NA,21,2,1,35,NA,NA,NA,NA,NA,NA,NA,NA,21,NA,NA,NA,NA,NA,NA,2,2,"W",20,NA,NA,NA,"1",1,1,NA,0,NA,0,4,NA,NA,"01",160,NA,0.5,NA,"IFN2",35,246,21,19920309,1992,11,"IFN",0,0,0
"119",119,19973,"9_2337",138469,21,471018.847222222,2921.37739986457,21,NA,NA,471018.847222222,NA,NA,2921.37739986457,NA,NA,39397.9219682704,35489.7839212361,47.1018847222222,2921.37739986457,0,1527.8874536822,827.605704077856,381.971863420549,169.765272631355,14.1471060526129,0,0,0,13.4860774818402,12.1483050847458,14.3278283298241,13.5,1041,9,2337,NA,920310,1,63,4,2,0,"S",920324,3,316,2,"0316J07",498,4647,91,289,2,2,3,3,11,11,2,2,9,1,70,99,21,0,9,3,3,NA,43,NA,1,NA,1,NA,NA,NA,NA,NA,NA,21,2,1,31,43,3,6,NA,NA,NA,NA,NA,21,43,NA,NA,NA,NA,NA,2,2,"W",20,NA,NA,NA,"1",1,3,NA,3,NA,0,0,NA,NA,"01",207,NA,1,NA,"IFN2",31,289,21,19920310,1992,11,"IFN",0,0,0
"120",120,19974,"9_2346",138479,21,262058.151111111,316.329291336425,21,NA,NA,262058.151111111,NA,NA,316.329291336425,NA,NA,10168.0344158308,6080.42618141303,26.2058151111111,316.329291336425,0,0,0,0,42.4413181578388,127.323954473516,141.471060526129,0,5.09295817894065,32.1438282647585,19.221824686941,32.4776196506966,19.1983695652174,1048,9,2346,NA,920310,1,23,5,1,1,"S",920324,3,316,2,"0316J07",498,4646,91,289,2,2,3,3,10,10,1,1,9,1,30,80,21,0,8,2,4,NA,43,NA,2,NA,2,NA,NA,NA,NA,NA,NA,21,3,1,NA,43,3,6,NA,NA,NA,NA,NA,21,43,NA,NA,NA,NA,NA,2,1,"W",20,NA,NA,NA,"1",1,3,NA,0,NA,0,4,NA,NA,"01",129,NA,0.5,NA,"IFN2",14,289,21,19920310,1992,11,"IFN",0,0,0
"121",121,19975,"9_2351",138485,21,144583.5625,834.679257104162,21,NA,NA,144583.5625,NA,NA,834.679257104162,NA,NA,11638.647310659,5849.82835275544,14.45835625,834.679257104162,0,381.971863420549,318.309886183791,63.6619772367581,56.5884242104517,0,14.1471060526129,0,0,13.9438559322034,7.00847457627119,14.8509661986653,8.93103448275862,1053,9,2351,NA,920310,1,20,4,2,1,"S",920325,3,316,2,"0316K08",498,4645,91,289,2,2,3,3,10,10,1,1,9,1,60,80,21,0,9,3,3,NA,43,NA,1,NA,3,NA,NA,NA,NA,NA,NA,21,2,1,21,43,3,6,NA,NA,NA,NA,NA,21,43,NA,NA,NA,NA,NA,1,2,"W",20,NA,NA,NA,"1",1,3,NA,0,NA,0,0,NA,NA,"01",316,NA,0.5,NA,"IFN2",21,289,21,19920310,1992,11,"IFN",0,0,0
"122",122,19977,"9_2413",138593,21,217453.6275,680.617272191208,21,NA,NA,217453.6275,NA,NA,680.617272191208,NA,NA,12882.4042863805,9152.89467391951,21.74536275,680.617272191208,0,127.323954473516,95.4929658551372,254.647908947033,169.765272631355,0,28.2942121052258,0,5.09295817894065,18.9275306589067,13.4479318229058,20.1691179003443,16.4375,1114,9,2413,NA,920310,3,27,5,2,1,"S",920327,3,316,1,"0316L07",496,4640,91,67,2,2,3,3,12,12,3,3,9,1,90,60,21,0,0,4,4,NA,NA,NA,NA,NA,NA,NA,NA,NA,NA,NA,NA,21,1,1,61,NA,NA,NA,NA,NA,NA,NA,NA,21,26,43,NA,NA,NA,NA,1,3,"W",20,NA,NA,NA,"1",1,1,NA,0,NA,0,4,NA,NA,"01",200,NA,2.75,NA,"IFN2",61,67,21,19920310,1992,11,"IFN",0,0,0
"123",123,19982,"9_245",138661,21,31591.625,77.809083289371,21,NA,NA,31591.625,NA,NA,77.809083289371,NA,NA,1766.61986832004,450.939005427037,3.1591625,77.809083289371,0,0,0,63.6619772367581,14.1471060526129,0,0,0,0,22.7045454545455,5.79545454545455,22.7366194416928,5.79545454545455,227,9,245,NA,920130,2,3,3,2,2,"S",920203,3,85,1,"0085L08",475,4766,91,186,3,3,0,0,8,8,4,4,9,1,80,50,21,0,9,2,3,NA,NA,NA,NA,NA,NA,NA,NA,NA,NA,NA,NA,21,1,1,31,NA,NA,NA,NA,NA,NA,NA,NA,21,44,43,37,15,NA,NA,2,3,"W",20,NA,NA,NA,"1",1,2,NA,0,NA,0,0,NA,NA,"P204",211,NA,5.5,NA,"IFN2",31,186,21,19920130,1992,11,"IFN",0,0,0
"124",124,19984,"9_246",138681,21,133600.104166667,806.385044998936,21,NA,NA,133600.104166667,NA,NA,806.385044998936,NA,NA,11252.4313154227,4520.00038380983,13.3600104166667,806.385044998936,0,509.295817894065,159.154943091895,95.4929658551372,42.4413181578388,0,0,0,0,13.9541666666667,5.60526315789474,14.5240329418084,5.7,228,9,246,NA,920130,2,15,6,2,1,"S",920203,3,85,1,"0085L09",476,4766,91,186,3,3,0,0,8,8,2,2,9,1,80,50,21,0,0,2,3,NA,NA,NA,NA,NA,NA,NA,NA,NA,NA,NA,NA,21,1,1,35,NA,NA,NA,NA,NA,NA,NA,NA,21,95,15,37,NA,NA,NA,3,3,"W",20,NA,NA,NA,"1",1,1,NA,0,NA,0,0,NA,NA,"01",172,NA,2,NA,"IFN2",35,186,21,19920130,1992,11,"IFN",0,0,0
"125",125,20023,"9_305",139159,21,188757.5,548.200359538751,21,NA,NA,188757.5,NA,NA,548.200359538751,NA,NA,11226.7896857023,5119.4840027893,18.87575,548.200359538751,0,0,159.154943091895,190.985931710274,155.618166578742,42.4413181578388,0,0,0,20.4793548387097,9.33870967741935,20.938111570269,12.0625,280,9,305,NA,920211,1,25,4,1,3,"S",920219,3,108,1,"0108K09",420,4754,91,12,3,3,0,0,10,10,2,3,9,1,0,60,21,0,9,2,3,NA,NA,NA,NA,NA,NA,NA,NA,NA,NA,NA,NA,21,1,2,29,NA,NA,NA,NA,NA,NA,NA,NA,21,15,42,NA,NA,NA,NA,1,2,"W",7,NA,NA,NA,"1",1,2,NA,0,NA,0,0,NA,NA,"P312",33,NA,4,NA,"IFN2",29,12,21,19920211,1992,11,"IFN",0,0,0
"126",126,20024,"9_355",139255,21,97142.9375,732.112738222719,21,25,NA,97142.9375,26512.8125,NA,732.112738222719,286.478897565412,NA,12321.7756941745,4631.40884397415,12.365575,1018.59163578813,0,636.619772367581,350.14087480217,31.8309886183791,0,0,0,0,0,12.096875,4.546875,12.4326058209854,5.75,321,9,355,NA,920211,3,17,4,1,4,"S",920220,1,109,1,"0109K08",446,4754,91,409,4,4,0,0,9,9,3,4,9,1,40,60,21,0,9,2,3,NA,NA,NA,NA,NA,NA,NA,NA,NA,NA,NA,NA,21,1,2,20,NA,NA,NA,NA,NA,NA,NA,NA,21,25,99,37,15,NA,NA,2,5,"G",20,NA,NA,NA,"1",1,2,NA,0,NA,0,0,NA,NA,"P204",162,NA,6,NA,"IFN2",20,409,21,19920211,1992,11,"IFN",0,0,0
"127",127,20028,"9_382",139306,21,211862.298611111,1414.71060526129,21,43,NA,211862.298611111,31262.0486111111,NA,1414.71060526129,141.471060526129,NA,20912.959522275,10523.6785148874,24.3124347222222,1556.18166578742,0,763.943726841098,381.971863420549,381.971863420549,28.2942121052258,0,0,0,0,13.4386363636364,6.7625,14.1038973498301,8.25714285714286,345,9,382,NA,920212,1,32,6,4,5,"S",920220,1,109,1,"0109M04",438,4746,91,416,4,4,0,0,7,7,2,2,9,1,40,80,21,0,8,1,3,NA,43,NA,2,NA,3,NA,NA,NA,NA,NA,NA,21,1,2,21,43,3,6,NA,NA,NA,NA,NA,21,43,78,57,45,15,NA,2,4,"W",20,NA,NA,NA,"1",1,2,NA,0,NA,0,0,NA,NA,"01",50,NA,2,NA,"IFN2",21,416,21,19920212,1992,11,"IFN",0,0,0
"128",128,20032,"9_393",139324,21,74675.75,477.464829275686,21,NA,NA,74675.75,NA,NA,477.464829275686,NA,NA,6646.31042351755,2371.40865206924,7.467575,477.464829275686,0,127.323954473516,318.309886183791,31.8309886183791,0,0,0,0,0,13.92,4.96666666666667,14.1115319272336,5.125,353,9,393,NA,920212,1,12,4,1,4,"S",920220,1,109,1,"0109M08",448,4744,91,217,3,3,0,0,10,10,2,3,9,1,40,50,21,0,9,2,3,NA,NA,NA,NA,NA,NA,NA,NA,NA,NA,NA,NA,21,3,1,NA,NA,NA,NA,NA,NA,NA,NA,NA,21,37,45,99,NA,NA,NA,3,5,"G",20,NA,NA,NA,"1",1,3,NA,0,NA,0,0,NA,NA,"01",223,NA,3.75,NA,"IFN2",19,217,21,19920212,1992,11,"IFN",0,0,0
"129",129,20033,"9_441",139402,21,104260.527777778,1287.38665078778,21,NA,NA,104260.527777778,NA,NA,1287.38665078778,NA,NA,12712.589498878,6265.39959305095,10.4260527777778,1287.38665078778,0,1177.74657888003,95.4929658551372,0,14.1471060526129,0,0,0,0,9.87472527472528,4.86675824175824,10.1545461588545,6.04838709677419,398,9,441,NA,920214,3,14,4,4,2,"S",920221,1,110,1,"0110K13",483,4756,91,908,2,2,0,0,6,6,2,2,9,1,40,40,21,0,0,2,3,NA,NA,NA,NA,NA,NA,NA,NA,NA,NA,NA,NA,21,1,2,15,NA,NA,NA,NA,NA,NA,NA,NA,21,44,95,71,15,NA,NA,3,4,"W",20,NA,NA,NA,"1",1,3,NA,2,NA,4,0,NA,NA,"01",40,NA,1.25,NA,"IFN2",15,908,21,19920214,1992,11,"IFN",0,0,0
"130",130,20034,"9_467",139446,21,139348.652777778,778.090832893711,21,44,NA,139348.652777778,8010.25,NA,778.090832893711,127.323954473516,NA,12601.1810387136,6500.59523117564,14.7358902777778,905.414787367227,0,381.971863420549,381.971863420549,127.323954473516,14.1471060526129,0,0,0,0,13.917578125,7.1796875,14.3952581439601,9.79032258064516,423,9,467,NA,920214,3,20,6,6,2,"S",920221,3,110,1,"0110K09",474,4753,91,209,6,6,0,0,7,7,3,4,9,1,70,70,21,0,7,4,3,NA,44,NA,1,NA,2,NA,NA,NA,NA,NA,NA,21,1,1,21,44,3,6,NA,NA,NA,NA,NA,21,44,15,78,95,42,NA,2,4,"W",20,NA,NA,NA,"1",1,3,NA,0,NA,0,0,NA,NA,"01",285,NA,6,NA,"IFN2",21,209,21,19920214,1992,11,"IFN",0,0,0
"131",131,20044,"9_610",139706,21,213315.166666667,615.399113288662,21,NA,NA,213315.166666667,NA,NA,615.399113288662,NA,NA,12646.8054557333,6306.07252295221,21.3315166666667,615.399113288662,0,31.8309886183791,159.154943091895,127.323954473516,268.795014999645,28.2942121052258,0,0,0,20.5505747126437,10.2471264367816,21.0081347134373,10.8125,556,9,610,NA,920225,1,31,4,0,4,"S",920227,1,134,1,"0134M07",419,4727,91,45,6,6,0,0,9,9,1,2,9,1,90,90,21,0,0,3,4,NA,NA,NA,NA,NA,NA,NA,NA,NA,NA,NA,NA,21,1,1,35,NA,NA,NA,NA,NA,NA,NA,NA,21,43,NA,NA,NA,NA,NA,1,7,"G",20,NA,NA,NA,"1",1,1,NA,0,NA,4,0,NA,NA,"01",133,NA,2.25,NA,"IFN2",35,45,21,19920225,1992,11,"IFN",0,0,0
"132",132,20045,"9_621",139719,21,223115.875,1305.07053335354,21,NA,NA,223115.875,NA,NA,1305.07053335354,NA,NA,19012.6495017578,8467.04297248883,22.3115875,1305.07053335354,0,381.971863420549,795.774715459477,127.323954473516,0,0,0,0,0,14.5682926829268,6.48780487804878,14.7537800034515,7.125,565,9,621,NA,920225,1,32,4,1,2,"S",920227,1,134,1,"0134M10",430,4725,91,395,4,4,0,0,10,10,1,1,9,1,50,60,21,9,9,2,3,44,NA,1,NA,3,NA,NA,NA,NA,NA,NA,NA,21,2,1,25,NA,NA,NA,NA,NA,NA,NA,NA,21,44,15,NA,NA,NA,NA,2,4,"W",20,NA,NA,NA,"1",1,2,NA,0,NA,4,0,NA,NA,"01",101,NA,0.25,NA,"IFN2",25,395,21,19920225,1992,11,"IFN",0,0,0
"133",133,20052,"9_68",139819,21,127261.8125,891.267681314614,21,NA,NA,127261.8125,NA,NA,891.267681314614,NA,NA,11648.5502848958,5172.5356504866,12.72618125,891.267681314614,0,381.971863420549,413.802852038928,95.4929658551372,0,0,0,0,0,13.0696428571429,5.80357142857143,13.4834190502897,6.5,64,9,68,NA,920128,1,19,5,2,2,"S",920210,1,84,1,"0084L10",449,4770,91,215,3,3,0,0,10,10,3,5,9,1,90,80,21,0,7,2,3,NA,43,NA,3,NA,2,NA,NA,NA,NA,NA,NA,21,1,2,25,43,3,6,NA,NA,NA,NA,NA,21,43,NA,NA,NA,NA,NA,2,3,"W",20,NA,NA,NA,"1",1,2,NA,0,NA,0,0,NA,NA,"01",149,NA,8.5,NA,"IFN2",25,215,21,19920128,1992,11,"IFN",0,0,0
"134",134,20054,"9_714",139872,21,230377.173611111,1174.20980236687,21,NA,NA,230377.173611111,NA,NA,1174.20980236687,NA,NA,18240.0406724595,9158.48278081029,23.0377173611111,1174.20980236687,0,254.647908947033,636.619772367581,254.647908947033,28.2942121052258,0,0,0,0,15.5338855421687,7.79969879518072,15.8052704435951,8.67142857142857,650,9,714,NA,920226,1,32,5,0,2,"S",920228,1,135,1,"0135M03",436,4726,91,905,4,4,0,0,9,9,1,2,9,1,50,50,21,0,9,2,3,NA,37,NA,1,NA,2,NA,NA,NA,NA,NA,NA,21,1,1,27,37,3,6,NA,NA,NA,NA,NA,21,37,99,NA,NA,NA,NA,2,3,"W",20,NA,NA,NA,"1",1,3,NA,0,NA,4,0,NA,NA,"01",9,NA,2,NA,"IFN2",27,905,21,19920226,1992,11,"IFN",0,0,0
"135",135,20055,"9_72",139881,21,36895.5555555556,219.2801438155,21,NA,NA,36895.5555555556,NA,NA,219.2801438155,NA,NA,3057.54329562097,919.56189341984,3.68955555555556,219.2801438155,0,127.323954473516,31.8309886183791,31.8309886183791,28.2942121052258,0,0,0,0,13.9435483870968,4.19354838709677,14.636675102786,4.19354838709677,68,9,72,NA,920128,1,5,4,1,2,"S",920206,1,84,1,"0084L02",432,4769,91,216,3,3,0,0,10,10,4,5,9,1,80,40,21,0,0,3,3,21,NA,0,NA,2,NA,NA,NA,NA,NA,NA,NA,21,1,2,20,NA,NA,NA,NA,NA,NA,NA,NA,21,65,78,NA,NA,NA,NA,2,3,"W",20,NA,NA,NA,"1",1,1,NA,0,NA,0,0,NA,NA,"01",68,NA,7.75,NA,"IFN2",20,216,21,19920128,1992,11,"IFN",0,0,0
"136",136,20056,"9_76",139966,21,96081.5625,668.45076098596,21,43,NA,96081.5625,20617.25,NA,668.45076098596,381.971863420549,NA,12154.663003928,5729.57795130823,11.66988125,1050.42262440651,0,668.45076098596,381.971863420549,0,0,0,0,0,0,11.5712121212121,5.45454545454545,11.8934059907415,5.75,72,9,76,NA,920128,1,18,4,2,2,"S",920206,1,84,1,"0084L10",449,4769,91,215,3,3,0,0,9,9,3,4,9,1,90,60,21,0,8,2,3,NA,43,NA,2,NA,2,NA,NA,NA,NA,NA,NA,21,1,2,20,43,3,6,NA,NA,NA,NA,NA,21,43,NA,NA,NA,NA,NA,2,3,"W",20,NA,NA,NA,"1",1,2,NA,1,NA,0,0,NA,NA,"01",183,NA,4.5,NA,"IFN2",20,215,21,19920128,1992,11,"IFN",0,0,0
"137",137,20060,"9_77",139985,21,30447.0625,413.802852038928,21,NA,NA,30447.0625,NA,NA,413.802852038928,NA,NA,3964.54963241911,1607.46492522814,3.04470625,413.802852038928,0,381.971863420549,31.8309886183791,0,0,0,0,0,0,9.58076923076923,3.88461538461538,9.6790117899902,4.5,73,9,77,NA,920128,1,4,4,2,2,"S",920206,1,84,1,"0084L10",450,4769,91,215,2,2,0,0,9,9,4,4,9,1,90,45,21,0,7,2,3,NA,43,NA,3,NA,2,NA,NA,NA,NA,NA,NA,21,1,2,20,43,3,6,NA,NA,NA,NA,NA,21,43,NA,NA,NA,NA,NA,2,3,"W",19,NA,NA,NA,"1",1,2,NA,1,NA,0,0,NA,NA,"01",177,NA,5,NA,"IFN2",20,215,21,19920128,1992,11,"IFN",0,0,0
"138",138,20121,"9_903",140232,21,13572.25,14.1471060526129,21,26,NA,13572.25,7028.02777777778,NA,14.1471060526129,14.1471060526129,NA,850.241073762036,304.162780131178,2.06002777777778,28.2942121052258,0,0,0,0,14.1471060526129,0,14.1471060526129,0,0,30.05,10.75,30.4468799715176,10.75,798,9,903,NA,920302,3,2,2,3,7,"S",920305,1,137,1,"0137K03",487,4737,91,412,2,2,0,0,7,7,4,5,9,1,80,50,45,0,4,4,2,NA,68,NA,3,NA,1,NA,91,NA,2,NA,1,45,2,3,10,68,2,3,10,91,2,3,10,45,68,91,21,26,37,NA,2,1,"W",17,NA,NA,NA,"2",1,2,NA,0,NA,0,0,NA,"M112","G412",3,NA,11.5,NA,"IFN2",10,412,21,19920302,1992,11,"IFN",0,0,0
"139",139,20127,"9_904",140234,21,46620.3169444445,79.3652649551585,21,45,44,46620.3169444445,30610.8402777778,9506.25,79.3652649551585,205.133037762887,127.323954473516,6387.94182567868,2219.6102041247,9.39341016666667,425.969363244175,0,254.647908947033,63.6619772367581,31.8309886183791,56.5884242104517,0,14.1471060526129,0,5.09295817894065,14.9962470939887,5.21072733311192,16.7562765767351,7.16425755584757,799,9,904,NA,920302,3,11,6,4,1,"S",920305,1,137,1,"0137K04",488,4737,91,412,2,2,0,0,9,9,5,5,9,1,80,80,45,8,5,3,2,44,21,1,3,3,4,45,44,1,1,3,2,45,3,6,NA,21,3,1,NA,44,3,6,NA,45,21,44,91,39,28,37,2,1,"W",17,NA,NA,NA,"1",1,2,NA,0,NA,0,0,NA,NA,"M204",75,290,10.25,7.25,"IFN2",9,412,21,19920302,1992,11,"IFN",0,0,0
"140",140,20131,"9_919",140262,21,179716.409722222,505.759041380912,21,25,NA,179716.409722222,125125.909722222,NA,505.759041380912,633.082995854428,NA,20408.9688691507,11666.0573286359,30.4842319444444,1138.84203723534,0,127.323954473516,413.802852038928,413.802852038928,155.618166578742,28.2942121052258,0,0,0,17.9208074534161,10.2437888198758,18.4612431867412,10.5,810,9,919,NA,920302,3,40,6,2,1,"S",920305,1,137,1,"0137L04",491,4733,91,54,4,4,0,0,10,10,3,4,9,1,60,80,21,0,7,4,3,NA,25,NA,2,NA,3,NA,NA,NA,NA,NA,NA,21,1,2,38,25,1,2,38,NA,NA,NA,NA,21,25,26,46,37,45,NA,1,2,"W",20,NA,NA,NA,"1",1,2,NA,3,2,3,4,NA,NA,"01",343,NA,5.25,NA,"IFN2",38,54,21,19920302,1992,11,"IFN",0,0,0
"141",141,20137,"9_924",140270,21,79797.1875,572.957795130823,21,NA,NA,79797.1875,NA,NA,572.957795130823,NA,NA,7169.93018628988,2864.78897565412,7.97971875,572.957795130823,0,254.647908947033,286.478897565412,31.8309886183791,0,0,0,0,0,12.5138888888889,5,13.3164215663719,6.25,815,9,924,NA,920302,3,12,4,2,4,"S",920305,1,137,1,"0137L03",489,4732,91,54,6,6,0,0,10,10,3,3,9,1,60,60,21,0,9,4,3,NA,NA,NA,NA,NA,NA,NA,NA,NA,NA,NA,NA,21,1,2,35,NA,NA,NA,NA,NA,NA,NA,NA,21,37,44,99,45,NA,NA,2,1,"W",20,NA,NA,NA,"1",1,3,NA,0,NA,0,0,NA,NA,"M204",269,NA,3.5,NA,"IFN2",35,54,21,19920302,1992,11,"IFN",0,0,0
"142",142,20138,"9_926",140273,21,216014.736111111,944.319329011912,21,46,45,216014.736111111,152063.25,36254.5,944.319329011912,1018.59163578813,509.295817894065,34177.6398348562,16097.6382996169,40.4332486111111,2472.20678269411,0,1145.91559026165,763.943726841098,477.464829275686,84.8826363156775,0,0,0,0,13.8247496423462,6.51144492131617,14.4305199840482,9.46969696969697,817,9,926,NA,920302,3,54,5,3,2,"S",920305,1,137,1,"0137L04",491,4732,91,54,6,6,0,0,8,8,3,3,9,1,90,95,21,0,9,3,3,NA,NA,NA,NA,NA,NA,NA,NA,NA,NA,NA,NA,21,1,2,33,NA,NA,NA,NA,NA,NA,NA,NA,21,46,45,37,68,NA,NA,2,3,"W",20,NA,NA,NA,"1",1,2,NA,0,NA,0,0,NA,NA,"01",217,NA,3.75,NA,"IFN2",33,54,21,19920302,1992,11,"IFN",0,0,0
"143",143,20163,"9_959",140333,21,150378.111111111,505.759041380912,21,44,25,150378.111111111,66730.3125,54079.4305555555,505.759041380912,668.45076098596,169.765272631355,20042.3819835624,11250.4860883404,27.1187854166667,1343.97507499823,0,763.943726841098,127.323954473516,268.795014999645,155.618166578742,28.2942121052258,0,0,0,14.9127631578947,8.37105263157895,16.0285622939341,11.625,690,9,959,NA,920228,3,32,6,3,3,"S",920303,3,138,1,"0138K06",522,4738,91,109,2,2,0,0,8,8,4,4,9,1,0,75,21,0,6,2,4,NA,25,NA,2,NA,4,NA,44,NA,1,NA,3,21,3,1,NA,25,3,1,NA,44,3,6,NA,21,25,44,15,74,95,71,2,2,"W",20,NA,NA,NA,"1",1,2,NA,0,NA,0,0,NA,NA,"01",308,NA,6,NA,"IFN2",29,109,21,19920228,1992,11,"IFN",0,0,0
